date,region,descriptive_house_price,descriptive_monthly_rent,descriptive_gross_yield_pct,model_aligned_observation
2005-01-01,East Midlands,130266.0,543.0,4.837803683597455,True
2005-01-02,East Midlands,131704.0,,,True
2005-01-03,East Midlands,132038.0,,,True
2005-01-04,East Midlands,133495.0,,,True
2005-01-05,East Midlands,135007.0,,,True
2005-01-06,East Midlands,134528.0,,,True
2005-01-07,East Midlands,136194.0,,,True
2005-01-08,East Midlands,137235.0,,,True
2005-01-09,East Midlands,136141.0,,,True
2005-01-10,East Midlands,137315.0,,,True
2005-01-11,East Midlands,137311.0,,,True
2005-01-12,East Midlands,137021.0,,,True
2005-02-01,East Midlands,,544.0,,True
2005-03-01,East Midlands,,544.0,,True
2005-04-01,East Midlands,,545.0,,True
2005-05-01,East Midlands,,545.0,,True
2005-06-01,East Midlands,,545.0,,True
2005-07-01,East Midlands,,546.0,,True
2005-08-01,East Midlands,,546.0,,True
2005-09-01,East Midlands,,547.0,,True
2005-10-01,East Midlands,,547.0,,True
2005-11-01,East Midlands,,548.0,,True
2005-12-01,East Midlands,,548.0,,True
2006-01-01,East Midlands,135237.0,549.0,4.6713976693797985,True
2006-01-02,East Midlands,135594.0,,,True
2006-01-03,East Midlands,136176.0,,,True
2006-01-04,East Midlands,140034.0,,,True
2006-01-05,East Midlands,139736.0,,,True
2006-01-06,East Midlands,140998.0,,,True
2006-01-07,East Midlands,143553.0,,,True
2006-01-08,East Midlands,144201.0,,,True
2006-01-09,East Midlands,142806.0,,,True
2006-01-10,East Midlands,144280.0,,,True
2006-01-11,East Midlands,144542.0,,,True
2006-01-12,East Midlands,146212.0,,,True
2006-02-01,East Midlands,,549.0,,True
2006-03-01,East Midlands,,550.0,,True
2006-04-01,East Midlands,,550.0,,True
2006-05-01,East Midlands,,550.0,,True
2006-06-01,East Midlands,,551.0,,True
2006-07-01,East Midlands,,551.0,,True
2006-08-01,East Midlands,,552.0,,True
2006-09-01,East Midlands,,552.0,,True
2006-10-01,East Midlands,,553.0,,True
2006-11-01,East Midlands,,553.0,,True
2006-12-01,East Midlands,,554.0,,True
2007-01-01,East Midlands,145749.0,554.0,4.435854715094968,True
2007-01-02,East Midlands,146373.0,,,True
2007-01-03,East Midlands,146938.0,,,True
2007-01-04,East Midlands,148340.0,,,True
2007-01-05,East Midlands,148733.0,,,True
2007-01-06,East Midlands,150425.0,,,True
2007-01-07,East Midlands,152049.0,,,True
2007-01-08,East Midlands,153128.0,,,True
2007-01-09,East Midlands,153623.0,,,True
2007-01-10,East Midlands,151721.0,,,True
2007-01-11,East Midlands,152106.0,,,True
2007-01-12,East Midlands,151415.0,,,True
2007-02-01,East Midlands,,555.0,,True
2007-03-01,East Midlands,,555.0,,True
2007-04-01,East Midlands,,555.0,,True
2007-05-01,East Midlands,,556.0,,True
2007-06-01,East Midlands,,556.0,,True
2007-07-01,East Midlands,,557.0,,True
2007-08-01,East Midlands,,557.0,,True
2007-09-01,East Midlands,,558.0,,True
2007-10-01,East Midlands,,558.0,,True
2007-11-01,East Midlands,,559.0,,True
2007-12-01,East Midlands,,559.0,,True
2008-01-01,East Midlands,147391.0,560.0,4.749982486617716,True
2008-01-02,East Midlands,147361.0,,,True
2008-01-03,East Midlands,146597.0,,,True
2008-01-04,East Midlands,146797.0,,,True
2008-01-05,East Midlands,146487.0,,,True
2008-01-06,East Midlands,145927.0,,,True
2008-01-07,East Midlands,145373.0,,,True
2008-01-08,East Midlands,140774.0,,,True
2008-01-09,East Midlands,137306.0,,,True
2008-01-10,East Midlands,134959.0,,,True
2008-01-11,East Midlands,129901.0,,,True
2008-01-12,East Midlands,129828.0,,,True
2008-02-01,East Midlands,,560.0,,True
2008-03-01,East Midlands,,561.0,,True
2008-04-01,East Midlands,,561.0,,True
2008-05-01,East Midlands,,561.0,,True
2008-06-01,East Midlands,,562.0,,True
2008-07-01,East Midlands,,562.0,,True
2008-08-01,East Midlands,,563.0,,True
2008-09-01,East Midlands,,563.0,,True
2008-10-01,East Midlands,,564.0,,True
2008-11-01,East Midlands,,564.0,,True
2008-12-01,East Midlands,,565.0,,True
2009-01-01,East Midlands,126834.0,565.0,5.256029470312558,True
2009-01-02,East Midlands,125062.0,,,True
2009-01-03,East Midlands,125099.0,,,True
2009-01-04,East Midlands,125539.0,,,True
2009-01-05,East Midlands,125063.0,,,True
2009-01-06,East Midlands,128177.0,,,True
2009-01-07,East Midlands,129273.0,,,True
2009-01-08,East Midlands,131288.0,,,True
2009-01-09,East Midlands,131430.0,,,True
2009-01-10,East Midlands,133220.0,,,True
2009-01-11,East Midlands,133403.0,,,True
2009-01-12,East Midlands,135375.0,,,True
2009-02-01,East Midlands,,566.0,,True
2009-03-01,East Midlands,,566.0,,True
2009-04-01,East Midlands,,567.0,,True
2009-05-01,East Midlands,,567.0,,True
2009-06-01,East Midlands,,568.0,,True
2009-07-01,East Midlands,,568.0,,True
2009-08-01,East Midlands,,569.0,,True
2009-09-01,East Midlands,,569.0,,True
2009-10-01,East Midlands,,569.0,,True
2009-11-01,East Midlands,,570.0,,True
2009-12-01,East Midlands,,570.0,,True
2010-01-01,East Midlands,131404.0,571.0,5.06612527502166,True
2010-01-02,East Midlands,134427.0,,,True
2010-01-03,East Midlands,132747.0,,,True
2010-01-04,East Midlands,134281.0,,,True
2010-01-05,East Midlands,136505.0,,,True
2010-01-06,East Midlands,136874.0,,,True
2010-01-07,East Midlands,137673.0,,,True
2010-01-08,East Midlands,138671.0,,,True
2010-01-09,East Midlands,136820.0,,,True
2010-01-10,East Midlands,135867.0,,,True
2010-01-11,East Midlands,134748.0,,,True
2010-01-12,East Midlands,133946.0,,,True
2010-02-01,East Midlands,,571.0,,True
2010-03-01,East Midlands,,572.0,,True
2010-04-01,East Midlands,,572.0,,True
2010-05-01,East Midlands,,573.0,,True
2010-06-01,East Midlands,,573.0,,True
2010-07-01,East Midlands,,574.0,,True
2010-08-01,East Midlands,,574.0,,True
2010-09-01,East Midlands,,575.0,,True
2010-10-01,East Midlands,,575.0,,True
2010-11-01,East Midlands,,576.0,,True
2010-12-01,East Midlands,,576.0,,True
2011-01-01,East Midlands,131361.0,577.0,5.21340626015108,True
2011-01-02,East Midlands,132133.0,,,True
2011-01-03,East Midlands,131333.0,,,True
2011-01-04,East Midlands,132018.0,,,True
2011-01-05,East Midlands,132368.0,,,True
2011-01-06,East Midlands,132685.0,,,True
2011-01-07,East Midlands,134868.0,,,True
2011-01-08,East Midlands,135410.0,,,True
2011-01-09,East Midlands,133771.0,,,True
2011-01-10,East Midlands,132402.0,,,True
2011-01-11,East Midlands,132729.0,,,True
2011-01-12,East Midlands,133580.0,,,True
2011-02-01,East Midlands,,577.0,,True
2011-03-01,East Midlands,,578.0,,True
2011-04-01,East Midlands,,578.0,,True
2011-05-01,East Midlands,,579.0,,True
2011-06-01,East Midlands,,579.0,,True
2011-07-01,East Midlands,,579.0,,True
2011-08-01,East Midlands,,580.0,,True
2011-09-01,East Midlands,,580.0,,True
2011-10-01,East Midlands,,581.0,,True
2011-11-01,East Midlands,,581.0,,True
2011-12-01,East Midlands,,582.0,,True
2012-01-01,East Midlands,131314.0,582.0,5.2377801360883955,True
2012-01-02,East Midlands,131057.0,,,True
2012-01-03,East Midlands,131946.0,,,True
2012-01-04,East Midlands,133308.0,,,True
2012-01-05,East Midlands,133126.0,,,True
2012-01-06,East Midlands,134289.0,,,True
2012-01-07,East Midlands,135757.0,,,True
2012-01-08,East Midlands,134611.0,,,True
2012-01-09,East Midlands,134099.0,,,True
2012-01-10,East Midlands,134228.0,,,True
2012-01-11,East Midlands,134340.0,,,True
2012-01-12,East Midlands,133825.0,,,True
2012-02-01,East Midlands,,583.0,,True
2012-03-01,East Midlands,,583.0,,True
2012-04-01,East Midlands,,584.0,,True
2012-05-01,East Midlands,,584.0,,True
2012-06-01,East Midlands,,585.0,,True
2012-07-01,East Midlands,,585.0,,True
2012-08-01,East Midlands,,586.0,,True
2012-09-01,East Midlands,,586.0,,True
2012-10-01,East Midlands,,587.0,,True
2012-11-01,East Midlands,,587.0,,True
2012-12-01,East Midlands,,588.0,,True
2013-01-01,East Midlands,132438.0,588.0,5.180097737923769,True
2013-01-02,East Midlands,132498.0,,,True
2013-01-03,East Midlands,133425.0,,,True
2013-01-04,East Midlands,134150.0,,,True
2013-01-05,East Midlands,135785.0,,,True
2013-01-06,East Midlands,136126.0,,,True
2013-01-07,East Midlands,137251.0,,,True
2013-01-08,East Midlands,138691.0,,,True
2013-01-09,East Midlands,138231.0,,,True
2013-01-10,East Midlands,139089.0,,,True
2013-01-11,East Midlands,138201.0,,,True
2013-01-12,East Midlands,140532.0,,,True
2013-02-01,East Midlands,,589.0,,True
2013-03-01,East Midlands,,589.0,,True
2013-04-01,East Midlands,,590.0,,True
2013-05-01,East Midlands,,590.0,,True
2013-06-01,East Midlands,,591.0,,True
2013-07-01,East Midlands,,591.0,,True
2013-08-01,East Midlands,,592.0,,True
2013-09-01,East Midlands,,592.0,,True
2013-10-01,East Midlands,,593.0,,True
2013-11-01,East Midlands,,593.0,,True
2013-12-01,East Midlands,,594.0,,True
2014-01-01,East Midlands,139876.0,594.0,4.901626319681833,True
2014-01-02,East Midlands,141302.0,,,True
2014-01-03,East Midlands,141019.0,,,True
2014-01-04,East Midlands,143784.0,,,True
2014-01-05,East Midlands,144447.0,,,True
2014-01-06,East Midlands,145839.0,,,True
2014-01-07,East Midlands,146999.0,,,True
2014-01-08,East Midlands,149286.0,,,True
2014-01-09,East Midlands,149507.0,,,True
2014-01-10,East Midlands,148455.0,,,True
2014-01-11,East Midlands,148299.0,,,True
2014-01-12,East Midlands,148199.0,,,True
2014-02-01,East Midlands,,595.0,,True
2014-03-01,East Midlands,,595.0,,True
2014-04-01,East Midlands,,596.0,,True
2014-05-01,East Midlands,,596.0,,True
2014-06-01,East Midlands,,597.0,,True
2014-07-01,East Midlands,,597.0,,True
2014-08-01,East Midlands,,598.0,,True
2014-09-01,East Midlands,,598.0,,True
2014-10-01,East Midlands,,599.0,,True
2014-11-01,East Midlands,,599.0,,True
2014-12-01,East Midlands,,600.0,,True
2015-01-01,East Midlands,147972.0,600.0,4.6884609669137225,True
2015-01-02,East Midlands,148493.0,,,True
2015-01-03,East Midlands,148992.0,,,True
2015-01-04,East Midlands,149909.0,,,True
2015-01-05,East Midlands,151863.0,,,True
2015-01-06,East Midlands,153067.0,,,True
2015-01-07,East Midlands,155205.0,,,True
2015-01-08,East Midlands,157157.0,,,True
2015-01-09,East Midlands,156162.0,,,True
2015-01-10,East Midlands,157700.0,,,True
2015-01-11,East Midlands,158364.0,,,True
2015-01-12,East Midlands,158962.0,,,True
2015-02-01,East Midlands,,600.0,,True
2015-03-01,East Midlands,,601.0,,True
2015-04-01,East Midlands,,601.0,,True
2015-05-01,East Midlands,,602.0,,True
2015-06-01,East Midlands,,602.0,,True
2015-07-01,East Midlands,,603.0,,True
2015-08-01,East Midlands,,603.0,,True
2015-09-01,East Midlands,,604.0,,True
2015-10-01,East Midlands,,604.0,,True
2015-11-01,East Midlands,,605.0,,True
2015-12-01,East Midlands,,605.0,,True
2016-01-01,East Midlands,158831.0,606.0,4.447213771701548,True
2016-01-02,East Midlands,158290.0,,,True
2016-01-03,East Midlands,159052.0,,,True
2016-01-04,East Midlands,161689.0,,,True
2016-01-05,East Midlands,162514.0,,,True
2016-01-06,East Midlands,163785.0,,,True
2016-01-07,East Midlands,165414.0,,,True
2016-01-08,East Midlands,166249.0,,,True
2016-01-09,East Midlands,166849.0,,,True
2016-01-10,East Midlands,166085.0,,,True
2016-01-11,East Midlands,167427.0,,,True
2016-01-12,East Midlands,168191.0,,,True
2016-02-01,East Midlands,,607.0,,True
2016-03-01,East Midlands,,607.0,,True
2016-04-01,East Midlands,,608.0,,True
2016-05-01,East Midlands,,608.0,,True
2016-06-01,East Midlands,,609.0,,True
2016-07-01,East Midlands,,609.0,,True
2016-08-01,East Midlands,,610.0,,True
2016-09-01,East Midlands,,610.0,,True
2016-10-01,East Midlands,,611.0,,True
2016-11-01,East Midlands,,611.0,,True
2016-12-01,East Midlands,,612.0,,True
2017-01-01,East Midlands,166547.0,612.0,4.2360967065385235,True
2017-01-02,East Midlands,168619.0,,,True
2017-01-03,East Midlands,168470.0,,,True
2017-01-04,East Midlands,171346.0,,,True
2017-01-05,East Midlands,172332.0,,,True
2017-01-06,East Midlands,173524.0,,,True
2017-01-07,East Midlands,176382.0,,,True
2017-01-08,East Midlands,175988.0,,,True
2017-01-09,East Midlands,177002.0,,,True
2017-01-10,East Midlands,177222.0,,,True
2017-01-11,East Midlands,177154.0,,,True
2017-01-12,East Midlands,178086.0,,,True
2017-02-01,East Midlands,,613.0,,True
2017-03-01,East Midlands,,613.0,,True
2017-04-01,East Midlands,,614.0,,True
2017-05-01,East Midlands,,614.0,,True
2017-06-01,East Midlands,,615.0,,True
2017-07-01,East Midlands,,615.0,,True
2017-08-01,East Midlands,,616.0,,True
2017-09-01,East Midlands,,616.0,,True
2017-10-01,East Midlands,,617.0,,True
2017-11-01,East Midlands,,617.0,,True
2017-12-01,East Midlands,,618.0,,True
2018-01-01,East Midlands,177732.0,618.0,4.064485752765682,True
2018-01-02,East Midlands,180294.0,,,True
2018-01-03,East Midlands,177993.0,,,True
2018-01-04,East Midlands,180334.0,,,True
2018-01-05,East Midlands,181826.0,,,True
2018-01-06,East Midlands,182243.0,,,True
2018-01-07,East Midlands,184142.0,,,True
2018-01-08,East Midlands,185470.0,,,True
2018-01-09,East Midlands,186856.0,,,True
2018-01-10,East Midlands,184561.0,,,True
2018-01-11,East Midlands,185825.0,,,True
2018-01-12,East Midlands,184588.0,,,True
2018-02-01,East Midlands,,619.0,,True
2018-03-01,East Midlands,,619.0,,True
2018-04-01,East Midlands,,620.0,,True
2018-05-01,East Midlands,,620.0,,True
2018-06-01,East Midlands,,621.0,,True
2018-07-01,East Midlands,,621.0,,True
2018-08-01,East Midlands,,622.0,,True
2018-09-01,East Midlands,,622.0,,True
2018-10-01,East Midlands,,623.0,,True
2018-11-01,East Midlands,,623.0,,True
2018-12-01,East Midlands,,624.0,,True
2019-01-01,East Midlands,184148.0,624.0,4.0332878972666615,True
2019-01-02,East Midlands,183910.0,,,True
2019-01-03,East Midlands,183521.0,,,True
2019-01-04,East Midlands,184470.0,,,True
2019-01-05,East Midlands,184812.0,,,True
2019-01-06,East Midlands,184910.0,,,True
2019-01-07,East Midlands,186307.0,,,True
2019-01-08,East Midlands,188104.0,,,True
2019-01-09,East Midlands,187643.0,,,True
2019-01-10,East Midlands,187487.0,,,True
2019-01-11,East Midlands,187649.0,,,True
2019-01-12,East Midlands,187279.0,,,True
2019-02-01,East Midlands,,625.0,,True
2019-03-01,East Midlands,,625.0,,True
2019-04-01,East Midlands,,626.0,,True
2019-05-01,East Midlands,,626.0,,True
2019-06-01,East Midlands,,627.0,,True
2019-07-01,East Midlands,,627.0,,True
2019-08-01,East Midlands,,628.0,,True
2019-09-01,East Midlands,,629.0,,True
2019-10-01,East Midlands,,629.0,,True
2019-11-01,East Midlands,,630.0,,True
2019-12-01,East Midlands,,630.0,,True
2020-01-01,East Midlands,187868.0,631.0,3.9394590696997223,True
2020-01-02,East Midlands,186308.0,,,True
2020-01-03,East Midlands,188446.0,,,True
2020-01-04,East Midlands,187949.0,,,True
2020-01-05,East Midlands,187382.0,,,True
2020-01-06,East Midlands,191136.0,,,True
2020-01-07,East Midlands,193004.0,,,True
2020-01-08,East Midlands,193470.0,,,True
2020-01-09,East Midlands,194142.0,,,True
2020-01-10,East Midlands,196846.0,,,True
2020-01-11,East Midlands,199379.0,,,True
2020-01-12,East Midlands,201798.0,,,True
2020-02-01,East Midlands,,631.0,,True
2020-03-01,East Midlands,,632.0,,True
2020-04-01,East Midlands,,632.0,,True
2020-05-01,East Midlands,,633.0,,True
2020-06-01,East Midlands,,633.0,,True
2020-07-01,East Midlands,,634.0,,True
2020-08-01,East Midlands,,634.0,,True
2020-09-01,East Midlands,,635.0,,True
2020-10-01,East Midlands,,635.0,,True
2020-11-01,East Midlands,,636.0,,True
2020-12-01,East Midlands,,636.0,,True
2021-01-01,East Midlands,202133.0,637.0,3.655549244521416,True
2021-01-02,East Midlands,204514.0,,,True
2021-01-03,East Midlands,205588.0,,,True
2021-01-04,East Midlands,202601.0,,,True
2021-01-05,East Midlands,203546.0,,,True
2021-01-06,East Midlands,215392.0,,,True
2021-01-07,East Midlands,202813.0,,,True
2021-01-08,East Midlands,209343.0,,,True
2021-01-09,East Midlands,217444.0,,,True
2021-01-10,East Midlands,212790.0,,,True
2021-01-11,East Midlands,216112.0,,,True
2021-01-12,East Midlands,218318.0,,,True
2021-02-01,East Midlands,,637.0,,True
2021-03-01,East Midlands,,638.0,,True
2021-04-01,East Midlands,,638.0,,True
2021-05-01,East Midlands,,639.0,,True
2021-06-01,East Midlands,,640.0,,True
2021-07-01,East Midlands,,640.0,,True
2021-08-01,East Midlands,,641.0,,True
2021-09-01,East Midlands,,641.0,,True
2021-10-01,East Midlands,,642.0,,True
2021-11-01,East Midlands,,642.0,,True
2021-12-01,East Midlands,,643.0,,True
2022-01-01,East Midlands,219956.0,643.0,3.3498086711644963,True
2022-01-02,East Midlands,221012.0,,,True
2022-01-03,East Midlands,222760.0,,,True
2022-01-04,East Midlands,224769.0,,,True
2022-01-05,East Midlands,226878.0,,,True
2022-01-06,East Midlands,231038.0,,,True
2022-01-07,East Midlands,233487.0,,,True
2022-01-08,East Midlands,237151.0,,,True
2022-01-09,East Midlands,236940.0,,,True
2022-01-10,East Midlands,237264.0,,,True
2022-01-11,East Midlands,237753.0,,,True
2022-01-12,East Midlands,237956.0,,,True
2022-02-01,East Midlands,,644.0,,True
2022-03-01,East Midlands,,644.0,,True
2022-04-01,East Midlands,,645.0,,True
2022-05-01,East Midlands,,645.0,,True
2022-06-01,East Midlands,,646.0,,True
2022-07-01,East Midlands,,646.0,,True
2022-08-01,East Midlands,,647.0,,True
2022-09-01,East Midlands,,648.0,,True
2022-10-01,East Midlands,,648.0,,True
2022-11-01,East Midlands,,649.0,,True
2022-12-01,East Midlands,,649.0,,True
2023-01-01,East Midlands,235315.0,650.0,3.3574243685021337,True
2023-01-02,East Midlands,232456.0,,,True
2023-01-03,East Midlands,229868.0,,,True
2023-01-04,East Midlands,230965.0,,,True
2023-01-05,East Midlands,229615.0,,,True
2023-01-06,East Midlands,232790.0,,,True
2023-01-07,East Midlands,233810.0,,,True
2023-01-08,East Midlands,235914.0,,,True
2023-01-09,East Midlands,233437.0,,,True
2023-01-10,East Midlands,232325.0,,,True
2023-01-11,East Midlands,233029.0,,,True
2023-01-12,East Midlands,229757.0,,,True
2023-02-01,East Midlands,,650.0,,True
2023-03-01,East Midlands,,651.0,,True
2023-04-01,East Midlands,,651.0,,True
2023-05-01,East Midlands,,652.0,,True
2023-06-01,East Midlands,,652.0,,True
2023-07-01,East Midlands,,653.0,,True
2023-08-01,East Midlands,,653.0,,True
2023-09-01,East Midlands,,654.0,,True
2023-10-01,East Midlands,,655.0,,True
2023-11-01,East Midlands,,655.0,,True
2023-12-01,East Midlands,,656.0,,True
2024-01-01,East Midlands,227053.0,656.0,3.3990546199608187,True
2024-01-02,East Midlands,227623.0,,,False
2024-01-03,East Midlands,227703.0,,,False
2024-01-04,East Midlands,227940.0,,,False
2024-01-05,East Midlands,230613.0,,,False
2024-01-06,East Midlands,228627.0,,,False
2024-01-07,East Midlands,233319.0,,,False
2024-01-08,East Midlands,234304.0,,,False
2024-01-09,East Midlands,234886.0,,,False
2024-01-10,East Midlands,236104.0,,,False
2024-01-11,East Midlands,235874.0,,,False
2024-01-12,East Midlands,237904.0,,,False
2024-02-01,East Midlands,,657.0,,False
2024-03-01,East Midlands,,657.0,,False
2024-04-01,East Midlands,,658.0,,False
2024-05-01,East Midlands,,658.0,,False
2024-06-01,East Midlands,,659.0,,False
2024-07-01,East Midlands,,659.0,,False
2024-08-01,East Midlands,,660.0,,False
2024-09-01,East Midlands,,661.0,,False
2024-10-01,East Midlands,,661.0,,False
2024-11-01,East Midlands,,662.0,,False
2024-12-01,East Midlands,,662.0,,False
2025-01-01,East Midlands,236516.0,,,False
2025-01-02,East Midlands,236549.0,,,False
2025-01-03,East Midlands,240186.0,,,False
2025-01-04,East Midlands,229755.0,,,False
2025-01-05,East Midlands,234704.0,,,False
2025-01-06,East Midlands,236782.0,,,False
2025-01-07,East Midlands,239858.0,,,False
2025-01-08,East Midlands,243194.0,,,False
2025-01-09,East Midlands,241136.0,,,False
2025-01-10,East Midlands,242314.0,,,False
2025-01-11,East Midlands,243924.0,,,False
2025-01-12,East Midlands,242550.0,,,False
2026-01-01,East Midlands,241497.0,,,False
2005-01-01,East of England,173457.0,724.0,4.961636609757524,True
2005-01-02,East of England,171709.0,,,True
2005-01-03,East of England,171895.0,,,True
2005-01-04,East of England,172440.0,,,True
2005-01-05,East of England,175216.0,,,True
2005-01-06,East of England,176173.0,,,True
2005-01-07,East of England,177374.0,,,True
2005-01-08,East of England,177064.0,,,True
2005-01-09,East of England,177457.0,,,True
2005-01-10,East of England,176487.0,,,True
2005-01-11,East of England,176303.0,,,True
2005-01-12,East of England,177602.0,,,True
2005-02-01,East of England,,725.0,,True
2005-03-01,East of England,,725.0,,True
2005-04-01,East of England,,726.0,,True
2005-05-01,East of England,,727.0,,True
2005-06-01,East of England,,727.0,,True
2005-07-01,East of England,,728.0,,True
2005-08-01,East of England,,728.0,,True
2005-09-01,East of England,,729.0,,True
2005-10-01,East of England,,730.0,,True
2005-11-01,East of England,,730.0,,True
2005-12-01,East of England,,731.0,,True
2006-01-01,East of England,177088.0,731.0,4.750282111092283,True
2006-01-02,East of England,177314.0,,,True
2006-01-03,East of England,178701.0,,,True
2006-01-04,East of England,181493.0,,,True
2006-01-05,East of England,183080.0,,,True
2006-01-06,East of England,183356.0,,,True
2006-01-07,East of England,187016.0,,,True
2006-01-08,East of England,188674.0,,,True
2006-01-09,East of England,188742.0,,,True
2006-01-10,East of England,190015.0,,,True
2006-01-11,East of England,190676.0,,,True
2006-01-12,East of England,192829.0,,,True
2006-02-01,East of England,,732.0,,True
2006-03-01,East of England,,733.0,,True
2006-04-01,East of England,,733.0,,True
2006-05-01,East of England,,734.0,,True
2006-06-01,East of England,,735.0,,True
2006-07-01,East of England,,735.0,,True
2006-08-01,East of England,,736.0,,True
2006-09-01,East of England,,736.0,,True
2006-10-01,East of England,,737.0,,True
2006-11-01,East of England,,738.0,,True
2006-12-01,East of England,,738.0,,True
2007-01-01,East of England,192919.0,739.0,4.400619023054641,True
2007-01-02,East of England,193326.0,,,True
2007-01-03,East of England,194938.0,,,True
2007-01-04,East of England,197352.0,,,True
2007-01-05,East of England,199249.0,,,True
2007-01-06,East of England,202727.0,,,True
2007-01-07,East of England,204615.0,,,True
2007-01-08,East of England,206015.0,,,True
2007-01-09,East of England,206877.0,,,True
2007-01-10,East of England,206703.0,,,True
2007-01-11,East of England,207394.0,,,True
2007-01-12,East of England,207181.0,,,True
2007-02-01,East of England,,739.0,,True
2007-03-01,East of England,,740.0,,True
2007-04-01,East of England,,741.0,,True
2007-05-01,East of England,,741.0,,True
2007-06-01,East of England,,742.0,,True
2007-07-01,East of England,,742.0,,True
2007-08-01,East of England,,743.0,,True
2007-09-01,East of England,,744.0,,True
2007-10-01,East of England,,744.0,,True
2007-11-01,East of England,,745.0,,True
2007-12-01,East of England,,746.0,,True
2008-01-01,East of England,205481.0,746.0,4.634430821033902,True
2008-01-02,East of England,203657.0,,,True
2008-01-03,East of England,201237.0,,,True
2008-01-04,East of England,199998.0,,,True
2008-01-05,East of England,201866.0,,,True
2008-01-06,East of England,198801.0,,,True
2008-01-07,East of England,198177.0,,,True
2008-01-08,East of England,191127.0,,,True
2008-01-09,East of England,186404.0,,,True
2008-01-10,East of England,181730.0,,,True
2008-01-11,East of England,176595.0,,,True
2008-01-12,East of England,174953.0,,,True
2008-02-01,East of England,,747.0,,True
2008-03-01,East of England,,747.0,,True
2008-04-01,East of England,,748.0,,True
2008-05-01,East of England,,749.0,,True
2008-06-01,East of England,,749.0,,True
2008-07-01,East of England,,750.0,,True
2008-08-01,East of England,,751.0,,True
2008-09-01,East of England,,751.0,,True
2008-10-01,East of England,,752.0,,True
2008-11-01,East of England,,752.0,,True
2008-12-01,East of England,,753.0,,True
2009-01-01,East of England,173660.0,754.0,5.1578739439615875,True
2009-01-02,East of England,169793.0,,,True
2009-01-03,East of England,166473.0,,,True
2009-01-04,East of England,169102.0,,,True
2009-01-05,East of England,172064.0,,,True
2009-01-06,East of England,171951.0,,,True
2009-01-07,East of England,176546.0,,,True
2009-01-08,East of England,178649.0,,,True
2009-01-09,East of England,180764.0,,,True
2009-01-10,East of England,181000.0,,,True
2009-01-11,East of England,182568.0,,,True
2009-01-12,East of England,183414.0,,,True
2009-02-01,East of England,,754.0,,True
2009-03-01,East of England,,755.0,,True
2009-04-01,East of England,,756.0,,True
2009-05-01,East of England,,756.0,,True
2009-06-01,East of England,,757.0,,True
2009-07-01,East of England,,757.0,,True
2009-08-01,East of England,,758.0,,True
2009-09-01,East of England,,759.0,,True
2009-10-01,East of England,,759.0,,True
2009-11-01,East of England,,760.0,,True
2009-12-01,East of England,,761.0,,True
2010-01-01,East of England,185910.0,761.0,4.827347929517551,True
2010-01-02,East of England,186038.0,,,True
2010-01-03,East of England,186186.0,,,True
2010-01-04,East of England,189108.0,,,True
2010-01-05,East of England,189953.0,,,True
2010-01-06,East of England,189548.0,,,True
2010-01-07,East of England,192765.0,,,True
2010-01-08,East of England,192039.0,,,True
2010-01-09,East of England,192988.0,,,True
2010-01-10,East of England,189904.0,,,True
2010-01-11,East of England,189238.0,,,True
2010-01-12,East of England,188378.0,,,True
2010-02-01,East of England,,762.0,,True
2010-03-01,East of England,,762.0,,True
2010-04-01,East of England,,763.0,,True
2010-05-01,East of England,,764.0,,True
2010-06-01,East of England,,764.0,,True
2010-07-01,East of England,,765.0,,True
2010-08-01,East of England,,766.0,,True
2010-09-01,East of England,,766.0,,True
2010-10-01,East of England,,767.0,,True
2010-11-01,East of England,,768.0,,True
2010-12-01,East of England,,768.0,,True
2011-01-01,East of England,187409.0,769.0,4.907355851073019,True
2011-01-02,East of England,185272.0,,,True
2011-01-03,East of England,186529.0,,,True
2011-01-04,East of England,187388.0,,,True
2011-01-05,East of England,187664.0,,,True
2011-01-06,East of England,187093.0,,,True
2011-01-07,East of England,189751.0,,,True
2011-01-08,East of England,190567.0,,,True
2011-01-09,East of England,188774.0,,,True
2011-01-10,East of England,188720.0,,,True
2011-01-11,East of England,189577.0,,,True
2011-01-12,East of England,188765.0,,,True
2011-02-01,East of England,,769.0,,True
2011-03-01,East of England,,770.0,,True
2011-04-01,East of England,,771.0,,True
2011-05-01,East of England,,771.0,,True
2011-06-01,East of England,,772.0,,True
2011-07-01,East of England,,773.0,,True
2011-08-01,East of England,,773.0,,True
2011-09-01,East of England,,774.0,,True
2011-10-01,East of England,,775.0,,True
2011-11-01,East of England,,775.0,,True
2011-12-01,East of England,,776.0,,True
2012-01-01,East of England,189852.0,776.0,4.8672096717782924,True
2012-01-02,East of England,188281.0,,,True
2012-01-03,East of England,187072.0,,,True
2012-01-04,East of England,190794.0,,,True
2012-01-05,East of England,191630.0,,,True
2012-01-06,East of England,191456.0,,,True
2012-01-07,East of England,194079.0,,,True
2012-01-08,East of England,194117.0,,,True
2012-01-09,East of England,192957.0,,,True
2012-01-10,East of England,193648.0,,,True
2012-01-11,East of England,192932.0,,,True
2012-01-12,East of England,191994.0,,,True
2012-02-01,East of England,,777.0,,True
2012-03-01,East of England,,778.0,,True
2012-04-01,East of England,,778.0,,True
2012-05-01,East of England,,779.0,,True
2012-06-01,East of England,,780.0,,True
2012-07-01,East of England,,780.0,,True
2012-08-01,East of England,,781.0,,True
2012-09-01,East of England,,782.0,,True
2012-10-01,East of England,,782.0,,True
2012-11-01,East of England,,783.0,,True
2012-12-01,East of England,,784.0,,True
2013-01-01,East of England,192142.0,784.0,4.775187275291827,True
2013-01-02,East of England,190370.0,,,True
2013-01-03,East of England,194147.0,,,True
2013-01-04,East of England,194595.0,,,True
2013-01-05,East of England,193843.0,,,True
2013-01-06,East of England,196002.0,,,True
2013-01-07,East of England,199137.0,,,True
2013-01-08,East of England,200041.0,,,True
2013-01-09,East of England,199877.0,,,True
2013-01-10,East of England,201547.0,,,True
2013-01-11,East of England,200471.0,,,True
2013-01-12,East of England,205065.0,,,True
2013-02-01,East of England,,785.0,,True
2013-03-01,East of England,,786.0,,True
2013-04-01,East of England,,786.0,,True
2013-05-01,East of England,,787.0,,True
2013-06-01,East of England,,787.0,,True
2013-07-01,East of England,,788.0,,True
2013-08-01,East of England,,789.0,,True
2013-09-01,East of England,,789.0,,True
2013-10-01,East of England,,790.0,,True
2013-11-01,East of England,,791.0,,True
2013-12-01,East of England,,791.0,,True
2014-01-01,East of England,203602.0,792.0,4.401323049800995,True
2014-01-02,East of England,205151.0,,,True
2014-01-03,East of England,206108.0,,,True
2014-01-04,East of England,210280.0,,,True
2014-01-05,East of England,213895.0,,,True
2014-01-06,East of England,215704.0,,,True
2014-01-07,East of England,219457.0,,,True
2014-01-08,East of England,221782.0,,,True
2014-01-09,East of England,223836.0,,,True
2014-01-10,East of England,224885.0,,,True
2014-01-11,East of England,223944.0,,,True
2014-01-12,East of England,224758.0,,,True
2014-02-01,East of England,,793.0,,True
2014-03-01,East of England,,793.0,,True
2014-04-01,East of England,,794.0,,True
2014-05-01,East of England,,795.0,,True
2014-06-01,East of England,,795.0,,True
2014-07-01,East of England,,796.0,,True
2014-08-01,East of England,,797.0,,True
2014-09-01,East of England,,797.0,,True
2014-10-01,East of England,,798.0,,True
2014-11-01,East of England,,799.0,,True
2014-12-01,East of England,,799.0,,True
2015-01-01,East of England,225847.0,800.0,4.050467839996403,True
2015-01-02,East of England,226943.0,,,True
2015-01-03,East of England,227055.0,,,True
2015-01-04,East of England,229445.0,,,True
2015-01-05,East of England,232551.0,,,True
2015-01-06,East of England,233631.0,,,True
2015-01-07,East of England,239245.0,,,True
2015-01-08,East of England,241945.0,,,True
2015-01-09,East of England,244652.0,,,True
2015-01-10,East of England,245823.0,,,True
2015-01-11,East of England,249124.0,,,True
2015-01-12,East of England,250225.0,,,True
2015-02-01,East of England,,801.0,,True
2015-03-01,East of England,,801.0,,True
2015-04-01,East of England,,802.0,,True
2015-05-01,East of England,,803.0,,True
2015-06-01,East of England,,803.0,,True
2015-07-01,East of England,,804.0,,True
2015-08-01,East of England,,805.0,,True
2015-09-01,East of England,,805.0,,True
2015-10-01,East of England,,806.0,,True
2015-11-01,East of England,,807.0,,True
2015-12-01,East of England,,807.0,,True
2016-01-01,East of England,252519.0,808.0,3.6796800124375006,True
2016-01-02,East of England,252732.0,,,True
2016-01-03,East of England,256923.0,,,True
2016-01-04,East of England,256970.0,,,True
2016-01-05,East of England,261564.0,,,True
2016-01-06,East of England,264489.0,,,True
2016-01-07,East of England,267798.0,,,True
2016-01-08,East of England,268266.0,,,True
2016-01-09,East of England,270191.0,,,True
2016-01-10,East of England,269689.0,,,True
2016-01-11,East of England,270473.0,,,True
2016-01-12,East of England,273009.0,,,True
2016-02-01,East of England,,809.0,,True
2016-03-01,East of England,,809.0,,True
2016-04-01,East of England,,810.0,,True
2016-05-01,East of England,,811.0,,True
2016-06-01,East of England,,811.0,,True
2016-07-01,East of England,,812.0,,True
2016-08-01,East of England,,813.0,,True
2016-09-01,East of England,,813.0,,True
2016-10-01,East of England,,814.0,,True
2016-11-01,East of England,,815.0,,True
2016-12-01,East of England,,815.0,,True
2017-01-01,East of England,272123.0,816.0,3.495040371282656,True
2017-01-02,East of England,274329.0,,,True
2017-01-03,East of England,272504.0,,,True
2017-01-04,East of England,276523.0,,,True
2017-01-05,East of England,279053.0,,,True
2017-01-06,East of England,280366.0,,,True
2017-01-07,East of England,284682.0,,,True
2017-01-08,East of England,284475.0,,,True
2017-01-09,East of England,285274.0,,,True
2017-01-10,East of England,285404.0,,,True
2017-01-11,East of England,284088.0,,,True
2017-01-12,East of England,285947.0,,,True
2017-02-01,East of England,,817.0,,True
2017-03-01,East of England,,817.0,,True
2017-04-01,East of England,,818.0,,True
2017-05-01,East of England,,819.0,,True
2017-06-01,East of England,,819.0,,True
2017-07-01,East of England,,820.0,,True
2017-08-01,East of England,,821.0,,True
2017-09-01,East of England,,822.0,,True
2017-10-01,East of England,,822.0,,True
2017-11-01,East of England,,823.0,,True
2017-12-01,East of England,,824.0,,True
2018-01-01,East of England,285873.0,824.0,3.4436110145695467,True
2018-01-02,East of England,285219.0,,,True
2018-01-03,East of England,283450.0,,,True
2018-01-04,East of England,284595.0,,,True
2018-01-05,East of England,285156.0,,,True
2018-01-06,East of England,286389.0,,,True
2018-01-07,East of England,290809.0,,,True
2018-01-08,East of England,290907.0,,,True
2018-01-09,East of England,289461.0,,,True
2018-01-10,East of England,289927.0,,,True
2018-01-11,East of England,290306.0,,,True
2018-01-12,East of England,287775.0,,,True
2018-02-01,East of England,,825.0,,True
2018-03-01,East of England,,826.0,,True
2018-04-01,East of England,,826.0,,True
2018-05-01,East of England,,827.0,,True
2018-06-01,East of England,,828.0,,True
2018-07-01,East of England,,828.0,,True
2018-08-01,East of England,,829.0,,True
2018-09-01,East of England,,830.0,,True
2018-10-01,East of England,,830.0,,True
2018-11-01,East of England,,831.0,,True
2018-12-01,East of England,,832.0,,True
2019-01-01,East of England,285588.0,832.0,3.4895980003584093,True
2019-01-02,East of England,286748.0,,,True
2019-01-03,East of England,283751.0,,,True
2019-01-04,East of England,284922.0,,,True
2019-01-05,East of England,285640.0,,,True
2019-01-06,East of England,285274.0,,,True
2019-01-07,East of England,288264.0,,,True
2019-01-08,East of England,287428.0,,,True
2019-01-09,East of England,288709.0,,,True
2019-01-10,East of England,287808.0,,,True
2019-01-11,East of England,285806.0,,,True
2019-01-12,East of England,287478.0,,,True
2019-02-01,East of England,,833.0,,True
2019-03-01,East of England,,834.0,,True
2019-04-01,East of England,,835.0,,True
2019-05-01,East of England,,835.0,,True
2019-06-01,East of England,,836.0,,True
2019-07-01,East of England,,837.0,,True
2019-08-01,East of England,,837.0,,True
2019-09-01,East of England,,838.0,,True
2019-10-01,East of England,,839.0,,True
2019-11-01,East of England,,839.0,,True
2019-12-01,East of England,,840.0,,True
2020-01-01,East of England,285803.0,841.0,3.4706691232436895,True
2020-01-02,East of England,285943.0,,,True
2020-01-03,East of England,285012.0,,,True
2020-01-04,East of England,287501.0,,,True
2020-01-05,East of England,287030.0,,,True
2020-01-06,East of England,288667.0,,,True
2020-01-07,East of England,289067.0,,,True
2020-01-08,East of England,292992.0,,,True
2020-01-09,East of England,296829.0,,,True
2020-01-10,East of England,295661.0,,,True
2020-01-11,East of England,296868.0,,,True
2020-01-12,East of England,300749.0,,,True
2020-02-01,East of England,,842.0,,True
2020-03-01,East of England,,842.0,,True
2020-04-01,East of England,,843.0,,True
2020-05-01,East of England,,844.0,,True
2020-06-01,East of England,,844.0,,True
2020-07-01,East of England,,845.0,,True
2020-08-01,East of England,,846.0,,True
2020-09-01,East of England,,846.0,,True
2020-10-01,East of England,,847.0,,True
2020-11-01,East of England,,848.0,,True
2020-12-01,East of England,,849.0,,True
2021-01-01,East of England,298036.0,849.0,3.319695640322911,True
2021-01-02,East of England,299321.0,,,True
2021-01-03,East of England,301495.0,,,True
2021-01-04,East of England,298764.0,,,True
2021-01-05,East of England,299192.0,,,True
2021-01-06,East of England,312775.0,,,True
2021-01-07,East of England,299492.0,,,True
2021-01-08,East of England,309904.0,,,True
2021-01-09,East of England,316815.0,,,True
2021-01-10,East of England,312253.0,,,True
2021-01-11,East of England,319183.0,,,True
2021-01-12,East of England,319855.0,,,True
2021-02-01,East of England,,850.0,,True
2021-03-01,East of England,,851.0,,True
2021-04-01,East of England,,851.0,,True
2021-05-01,East of England,,852.0,,True
2021-06-01,East of England,,853.0,,True
2021-07-01,East of England,,853.0,,True
2021-08-01,East of England,,854.0,,True
2021-09-01,East of England,,855.0,,True
2021-10-01,East of England,,856.0,,True
2021-11-01,East of England,,856.0,,True
2021-12-01,East of England,,857.0,,True
2022-01-01,East of England,322537.0,858.0,3.0654944374668895,True
2022-01-02,East of England,326141.0,,,True
2022-01-03,East of England,325283.0,,,True
2022-01-04,East of England,328825.0,,,True
2022-01-05,East of England,332450.0,,,True
2022-01-06,East of England,335070.0,,,True
2022-01-07,East of England,340723.0,,,True
2022-01-08,East of England,344145.0,,,True
2022-01-09,East of England,344762.0,,,True
2022-01-10,East of England,344144.0,,,True
2022-01-11,East of England,345454.0,,,True
2022-01-12,East of England,342442.0,,,True
2022-02-01,East of England,,858.0,,True
2022-03-01,East of England,,859.0,,True
2022-04-01,East of England,,860.0,,True
2022-05-01,East of England,,861.0,,True
2022-06-01,East of England,,861.0,,True
2022-07-01,East of England,,862.0,,True
2022-08-01,East of England,,863.0,,True
2022-09-01,East of England,,863.0,,True
2022-10-01,East of England,,864.0,,True
2022-11-01,East of England,,865.0,,True
2022-12-01,East of England,,866.0,,True
2023-01-01,East of England,340655.0,866.0,3.116748503949234,True
2023-01-02,East of England,340888.0,,,True
2023-01-03,East of England,335589.0,,,True
2023-01-04,East of England,331572.0,,,True
2023-01-05,East of England,330394.0,,,True
2023-01-06,East of England,332033.0,,,True
2023-01-07,East of England,336474.0,,,True
2023-01-08,East of England,335770.0,,,True
2023-01-09,East of England,334941.0,,,True
2023-01-10,East of England,331860.0,,,True
2023-01-11,East of England,329462.0,,,True
2023-01-12,East of England,326075.0,,,True
2023-02-01,East of England,,867.0,,True
2023-03-01,East of England,,868.0,,True
2023-04-01,East of England,,868.0,,True
2023-05-01,East of England,,869.0,,True
2023-06-01,East of England,,870.0,,True
2023-07-01,East of England,,871.0,,True
2023-08-01,East of England,,871.0,,True
2023-09-01,East of England,,872.0,,True
2023-10-01,East of England,,873.0,,True
2023-11-01,East of England,,873.0,,True
2023-12-01,East of England,,874.0,,True
2024-01-01,East of England,328802.0,875.0,3.1920169199983293,True
2024-01-02,East of England,324976.0,,,False
2024-01-03,East of England,322950.0,,,False
2024-01-04,East of England,325736.0,,,False
2024-01-05,East of England,326196.0,,,False
2024-01-06,East of England,325834.0,,,False
2024-01-07,East of England,330577.0,,,False
2024-01-08,East of England,332456.0,,,False
2024-01-09,East of England,333803.0,,,False
2024-01-10,East of England,333824.0,,,False
2024-01-11,East of England,332235.0,,,False
2024-01-12,East of England,332966.0,,,False
2024-02-01,East of England,,876.0,,False
2024-03-01,East of England,,876.0,,False
2024-04-01,East of England,,877.0,,False
2024-05-01,East of England,,878.0,,False
2024-06-01,East of England,,879.0,,False
2024-07-01,East of England,,879.0,,False
2024-08-01,East of England,,880.0,,False
2024-09-01,East of England,,881.0,,False
2024-10-01,East of England,,882.0,,False
2024-11-01,East of England,,882.0,,False
2024-12-01,East of England,,883.0,,False
2025-01-01,East of England,332546.0,,,False
2025-01-02,East of England,331928.0,,,False
2025-01-03,East of England,336825.0,,,False
2025-01-04,East of England,325203.0,,,False
2025-01-05,East of England,331521.0,,,False
2025-01-06,East of England,336627.0,,,False
2025-01-07,East of England,337708.0,,,False
2025-01-08,East of England,340621.0,,,False
2025-01-09,East of England,338629.0,,,False
2025-01-10,East of England,340902.0,,,False
2025-01-11,East of England,340014.0,,,False
2025-01-12,East of England,337142.0,,,False
2026-01-01,East of England,336455.0,,,False
2005-01-01,London,248820.0,1358.0,6.473162454228812,True
2005-01-02,London,247642.0,,,True
2005-01-03,London,247580.0,,,True
2005-01-04,London,251973.0,,,True
2005-01-05,London,252313.0,,,True
2005-01-06,London,252542.0,,,True
2005-01-07,London,254654.0,,,True
2005-01-08,London,254761.0,,,True
2005-01-09,London,253631.0,,,True
2005-01-10,London,250828.0,,,True
2005-01-11,London,253251.0,,,True
2005-01-12,London,255195.0,,,True
2005-02-01,London,,1359.0,,True
2005-03-01,London,,1360.0,,True
2005-04-01,London,,1361.0,,True
2005-05-01,London,,1362.0,,True
2005-06-01,London,,1364.0,,True
2005-07-01,London,,1365.0,,True
2005-08-01,London,,1366.0,,True
2005-09-01,London,,1367.0,,True
2005-10-01,London,,1368.0,,True
2005-11-01,London,,1369.0,,True
2005-12-01,London,,1370.0,,True
2006-01-01,London,256767.0,1372.0,6.124685071823605,True
2006-01-02,London,255985.0,,,True
2006-01-03,London,258410.0,,,True
2006-01-04,London,262793.0,,,True
2006-01-05,London,265059.0,,,True
2006-01-06,London,269156.0,,,True
2006-01-07,London,271795.0,,,True
2006-01-08,London,274815.0,,,True
2006-01-09,London,275712.0,,,True
2006-01-10,London,277396.0,,,True
2006-01-11,London,277074.0,,,True
2006-01-12,London,283155.0,,,True
2006-02-01,London,,1373.0,,True
2006-03-01,London,,1374.0,,True
2006-04-01,London,,1375.0,,True
2006-05-01,London,,1376.0,,True
2006-06-01,London,,1377.0,,True
2006-07-01,London,,1378.0,,True
2006-08-01,London,,1379.0,,True
2006-09-01,London,,1381.0,,True
2006-10-01,London,,1382.0,,True
2006-11-01,London,,1383.0,,True
2006-12-01,London,,1384.0,,True
2007-01-01,London,286542.0,1385.0,5.4123547831745045,True
2007-01-02,London,289884.0,,,True
2007-01-03,London,292774.0,,,True
2007-01-04,London,298476.0,,,True
2007-01-05,London,302673.0,,,True
2007-01-06,London,306133.0,,,True
2007-01-07,London,316556.0,,,True
2007-01-08,London,318654.0,,,True
2007-01-09,London,319468.0,,,True
2007-01-10,London,319623.0,,,True
2007-01-11,London,318648.0,,,True
2007-01-12,London,319019.0,,,True
2007-02-01,London,,1386.0,,True
2007-03-01,London,,1388.0,,True
2007-04-01,London,,1389.0,,True
2007-05-01,London,,1390.0,,True
2007-06-01,London,,1391.0,,True
2007-07-01,London,,1392.0,,True
2007-08-01,London,,1393.0,,True
2007-09-01,London,,1394.0,,True
2007-10-01,London,,1396.0,,True
2007-11-01,London,,1397.0,,True
2007-12-01,London,,1398.0,,True
2008-01-01,London,319663.0,1399.0,5.545969928518609,True
2008-01-02,London,316563.0,,,True
2008-01-03,London,314319.0,,,True
2008-01-04,London,315113.0,,,True
2008-01-05,London,315988.0,,,True
2008-01-06,London,310568.0,,,True
2008-01-07,London,310740.0,,,True
2008-01-08,London,301598.0,,,True
2008-01-09,London,295994.0,,,True
2008-01-10,London,285837.0,,,True
2008-01-11,London,276896.0,,,True
2008-01-12,London,271793.0,,,True
2008-02-01,London,,1400.0,,True
2008-03-01,London,,1401.0,,True
2008-04-01,London,,1403.0,,True
2008-05-01,London,,1404.0,,True
2008-06-01,London,,1405.0,,True
2008-07-01,London,,1406.0,,True
2008-08-01,London,,1407.0,,True
2008-09-01,London,,1408.0,,True
2008-10-01,London,,1410.0,,True
2008-11-01,London,,1411.0,,True
2008-12-01,London,,1412.0,,True
2009-01-01,London,270949.0,1413.0,6.146797908803901,True
2009-01-02,London,267474.0,,,True
2009-01-03,London,264709.0,,,True
2009-01-04,London,262661.0,,,True
2009-01-05,London,267629.0,,,True
2009-01-06,London,271488.0,,,True
2009-01-07,London,278122.0,,,True
2009-01-08,London,280566.0,,,True
2009-01-09,London,286374.0,,,True
2009-01-10,London,287743.0,,,True
2009-01-11,London,285663.0,,,True
2009-01-12,London,289176.0,,,True
2009-02-01,London,,1414.0,,True
2009-03-01,London,,1415.0,,True
2009-04-01,London,,1417.0,,True
2009-05-01,London,,1418.0,,True
2009-06-01,London,,1419.0,,True
2009-07-01,London,,1420.0,,True
2009-08-01,London,,1421.0,,True
2009-09-01,London,,1422.0,,True
2009-10-01,London,,1424.0,,True
2009-11-01,London,,1425.0,,True
2009-12-01,London,,1426.0,,True
2010-01-01,London,299459.0,1427.0,5.626710130868611,True
2010-01-02,London,298420.0,,,True
2010-01-03,London,300260.0,,,True
2010-01-04,London,301876.0,,,True
2010-01-05,London,301641.0,,,True
2010-01-06,London,304616.0,,,True
2010-01-07,London,313428.0,,,True
2010-01-08,London,311152.0,,,True
2010-01-09,London,310560.0,,,True
2010-01-10,London,306318.0,,,True
2010-01-11,London,302206.0,,,True
2010-01-12,London,305486.0,,,True
2010-02-01,London,,1428.0,,True
2010-03-01,London,,1430.0,,True
2010-04-01,London,,1431.0,,True
2010-05-01,London,,1432.0,,True
2010-06-01,London,,1433.0,,True
2010-07-01,London,,1434.0,,True
2010-08-01,London,,1436.0,,True
2010-09-01,London,,1437.0,,True
2010-10-01,London,,1438.0,,True
2010-11-01,London,,1439.0,,True
2010-12-01,London,,1440.0,,True
2011-01-01,London,308301.0,1441.0,5.5656557375731595,True
2011-01-02,London,305350.0,,,True
2011-01-03,London,307347.0,,,True
2011-01-04,London,314735.0,,,True
2011-01-05,London,304810.0,,,True
2011-01-06,London,306078.0,,,True
2011-01-07,London,316716.0,,,True
2011-01-08,London,315709.0,,,True
2011-01-09,London,316197.0,,,True
2011-01-10,London,312887.0,,,True
2011-01-11,London,311570.0,,,True
2011-01-12,London,312906.0,,,True
2011-02-01,London,,1443.0,,True
2011-03-01,London,,1444.0,,True
2011-04-01,London,,1445.0,,True
2011-05-01,London,,1446.0,,True
2011-06-01,London,,1447.0,,True
2011-07-01,London,,1449.0,,True
2011-08-01,London,,1450.0,,True
2011-09-01,London,,1451.0,,True
2011-10-01,London,,1452.0,,True
2011-11-01,London,,1453.0,,True
2011-12-01,London,,1455.0,,True
2012-01-01,London,315128.0,1456.0,5.373567818217442,True
2012-01-02,London,313010.0,,,True
2012-01-03,London,310866.0,,,True
2012-01-04,London,320165.0,,,True
2012-01-05,London,325535.0,,,True
2012-01-06,London,328471.0,,,True
2012-01-07,London,330760.0,,,True
2012-01-08,London,331918.0,,,True
2012-01-09,London,330232.0,,,True
2012-01-10,London,332172.0,,,True
2012-01-11,London,330308.0,,,True
2012-01-12,London,335880.0,,,True
2012-02-01,London,,1457.0,,True
2012-03-01,London,,1458.0,,True
2012-04-01,London,,1460.0,,True
2012-05-01,London,,1461.0,,True
2012-06-01,London,,1462.0,,True
2012-07-01,London,,1463.0,,True
2012-08-01,London,,1464.0,,True
2012-09-01,London,,1466.0,,True
2012-10-01,London,,1467.0,,True
2012-11-01,London,,1468.0,,True
2012-12-01,London,,1469.0,,True
2013-01-01,London,333332.0,1470.0,5.011469245867524,True
2013-01-02,London,335672.0,,,True
2013-01-03,London,334322.0,,,True
2013-01-04,London,343563.0,,,True
2013-01-05,London,345065.0,,,True
2013-01-06,London,347414.0,,,True
2013-01-07,London,356482.0,,,True
2013-01-08,London,359430.0,,,True
2013-01-09,London,364517.0,,,True
2013-01-10,London,364036.0,,,True
2013-01-11,London,368002.0,,,True
2013-01-12,London,376865.0,,,True
2013-02-01,London,,1472.0,,True
2013-03-01,London,,1473.0,,True
2013-04-01,London,,1474.0,,True
2013-05-01,London,,1475.0,,True
2013-06-01,London,,1477.0,,True
2013-07-01,London,,1478.0,,True
2013-08-01,London,,1479.0,,True
2013-09-01,London,,1480.0,,True
2013-10-01,London,,1481.0,,True
2013-11-01,London,,1483.0,,True
2013-12-01,London,,1484.0,,True
2014-01-01,London,380935.0,1485.0,4.314812451654614,True
2014-01-02,London,383125.0,,,True
2014-01-03,London,386898.0,,,True
2014-01-04,London,401818.0,,,True
2014-01-05,London,409706.0,,,True
2014-01-06,London,414499.0,,,True
2014-01-07,London,426870.0,,,True
2014-01-08,London,433311.0,,,True
2014-01-09,London,432150.0,,,True
2014-01-10,London,430684.0,,,True
2014-01-11,London,429081.0,,,True
2014-01-12,London,431324.0,,,True
2014-02-01,London,,1486.0,,True
2014-03-01,London,,1488.0,,True
2014-04-01,London,,1489.0,,True
2014-05-01,London,,1490.0,,True
2014-06-01,London,,1491.0,,True
2014-07-01,London,,1493.0,,True
2014-08-01,London,,1494.0,,True
2014-09-01,London,,1495.0,,True
2014-10-01,London,,1496.0,,True
2014-11-01,London,,1498.0,,True
2014-12-01,London,,1499.0,,True
2015-01-01,London,431270.0,1500.0,3.957561459257408,True
2015-01-02,London,433331.0,,,True
2015-01-03,London,433259.0,,,True
2015-01-04,London,439403.0,,,True
2015-01-05,London,445154.0,,,True
2015-01-06,London,449070.0,,,True
2015-01-07,London,462097.0,,,True
2015-01-08,London,466924.0,,,True
2015-01-09,London,470754.0,,,True
2015-01-10,London,471562.0,,,True
2015-01-11,London,476915.0,,,True
2015-01-12,London,481806.0,,,True
2015-02-01,London,,1501.0,,True
2015-03-01,London,,1502.0,,True
2015-04-01,London,,1504.0,,True
2015-05-01,London,,1505.0,,True
2015-06-01,London,,1506.0,,True
2015-07-01,London,,1507.0,,True
2015-08-01,London,,1509.0,,True
2015-09-01,London,,1510.0,,True
2015-10-01,London,,1511.0,,True
2015-11-01,London,,1512.0,,True
2015-12-01,London,,1514.0,,True
2016-01-01,London,489741.0,1515.0,3.635660684323811,True
2016-01-02,London,490055.0,,,True
2016-01-03,London,497430.0,,,True
2016-01-04,London,493598.0,,,True
2016-01-05,London,500467.0,,,True
2016-01-06,London,501147.0,,,True
2016-01-07,London,509080.0,,,True
2016-01-08,London,505256.0,,,True
2016-01-09,London,505052.0,,,True
2016-01-10,London,504240.0,,,True
2016-01-11,London,504074.0,,,True
2016-01-12,London,505701.0,,,True
2016-02-01,London,,1516.0,,True
2016-03-01,London,,1518.0,,True
2016-04-01,London,,1519.0,,True
2016-05-01,London,,1520.0,,True
2016-06-01,London,,1521.0,,True
2016-07-01,London,,1523.0,,True
2016-08-01,London,,1524.0,,True
2016-09-01,London,,1525.0,,True
2016-10-01,London,,1526.0,,True
2016-11-01,London,,1528.0,,True
2016-12-01,London,,1529.0,,True
2017-01-01,London,509175.0,1530.0,3.574192138761228,True
2017-01-02,London,510351.0,,,True
2017-01-03,London,508986.0,,,True
2017-01-04,London,513641.0,,,True
2017-01-05,London,514831.0,,,True
2017-01-06,London,514028.0,,,True
2017-01-07,London,522994.0,,,True
2017-01-08,London,521450.0,,,True
2017-01-09,London,517969.0,,,True
2017-01-10,London,515752.0,,,True
2017-01-11,London,509894.0,,,True
2017-01-12,London,510491.0,,,True
2017-02-01,London,,1531.0,,True
2017-03-01,London,,1533.0,,True
2017-04-01,London,,1534.0,,True
2017-05-01,London,,1535.0,,True
2017-06-01,London,,1537.0,,True
2017-07-01,London,,1538.0,,True
2017-08-01,London,,1539.0,,True
2017-09-01,London,,1540.0,,True
2017-10-01,London,,1542.0,,True
2017-11-01,London,,1543.0,,True
2017-12-01,London,,1544.0,,True
2018-01-01,London,513622.0,1545.0,3.628131507386666,True
2018-01-02,London,511574.0,,,True
2018-01-03,London,505683.0,,,True
2018-01-04,London,510925.0,,,True
2018-01-05,London,512244.0,,,True
2018-01-06,London,513792.0,,,True
2018-01-07,London,518923.0,,,True
2018-01-08,London,513384.0,,,True
2018-01-09,London,510167.0,,,True
2018-01-10,London,513927.0,,,True
2018-01-11,London,507814.0,,,True
2018-01-12,London,506642.0,,,True
2018-02-01,London,,1547.0,,True
2018-03-01,London,,1548.0,,True
2018-04-01,London,,1549.0,,True
2018-05-01,London,,1551.0,,True
2018-06-01,London,,1552.0,,True
2018-07-01,London,,1553.0,,True
2018-08-01,London,,1554.0,,True
2018-09-01,London,,1556.0,,True
2018-10-01,London,,1557.0,,True
2018-11-01,London,,1558.0,,True
2018-12-01,London,,1560.0,,True
2019-01-01,London,503232.0,1561.0,3.716729579369481,True
2019-01-02,London,498951.0,,,True
2019-01-03,London,496910.0,,,True
2019-01-04,London,502664.0,,,True
2019-01-05,London,496339.0,,,True
2019-01-06,London,503716.0,,,True
2019-01-07,London,512265.0,,,True
2019-01-08,London,506081.0,,,True
2019-01-09,London,510810.0,,,True
2019-01-10,London,506016.0,,,True
2019-01-11,London,501829.0,,,True
2019-01-12,London,512959.0,,,True
2019-02-01,London,,1562.0,,True
2019-03-01,London,,1563.0,,True
2019-04-01,London,,1565.0,,True
2019-05-01,London,,1566.0,,True
2019-06-01,London,,1567.0,,True
2019-07-01,London,,1569.0,,True
2019-08-01,London,,1570.0,,True
2019-09-01,London,,1571.0,,True
2019-10-01,London,,1573.0,,True
2019-11-01,London,,1574.0,,True
2019-12-01,London,,1575.0,,True
2020-01-01,London,509527.0,1577.0,3.6571993628485058,True
2020-01-02,London,507956.0,,,True
2020-01-03,London,516654.0,,,True
2020-01-04,London,509754.0,,,True
2020-01-05,London,506613.0,,,True
2020-01-06,London,513833.0,,,True
2020-01-07,London,517966.0,,,True
2020-01-08,London,523954.0,,,True
2020-01-09,London,528003.0,,,True
2020-01-10,London,520515.0,,,True
2020-01-11,London,529444.0,,,True
2020-01-12,London,529060.0,,,True
2020-02-01,London,,1578.0,,True
2020-03-01,London,,1579.0,,True
2020-04-01,London,,1580.0,,True
2020-05-01,London,,1582.0,,True
2020-06-01,London,,1583.0,,True
2020-07-01,London,,1584.0,,True
2020-08-01,London,,1586.0,,True
2020-09-01,London,,1587.0,,True
2020-10-01,London,,1588.0,,True
2020-11-01,London,,1590.0,,True
2020-12-01,London,,1591.0,,True
2021-01-01,London,529101.0,1592.0,3.5715508531394873,True
2021-01-02,London,525153.0,,,True
2021-01-03,London,534311.0,,,True
2021-01-04,London,523423.0,,,True
2021-01-05,London,522672.0,,,True
2021-01-06,London,538199.0,,,True
2021-01-07,London,529788.0,,,True
2021-01-08,London,545831.0,,,True
2021-01-09,London,541876.0,,,True
2021-01-10,London,539606.0,,,True
2021-01-11,London,547647.0,,,True
2021-01-12,London,547837.0,,,True
2021-02-01,London,,1594.0,,True
2021-03-01,London,,1595.0,,True
2021-04-01,London,,1596.0,,True
2021-05-01,London,,1598.0,,True
2021-06-01,London,,1599.0,,True
2021-07-01,London,,1600.0,,True
2021-08-01,London,,1602.0,,True
2021-09-01,London,,1603.0,,True
2021-10-01,London,,1604.0,,True
2021-11-01,London,,1606.0,,True
2021-12-01,London,,1607.0,,True
2022-01-01,London,550635.0,1608.0,3.4129896863195204,True
2022-01-02,London,551066.0,,,True
2022-01-03,London,550480.0,,,True
2022-01-04,London,554765.0,,,True
2022-01-05,London,554380.0,,,True
2022-01-06,London,572418.0,,,True
2022-01-07,London,575261.0,,,True
2022-01-08,London,581320.0,,,True
2022-01-09,London,579330.0,,,True
2022-01-10,London,573946.0,,,True
2022-01-11,London,575480.0,,,True
2022-01-12,London,572384.0,,,True
2022-02-01,London,,1610.0,,True
2022-03-01,London,,1611.0,,True
2022-04-01,London,,1612.0,,True
2022-05-01,London,,1614.0,,True
2022-06-01,London,,1615.0,,True
2022-07-01,London,,1616.0,,True
2022-08-01,London,,1618.0,,True
2022-09-01,London,,1619.0,,True
2022-10-01,London,,1620.0,,True
2022-11-01,London,,1622.0,,True
2022-12-01,London,,1623.0,,True
2023-01-01,London,570869.0,1624.0,3.495908552279361,True
2023-01-02,London,563875.0,,,True
2023-01-03,London,555361.0,,,True
2023-01-04,London,557147.0,,,True
2023-01-05,London,554900.0,,,True
2023-01-06,London,556107.0,,,True
2023-01-07,London,559703.0,,,True
2023-01-08,London,560630.0,,,True
2023-01-09,London,565702.0,,,True
2023-01-10,London,555122.0,,,True
2023-01-11,London,547757.0,,,True
2023-01-12,London,549112.0,,,True
2023-02-01,London,,1626.0,,True
2023-03-01,London,,1627.0,,True
2023-04-01,London,,1628.0,,True
2023-05-01,London,,1630.0,,True
2023-06-01,London,,1631.0,,True
2023-07-01,London,,1632.0,,True
2023-08-01,London,,1634.0,,True
2023-09-01,London,,1635.0,,True
2023-10-01,London,,1636.0,,True
2023-11-01,London,,1638.0,,True
2023-12-01,London,,1639.0,,True
2024-01-01,London,551097.0,1641.0,3.543224785909939,True
2024-01-02,London,546247.0,,,False
2024-01-03,London,547437.0,,,False
2024-01-04,London,548467.0,,,False
2024-01-05,London,553592.0,,,False
2024-01-06,London,556853.0,,,False
2024-01-07,London,557831.0,,,False
2024-01-08,London,567121.0,,,False
2024-01-09,London,566882.0,,,False
2024-01-10,London,560909.0,,,False
2024-01-11,London,559925.0,,,False
2024-01-12,London,556882.0,,,False
2024-02-01,London,,1642.0,,False
2024-03-01,London,,1643.0,,False
2024-04-01,London,,1645.0,,False
2024-05-01,London,,1646.0,,False
2024-06-01,London,,1647.0,,False
2024-07-01,London,,1649.0,,False
2024-08-01,London,,1650.0,,False
2024-09-01,London,,1651.0,,False
2024-10-01,London,,1653.0,,False
2024-11-01,London,,1654.0,,False
2024-12-01,London,,1656.0,,False
2025-01-01,London,563861.0,,,False
2025-01-02,London,561233.0,,,False
2025-01-03,London,554580.0,,,False
2025-01-04,London,566432.0,,,False
2025-01-05,London,565075.0,,,False
2025-01-06,London,567015.0,,,False
2025-01-07,London,568741.0,,,False
2025-01-08,London,564945.0,,,False
2025-01-09,London,565251.0,,,False
2025-01-10,London,552377.0,,,False
2025-01-11,London,556044.0,,,False
2025-01-12,London,550024.0,,,False
2026-01-01,London,554422.0,,,False
2005-01-01,North East,105467.0,475.0,5.10078169390097,True
2005-01-02,North East,104501.0,,,True
2005-01-03,North East,106528.0,,,True
2005-01-04,North East,109350.0,,,True
2005-01-05,North East,110702.0,,,True
2005-01-06,North East,112222.0,,,True
2005-01-07,North East,114780.0,,,True
2005-01-08,North East,116433.0,,,True
2005-01-09,North East,114720.0,,,True
2005-01-10,North East,115091.0,,,True
2005-01-11,North East,116604.0,,,True
2005-01-12,North East,116455.0,,,True
2005-02-01,North East,,476.0,,True
2005-03-01,North East,,476.0,,True
2005-04-01,North East,,476.0,,True
2005-05-01,North East,,477.0,,True
2005-06-01,North East,,477.0,,True
2005-07-01,North East,,478.0,,True
2005-08-01,North East,,478.0,,True
2005-09-01,North East,,478.0,,True
2005-10-01,North East,,479.0,,True
2005-11-01,North East,,479.0,,True
2005-12-01,North East,,480.0,,True
2006-01-01,North East,116408.0,480.0,4.751949578550273,True
2006-01-02,North East,114596.0,,,True
2006-01-03,North East,117115.0,,,True
2006-01-04,North East,119413.0,,,True
2006-01-05,North East,119935.0,,,True
2006-01-06,North East,122127.0,,,True
2006-01-07,North East,123262.0,,,True
2006-01-08,North East,122958.0,,,True
2006-01-09,North East,124534.0,,,True
2006-01-10,North East,124685.0,,,True
2006-01-11,North East,123726.0,,,True
2006-01-12,North East,126812.0,,,True
2006-02-01,North East,,480.0,,True
2006-03-01,North East,,481.0,,True
2006-04-01,North East,,481.0,,True
2006-05-01,North East,,482.0,,True
2006-06-01,North East,,482.0,,True
2006-07-01,North East,,482.0,,True
2006-08-01,North East,,483.0,,True
2006-09-01,North East,,483.0,,True
2006-10-01,North East,,484.0,,True
2006-11-01,North East,,484.0,,True
2006-12-01,North East,,484.0,,True
2007-01-01,North East,125367.0,485.0,4.516108604244062,True
2007-01-02,North East,124105.0,,,True
2007-01-03,North East,125000.0,,,True
2007-01-04,North East,127769.0,,,True
2007-01-05,North East,128335.0,,,True
2007-01-06,North East,130236.0,,,True
2007-01-07,North East,131888.0,,,True
2007-01-08,North East,131069.0,,,True
2007-01-09,North East,130853.0,,,True
2007-01-10,North East,130512.0,,,True
2007-01-11,North East,131350.0,,,True
2007-01-12,North East,131043.0,,,True
2007-02-01,North East,,485.0,,True
2007-03-01,North East,,486.0,,True
2007-04-01,North East,,486.0,,True
2007-05-01,North East,,486.0,,True
2007-06-01,North East,,487.0,,True
2007-07-01,North East,,487.0,,True
2007-08-01,North East,,488.0,,True
2007-09-01,North East,,488.0,,True
2007-10-01,North East,,488.0,,True
2007-11-01,North East,,489.0,,True
2007-12-01,North East,,489.0,,True
2008-01-01,North East,128120.0,490.0,4.7444990438382035,True
2008-01-02,North East,127750.0,,,True
2008-01-03,North East,126370.0,,,True
2008-01-04,North East,128633.0,,,True
2008-01-05,North East,129699.0,,,True
2008-01-06,North East,128164.0,,,True
2008-01-07,North East,125176.0,,,True
2008-01-08,North East,124456.0,,,True
2008-01-09,North East,120085.0,,,True
2008-01-10,North East,117742.0,,,True
2008-01-11,North East,117208.0,,,True
2008-01-12,North East,113793.0,,,True
2008-02-01,North East,,490.0,,True
2008-03-01,North East,,490.0,,True
2008-04-01,North East,,491.0,,True
2008-05-01,North East,,491.0,,True
2008-06-01,North East,,492.0,,True
2008-07-01,North East,,492.0,,True
2008-08-01,North East,,493.0,,True
2008-09-01,North East,,493.0,,True
2008-10-01,North East,,493.0,,True
2008-11-01,North East,,494.0,,True
2008-12-01,North East,,494.0,,True
2009-01-01,North East,112313.0,495.0,5.190647804205969,True
2009-01-02,North East,110903.0,,,True
2009-01-03,North East,110769.0,,,True
2009-01-04,North East,111896.0,,,True
2009-01-05,North East,113090.0,,,True
2009-01-06,North East,114312.0,,,True
2009-01-07,North East,114434.0,,,True
2009-01-08,North East,116065.0,,,True
2009-01-09,North East,117057.0,,,True
2009-01-10,North East,116499.0,,,True
2009-01-11,North East,117441.0,,,True
2009-01-12,North East,118460.0,,,True
2009-02-01,North East,,495.0,,True
2009-03-01,North East,,495.0,,True
2009-04-01,North East,,496.0,,True
2009-05-01,North East,,496.0,,True
2009-06-01,North East,,497.0,,True
2009-07-01,North East,,497.0,,True
2009-08-01,North East,,497.0,,True
2009-09-01,North East,,498.0,,True
2009-10-01,North East,,498.0,,True
2009-11-01,North East,,499.0,,True
2009-12-01,North East,,499.0,,True
2010-01-01,North East,113483.0,500.0,5.171863911020955,True
2010-01-02,North East,115410.0,,,True
2010-01-03,North East,116475.0,,,True
2010-01-04,North East,116764.0,,,True
2010-01-05,North East,116251.0,,,True
2010-01-06,North East,116958.0,,,True
2010-01-07,North East,116700.0,,,True
2010-01-08,North East,119375.0,,,True
2010-01-09,North East,115637.0,,,True
2010-01-10,North East,118073.0,,,True
2010-01-11,North East,113784.0,,,True
2010-01-12,North East,113238.0,,,True
2010-02-01,North East,,500.0,,True
2010-03-01,North East,,500.0,,True
2010-04-01,North East,,501.0,,True
2010-05-01,North East,,501.0,,True
2010-06-01,North East,,502.0,,True
2010-07-01,North East,,502.0,,True
2010-08-01,North East,,502.0,,True
2010-09-01,North East,,503.0,,True
2010-10-01,North East,,503.0,,True
2010-11-01,North East,,504.0,,True
2010-12-01,North East,,504.0,,True
2011-01-01,North East,110800.0,505.0,5.454606825009282,True
2011-01-02,North East,110514.0,,,True
2011-01-03,North East,109475.0,,,True
2011-01-04,North East,113001.0,,,True
2011-01-05,North East,113513.0,,,True
2011-01-06,North East,113222.0,,,True
2011-01-07,North East,111277.0,,,True
2011-01-08,North East,110658.0,,,True
2011-01-09,North East,110918.0,,,True
2011-01-10,North East,109974.0,,,True
2011-01-11,North East,110721.0,,,True
2011-01-12,North East,109112.0,,,True
2011-02-01,North East,,505.0,,True
2011-03-01,North East,,505.0,,True
2011-04-01,North East,,506.0,,True
2011-05-01,North East,,506.0,,True
2011-06-01,North East,,507.0,,True
2011-07-01,North East,,507.0,,True
2011-08-01,North East,,507.0,,True
2011-09-01,North East,,508.0,,True
2011-10-01,North East,,508.0,,True
2011-11-01,North East,,509.0,,True
2011-12-01,North East,,509.0,,True
2012-01-01,North East,106921.0,510.0,5.559879233124283,True
2012-01-02,North East,107716.0,,,True
2012-01-03,North East,110337.0,,,True
2012-01-04,North East,109778.0,,,True
2012-01-05,North East,109371.0,,,True
2012-01-06,North East,111115.0,,,True
2012-01-07,North East,110824.0,,,True
2012-01-08,North East,113295.0,,,True
2012-01-09,North East,111825.0,,,True
2012-01-10,North East,110557.0,,,True
2012-01-11,North East,110483.0,,,True
2012-01-12,North East,108670.0,,,True
2012-02-01,North East,,510.0,,True
2012-03-01,North East,,510.0,,True
2012-04-01,North East,,511.0,,True
2012-05-01,North East,,511.0,,True
2012-06-01,North East,,512.0,,True
2012-07-01,North East,,512.0,,True
2012-08-01,North East,,513.0,,True
2012-09-01,North East,,513.0,,True
2012-10-01,North East,,513.0,,True
2012-11-01,North East,,514.0,,True
2012-12-01,North East,,514.0,,True
2013-01-01,North East,107464.0,515.0,5.638348795331768,True
2013-01-02,North East,105972.0,,,True
2013-01-03,North East,108955.0,,,True
2013-01-04,North East,109114.0,,,True
2013-01-05,North East,109606.0,,,True
2013-01-06,North East,109413.0,,,True
2013-01-07,North East,112174.0,,,True
2013-01-08,North East,113740.0,,,True
2013-01-09,North East,112720.0,,,True
2013-01-10,North East,106785.0,,,True
2013-01-11,North East,110180.0,,,True
2013-01-12,North East,110007.0,,,True
2013-02-01,North East,,515.0,,True
2013-03-01,North East,,516.0,,True
2013-04-01,North East,,516.0,,True
2013-05-01,North East,,516.0,,True
2013-06-01,North East,,517.0,,True
2013-07-01,North East,,517.0,,True
2013-08-01,North East,,518.0,,True
2013-09-01,North East,,518.0,,True
2013-10-01,North East,,519.0,,True
2013-11-01,North East,,519.0,,True
2013-12-01,North East,,519.0,,True
2014-01-01,North East,108358.0,520.0,5.56609176830831,True
2014-01-02,North East,108598.0,,,True
2014-01-03,North East,110048.0,,,True
2014-01-04,North East,111939.0,,,True
2014-01-05,North East,112221.0,,,True
2014-01-06,North East,114685.0,,,True
2014-01-07,North East,114743.0,,,True
2014-01-08,North East,114790.0,,,True
2014-01-09,North East,113770.0,,,True
2014-01-10,North East,112226.0,,,True
2014-01-11,North East,112377.0,,,True
2014-01-12,North East,112396.0,,,True
2014-02-01,North East,,520.0,,True
2014-03-01,North East,,521.0,,True
2014-04-01,North East,,521.0,,True
2014-05-01,North East,,522.0,,True
2014-06-01,North East,,522.0,,True
2014-07-01,North East,,522.0,,True
2014-08-01,North East,,523.0,,True
2014-09-01,North East,,523.0,,True
2014-10-01,North East,,524.0,,True
2014-11-01,North East,,524.0,,True
2014-12-01,North East,,525.0,,True
2015-01-01,North East,110842.0,525.0,5.4923616763145535,True
2015-01-02,North East,112138.0,,,True
2015-01-03,North East,111241.0,,,True
2015-01-04,North East,115045.0,,,True
2015-01-05,North East,114110.0,,,True
2015-01-06,North East,115977.0,,,True
2015-01-07,North East,116059.0,,,True
2015-01-08,North East,116959.0,,,True
2015-01-09,North East,116659.0,,,True
2015-01-10,North East,114964.0,,,True
2015-01-11,North East,116401.0,,,True
2015-01-12,North East,116936.0,,,True
2015-02-01,North East,,525.0,,True
2015-03-01,North East,,526.0,,True
2015-04-01,North East,,526.0,,True
2015-05-01,North East,,527.0,,True
2015-06-01,North East,,527.0,,True
2015-07-01,North East,,528.0,,True
2015-08-01,North East,,528.0,,True
2015-09-01,North East,,528.0,,True
2015-10-01,North East,,529.0,,True
2015-11-01,North East,,529.0,,True
2015-12-01,North East,,530.0,,True
2016-01-01,North East,114570.0,530.0,5.40925851337414,True
2016-01-02,North East,114559.0,,,True
2016-01-03,North East,116217.0,,,True
2016-01-04,North East,115881.0,,,True
2016-01-05,North East,117976.0,,,True
2016-01-06,North East,120059.0,,,True
2016-01-07,North East,120828.0,,,True
2016-01-08,North East,119319.0,,,True
2016-01-09,North East,118057.0,,,True
2016-01-10,North East,117519.0,,,True
2016-01-11,North East,118179.0,,,True
2016-01-12,North East,119525.0,,,True
2016-02-01,North East,,531.0,,True
2016-03-01,North East,,531.0,,True
2016-04-01,North East,,532.0,,True
2016-05-01,North East,,532.0,,True
2016-06-01,North East,,532.0,,True
2016-07-01,North East,,533.0,,True
2016-08-01,North East,,533.0,,True
2016-09-01,North East,,534.0,,True
2016-10-01,North East,,534.0,,True
2016-11-01,North East,,535.0,,True
2016-12-01,North East,,535.0,,True
2017-01-01,North East,115477.0,536.0,5.370139868265148,True
2017-01-02,North East,117401.0,,,True
2017-01-03,North East,115290.0,,,True
2017-01-04,North East,118166.0,,,True
2017-01-05,North East,120226.0,,,True
2017-01-06,North East,121193.0,,,True
2017-01-07,North East,121086.0,,,True
2017-01-08,North East,122746.0,,,True
2017-01-09,North East,120655.0,,,True
2017-01-10,North East,121660.0,,,True
2017-01-11,North East,120275.0,,,True
2017-01-12,North East,123106.0,,,True
2017-02-01,North East,,536.0,,True
2017-03-01,North East,,536.0,,True
2017-04-01,North East,,537.0,,True
2017-05-01,North East,,537.0,,True
2017-06-01,North East,,538.0,,True
2017-07-01,North East,,538.0,,True
2017-08-01,North East,,539.0,,True
2017-09-01,North East,,539.0,,True
2017-10-01,North East,,540.0,,True
2017-11-01,North East,,540.0,,True
2017-12-01,North East,,540.0,,True
2018-01-01,North East,117478.0,541.0,5.349929241365868,True
2018-01-02,North East,119630.0,,,True
2018-01-03,North East,117354.0,,,True
2018-01-04,North East,121414.0,,,True
2018-01-05,North East,121896.0,,,True
2018-01-06,North East,121148.0,,,True
2018-01-07,North East,124172.0,,,True
2018-01-08,North East,123349.0,,,True
2018-01-09,North East,123205.0,,,True
2018-01-10,North East,123712.0,,,True
2018-01-11,North East,121948.0,,,True
2018-01-12,North East,121760.0,,,True
2018-02-01,North East,,541.0,,True
2018-03-01,North East,,542.0,,True
2018-04-01,North East,,542.0,,True
2018-05-01,North East,,543.0,,True
2018-06-01,North East,,543.0,,True
2018-07-01,North East,,544.0,,True
2018-08-01,North East,,544.0,,True
2018-09-01,North East,,545.0,,True
2018-10-01,North East,,545.0,,True
2018-11-01,North East,,545.0,,True
2018-12-01,North East,,546.0,,True
2019-01-01,North East,118687.0,546.0,5.3916700341773796,True
2019-01-02,North East,117822.0,,,True
2019-01-03,North East,117948.0,,,True
2019-01-04,North East,121919.0,,,True
2019-01-05,North East,121907.0,,,True
2019-01-06,North East,122531.0,,,True
2019-01-07,North East,122847.0,,,True
2019-01-08,North East,124357.0,,,True
2019-01-09,North East,124808.0,,,True
2019-01-10,North East,122347.0,,,True
2019-01-11,North East,122515.0,,,True
2019-01-12,North East,122342.0,,,True
2019-02-01,North East,,547.0,,True
2019-03-01,North East,,547.0,,True
2019-04-01,North East,,548.0,,True
2019-05-01,North East,,548.0,,True
2019-06-01,North East,,549.0,,True
2019-07-01,North East,,549.0,,True
2019-08-01,North East,,549.0,,True
2019-09-01,North East,,550.0,,True
2019-10-01,North East,,550.0,,True
2019-11-01,North East,,551.0,,True
2019-12-01,North East,,551.0,,True
2020-01-01,North East,120484.0,552.0,5.348763078363253,True
2020-01-02,North East,120149.0,,,True
2020-01-03,North East,121391.0,,,True
2020-01-04,North East,116581.0,,,True
2020-01-05,North East,121101.0,,,True
2020-01-06,North East,122678.0,,,True
2020-01-07,North East,123730.0,,,True
2020-01-08,North East,124454.0,,,True
2020-01-09,North East,127530.0,,,True
2020-01-10,North East,127455.0,,,True
2020-01-11,North East,129955.0,,,True
2020-01-12,North East,131490.0,,,True
2020-02-01,North East,,552.0,,True
2020-03-01,North East,,553.0,,True
2020-04-01,North East,,553.0,,True
2020-05-01,North East,,554.0,,True
2020-06-01,North East,,554.0,,True
2020-07-01,North East,,555.0,,True
2020-08-01,North East,,555.0,,True
2020-09-01,North East,,555.0,,True
2020-10-01,North East,,556.0,,True
2020-11-01,North East,,556.0,,True
2020-12-01,North East,,557.0,,True
2021-01-01,North East,132623.0,557.0,4.8693260472925655,True
2021-01-02,North East,133797.0,,,True
2021-01-03,North East,136174.0,,,True
2021-01-04,North East,133960.0,,,True
2021-01-05,North East,133791.0,,,True
2021-01-06,North East,145095.0,,,True
2021-01-07,North East,134393.0,,,True
2021-01-08,North East,137004.0,,,True
2021-01-09,North East,146908.0,,,True
2021-01-10,North East,136801.0,,,True
2021-01-11,North East,138405.0,,,True
2021-01-12,North East,140230.0,,,True
2021-02-01,North East,,558.0,,True
2021-03-01,North East,,558.0,,True
2021-04-01,North East,,559.0,,True
2021-05-01,North East,,559.0,,True
2021-06-01,North East,,560.0,,True
2021-07-01,North East,,560.0,,True
2021-08-01,North East,,561.0,,True
2021-09-01,North East,,561.0,,True
2021-10-01,North East,,561.0,,True
2021-11-01,North East,,562.0,,True
2021-12-01,North East,,562.0,,True
2022-01-01,North East,140576.0,563.0,4.563438375298928,True
2022-01-02,North East,140762.0,,,True
2022-01-03,North East,143435.0,,,True
2022-01-04,North East,144411.0,,,True
2022-01-05,North East,145424.0,,,True
2022-01-06,North East,147826.0,,,True
2022-01-07,North East,151552.0,,,True
2022-01-08,North East,151747.0,,,True
2022-01-09,North East,152937.0,,,True
2022-01-10,North East,153663.0,,,True
2022-01-11,North East,153022.0,,,True
2022-01-12,North East,152252.0,,,True
2022-02-01,North East,,563.0,,True
2022-03-01,North East,,564.0,,True
2022-04-01,North East,,564.0,,True
2022-05-01,North East,,565.0,,True
2022-06-01,North East,,565.0,,True
2022-07-01,North East,,566.0,,True
2022-08-01,North East,,566.0,,True
2022-09-01,North East,,567.0,,True
2022-10-01,North East,,567.0,,True
2022-11-01,North East,,568.0,,True
2022-12-01,North East,,568.0,,True
2023-01-01,North East,150814.0,568.0,4.558204104988764,True
2023-01-02,North East,147783.0,,,True
2023-01-03,North East,144993.0,,,True
2023-01-04,North East,147442.0,,,True
2023-01-05,North East,146913.0,,,True
2023-01-06,North East,149448.0,,,True
2023-01-07,North East,150021.0,,,True
2023-01-08,North East,154429.0,,,True
2023-01-09,North East,151607.0,,,True
2023-01-10,North East,150966.0,,,True
2023-01-11,North East,150866.0,,,True
2023-01-12,North East,151215.0,,,True
2023-02-01,North East,,569.0,,True
2023-03-01,North East,,569.0,,True
2023-04-01,North East,,570.0,,True
2023-05-01,North East,,570.0,,True
2023-06-01,North East,,571.0,,True
2023-07-01,North East,,571.0,,True
2023-08-01,North East,,572.0,,True
2023-09-01,North East,,572.0,,True
2023-10-01,North East,,573.0,,True
2023-11-01,North East,,573.0,,True
2023-12-01,North East,,574.0,,True
2024-01-01,North East,147973.0,574.0,4.539816381894937,True
2024-01-02,North East,148690.0,,,False
2024-01-03,North East,147221.0,,,False
2024-01-04,North East,146629.0,,,False
2024-01-05,North East,149642.0,,,False
2024-01-06,North East,151871.0,,,False
2024-01-07,North East,151703.0,,,False
2024-01-08,North East,153371.0,,,False
2024-01-09,North East,156297.0,,,False
2024-01-10,North East,155424.0,,,False
2024-01-11,North East,155962.0,,,False
2024-01-12,North East,158022.0,,,False
2024-02-01,North East,,575.0,,False
2024-03-01,North East,,575.0,,False
2024-04-01,North East,,576.0,,False
2024-05-01,North East,,576.0,,False
2024-06-01,North East,,577.0,,False
2024-07-01,North East,,577.0,,False
2024-08-01,North East,,578.0,,False
2024-09-01,North East,,578.0,,False
2024-10-01,North East,,578.0,,False
2024-11-01,North East,,579.0,,False
2024-12-01,North East,,579.0,,False
2025-01-01,North East,154863.0,,,False
2025-01-02,North East,156938.0,,,False
2025-01-03,North East,163249.0,,,False
2025-01-04,North East,148603.0,,,False
2025-01-05,North East,154885.0,,,False
2025-01-06,North East,159353.0,,,False
2025-01-07,North East,160736.0,,,False
2025-01-08,North East,161504.0,,,False
2025-01-09,North East,161430.0,,,False
2025-01-10,North East,162617.0,,,False
2025-01-11,North East,167279.0,,,False
2025-01-12,North East,162910.0,,,False
2026-01-01,North East,158295.0,,,False
2005-01-01,North West,110684.0,588.0,6.007581765492549,True
2005-01-02,North West,109465.0,,,True
2005-01-03,North West,112526.0,,,True
2005-01-04,North West,114572.0,,,True
2005-01-05,North West,117039.0,,,True
2005-01-06,North West,118703.0,,,True
2005-01-07,North West,120041.0,,,True
2005-01-08,North West,121222.0,,,True
2005-01-09,North West,121247.0,,,True
2005-01-10,North West,120898.0,,,True
2005-01-11,North West,121267.0,,,True
2005-01-12,North West,123353.0,,,True
2005-02-01,North West,,589.0,,True
2005-03-01,North West,,589.0,,True
2005-04-01,North West,,590.0,,True
2005-05-01,North West,,590.0,,True
2005-06-01,North West,,591.0,,True
2005-07-01,North West,,591.0,,True
2005-08-01,North West,,592.0,,True
2005-09-01,North West,,592.0,,True
2005-10-01,North West,,593.0,,True
2005-11-01,North West,,593.0,,True
2005-12-01,North West,,594.0,,True
2006-01-01,North West,121111.0,594.0,5.571180694484836,True
2006-01-02,North West,122474.0,,,True
2006-01-03,North West,122037.0,,,True
2006-01-04,North West,126371.0,,,True
2006-01-05,North West,126866.0,,,True
2006-01-06,North West,128805.0,,,True
2006-01-07,North West,129938.0,,,True
2006-01-08,North West,130349.0,,,True
2006-01-09,North West,131529.0,,,True
2006-01-10,North West,131326.0,,,True
2006-01-11,North West,132398.0,,,True
2006-01-12,North West,133849.0,,,True
2006-02-01,North West,,595.0,,True
2006-03-01,North West,,595.0,,True
2006-04-01,North West,,596.0,,True
2006-05-01,North West,,596.0,,True
2006-06-01,North West,,597.0,,True
2006-07-01,North West,,597.0,,True
2006-08-01,North West,,598.0,,True
2006-09-01,North West,,598.0,,True
2006-10-01,North West,,599.0,,True
2006-11-01,North West,,599.0,,True
2006-12-01,North West,,600.0,,True
2007-01-01,North West,132851.0,600.0,5.21573016363075,True
2007-01-02,North West,133656.0,,,True
2007-01-03,North West,133923.0,,,True
2007-01-04,North West,136370.0,,,True
2007-01-05,North West,137517.0,,,True
2007-01-06,North West,139534.0,,,True
2007-01-07,North West,139945.0,,,True
2007-01-08,North West,140995.0,,,True
2007-01-09,North West,140601.0,,,True
2007-01-10,North West,140841.0,,,True
2007-01-11,North West,140288.0,,,True
2007-01-12,North West,141847.0,,,True
2007-02-01,North West,,601.0,,True
2007-03-01,North West,,601.0,,True
2007-04-01,North West,,602.0,,True
2007-05-01,North West,,602.0,,True
2007-06-01,North West,,603.0,,True
2007-07-01,North West,,603.0,,True
2007-08-01,North West,,604.0,,True
2007-09-01,North West,,604.0,,True
2007-10-01,North West,,605.0,,True
2007-11-01,North West,,605.0,,True
2007-12-01,North West,,606.0,,True
2008-01-01,North West,137996.0,606.0,5.505357262143484,True
2008-01-02,North West,136639.0,,,True
2008-01-03,North West,134901.0,,,True
2008-01-04,North West,137179.0,,,True
2008-01-05,North West,136500.0,,,True
2008-01-06,North West,135994.0,,,True
2008-01-07,North West,133855.0,,,True
2008-01-08,North West,132385.0,,,True
2008-01-09,North West,128319.0,,,True
2008-01-10,North West,126997.0,,,True
2008-01-11,North West,123649.0,,,True
2008-01-12,North West,122404.0,,,True
2008-02-01,North West,,607.0,,True
2008-03-01,North West,,607.0,,True
2008-04-01,North West,,608.0,,True
2008-05-01,North West,,608.0,,True
2008-06-01,North West,,609.0,,True
2008-07-01,North West,,609.0,,True
2008-08-01,North West,,610.0,,True
2008-09-01,North West,,610.0,,True
2008-10-01,North West,,611.0,,True
2008-11-01,North West,,611.0,,True
2008-12-01,North West,,612.0,,True
2009-01-01,North West,118624.0,612.0,6.07153794539167,True
2009-01-02,North West,118127.0,,,True
2009-01-03,North West,116002.0,,,True
2009-01-04,North West,118897.0,,,True
2009-01-05,North West,119324.0,,,True
2009-01-06,North West,119914.0,,,True
2009-01-07,North West,121746.0,,,True
2009-01-08,North West,122580.0,,,True
2009-01-09,North West,123166.0,,,True
2009-01-10,North West,123974.0,,,True
2009-01-11,North West,124385.0,,,True
2009-01-12,North West,126336.0,,,True
2009-02-01,North West,,613.0,,True
2009-03-01,North West,,613.0,,True
2009-04-01,North West,,614.0,,True
2009-05-01,North West,,614.0,,True
2009-06-01,North West,,615.0,,True
2009-07-01,North West,,615.0,,True
2009-08-01,North West,,616.0,,True
2009-09-01,North West,,616.0,,True
2009-10-01,North West,,617.0,,True
2009-11-01,North West,,617.0,,True
2009-12-01,North West,,618.0,,True
2010-01-01,North West,121963.0,618.0,5.989358884202232,True
2010-01-02,North West,123852.0,,,True
2010-01-03,North West,122184.0,,,True
2010-01-04,North West,124848.0,,,True
2010-01-05,North West,124971.0,,,True
2010-01-06,North West,125368.0,,,True
2010-01-07,North West,124676.0,,,True
2010-01-08,North West,126322.0,,,True
2010-01-09,North West,125008.0,,,True
2010-01-10,North West,123923.0,,,True
2010-01-11,North West,122092.0,,,True
2010-01-12,North West,122231.0,,,True
2010-02-01,North West,,619.0,,True
2010-03-01,North West,,619.0,,True
2010-04-01,North West,,620.0,,True
2010-05-01,North West,,621.0,,True
2010-06-01,North West,,621.0,,True
2010-07-01,North West,,622.0,,True
2010-08-01,North West,,622.0,,True
2010-09-01,North West,,623.0,,True
2010-10-01,North West,,623.0,,True
2010-11-01,North West,,624.0,,True
2010-12-01,North West,,624.0,,True
2011-01-01,North West,120876.0,625.0,6.240868931217928,True
2011-01-02,North West,120001.0,,,True
2011-01-03,North West,118899.0,,,True
2011-01-04,North West,120511.0,,,True
2011-01-05,North West,119816.0,,,True
2011-01-06,North West,119566.0,,,True
2011-01-07,North West,121233.0,,,True
2011-01-08,North West,122225.0,,,True
2011-01-09,North West,121416.0,,,True
2011-01-10,North West,120674.0,,,True
2011-01-11,North West,118507.0,,,True
2011-01-12,North West,119152.0,,,True
2011-02-01,North West,,625.0,,True
2011-03-01,North West,,626.0,,True
2011-04-01,North West,,626.0,,True
2011-05-01,North West,,627.0,,True
2011-06-01,North West,,627.0,,True
2011-07-01,North West,,628.0,,True
2011-08-01,North West,,628.0,,True
2011-09-01,North West,,629.0,,True
2011-10-01,North West,,629.0,,True
2011-11-01,North West,,630.0,,True
2011-12-01,North West,,630.0,,True
2012-01-01,North West,117050.0,631.0,6.346227948198161,True
2012-01-02,North West,118474.0,,,True
2012-01-03,North West,118948.0,,,True
2012-01-04,North West,119380.0,,,True
2012-01-05,North West,118612.0,,,True
2012-01-06,North West,120801.0,,,True
2012-01-07,North West,120075.0,,,True
2012-01-08,North West,121104.0,,,True
2012-01-09,North West,120949.0,,,True
2012-01-10,North West,118182.0,,,True
2012-01-11,North West,119974.0,,,True
2012-01-12,North West,118987.0,,,True
2012-02-01,North West,,631.0,,True
2012-03-01,North West,,632.0,,True
2012-04-01,North West,,632.0,,True
2012-05-01,North West,,633.0,,True
2012-06-01,North West,,634.0,,True
2012-07-01,North West,,634.0,,True
2012-08-01,North West,,635.0,,True
2012-09-01,North West,,635.0,,True
2012-10-01,North West,,636.0,,True
2012-11-01,North West,,636.0,,True
2012-12-01,North West,,637.0,,True
2013-01-01,North West,115931.0,637.0,6.3783852871468145,True
2013-01-02,North West,118279.0,,,True
2013-01-03,North West,118157.0,,,True
2013-01-04,North West,118665.0,,,True
2013-01-05,North West,119195.0,,,True
2013-01-06,North West,120605.0,,,True
2013-01-07,North West,120710.0,,,True
2013-01-08,North West,122403.0,,,True
2013-01-09,North West,122287.0,,,True
2013-01-10,North West,120126.0,,,True
2013-01-11,North West,121021.0,,,True
2013-01-12,North West,122233.0,,,True
2013-02-01,North West,,638.0,,True
2013-03-01,North West,,638.0,,True
2013-04-01,North West,,639.0,,True
2013-05-01,North West,,639.0,,True
2013-06-01,North West,,640.0,,True
2013-07-01,North West,,640.0,,True
2013-08-01,North West,,641.0,,True
2013-09-01,North West,,641.0,,True
2013-10-01,North West,,642.0,,True
2013-11-01,North West,,642.0,,True
2013-12-01,North West,,643.0,,True
2014-01-01,North West,120781.0,644.0,6.1595941933158205,True
2014-01-02,North West,122252.0,,,True
2014-01-03,North West,121034.0,,,True
2014-01-04,North West,124342.0,,,True
2014-01-05,North West,124825.0,,,True
2014-01-06,North West,126439.0,,,True
2014-01-07,North West,127145.0,,,True
2014-01-08,North West,128635.0,,,True
2014-01-09,North West,128468.0,,,True
2014-01-10,North West,127847.0,,,True
2014-01-11,North West,127364.0,,,True
2014-01-12,North West,127201.0,,,True
2014-02-01,North West,,644.0,,True
2014-03-01,North West,,645.0,,True
2014-04-01,North West,,645.0,,True
2014-05-01,North West,,646.0,,True
2014-06-01,North West,,646.0,,True
2014-07-01,North West,,647.0,,True
2014-08-01,North West,,647.0,,True
2014-09-01,North West,,648.0,,True
2014-10-01,North West,,648.0,,True
2014-11-01,North West,,649.0,,True
2014-12-01,North West,,649.0,,True
2015-01-01,North West,126599.0,650.0,5.996605405239349,True
2015-01-02,North West,127622.0,,,True
2015-01-03,North West,125873.0,,,True
2015-01-04,North West,127729.0,,,True
2015-01-05,North West,129973.0,,,True
2015-01-06,North West,129481.0,,,True
2015-01-07,North West,131688.0,,,True
2015-01-08,North West,132574.0,,,True
2015-01-09,North West,132859.0,,,True
2015-01-10,North West,132220.0,,,True
2015-01-11,North West,132916.0,,,True
2015-01-12,North West,132950.0,,,True
2015-02-01,North West,,651.0,,True
2015-03-01,North West,,651.0,,True
2015-04-01,North West,,652.0,,True
2015-05-01,North West,,652.0,,True
2015-06-01,North West,,653.0,,True
2015-07-01,North West,,653.0,,True
2015-08-01,North West,,654.0,,True
2015-09-01,North West,,654.0,,True
2015-10-01,North West,,655.0,,True
2015-11-01,North West,,655.0,,True
2015-12-01,North West,,656.0,,True
2016-01-01,North West,133204.0,656.0,5.749037451872593,True
2016-01-02,North West,133083.0,,,True
2016-01-03,North West,131630.0,,,True
2016-01-04,North West,136500.0,,,True
2016-01-05,North West,137497.0,,,True
2016-01-06,North West,137892.0,,,True
2016-01-07,North West,139906.0,,,True
2016-01-08,North West,139750.0,,,True
2016-01-09,North West,139624.0,,,True
2016-01-10,North West,138036.0,,,True
2016-01-11,North West,139331.0,,,True
2016-01-12,North West,139179.0,,,True
2016-02-01,North West,,657.0,,True
2016-03-01,North West,,658.0,,True
2016-04-01,North West,,658.0,,True
2016-05-01,North West,,659.0,,True
2016-06-01,North West,,659.0,,True
2016-07-01,North West,,660.0,,True
2016-08-01,North West,,660.0,,True
2016-09-01,North West,,661.0,,True
2016-10-01,North West,,661.0,,True
2016-11-01,North West,,662.0,,True
2016-12-01,North West,,663.0,,True
2017-01-01,North West,139003.0,663.0,5.5299667165070385,True
2017-01-02,North West,140482.0,,,True
2017-01-03,North West,139230.0,,,True
2017-01-04,North West,141652.0,,,True
2017-01-05,North West,142498.0,,,True
2017-01-06,North West,144298.0,,,True
2017-01-07,North West,145880.0,,,True
2017-01-08,North West,147268.0,,,True
2017-01-09,North West,146802.0,,,True
2017-01-10,North West,146383.0,,,True
2017-01-11,North West,146851.0,,,True
2017-01-12,North West,147837.0,,,True
2017-02-01,North West,,664.0,,True
2017-03-01,North West,,664.0,,True
2017-04-01,North West,,665.0,,True
2017-05-01,North West,,665.0,,True
2017-06-01,North West,,666.0,,True
2017-07-01,North West,,666.0,,True
2017-08-01,North West,,667.0,,True
2017-09-01,North West,,667.0,,True
2017-10-01,North West,,668.0,,True
2017-11-01,North West,,669.0,,True
2017-12-01,North West,,669.0,,True
2018-01-01,North West,144796.0,670.0,5.3914058550998245,True
2018-01-02,North West,146586.0,,,True
2018-01-03,North West,144823.0,,,True
2018-01-04,North West,146818.0,,,True
2018-01-05,North West,147799.0,,,True
2018-01-06,North West,149186.0,,,True
2018-01-07,North West,151077.0,,,True
2018-01-08,North West,151772.0,,,True
2018-01-09,North West,151750.0,,,True
2018-01-10,North West,152467.0,,,True
2018-01-11,North West,151860.0,,,True
2018-01-12,North West,151471.0,,,True
2018-02-01,North West,,670.0,,True
2018-03-01,North West,,671.0,,True
2018-04-01,North West,,671.0,,True
2018-05-01,North West,,672.0,,True
2018-06-01,North West,,672.0,,True
2018-07-01,North West,,673.0,,True
2018-08-01,North West,,674.0,,True
2018-09-01,North West,,674.0,,True
2018-10-01,North West,,675.0,,True
2018-11-01,North West,,675.0,,True
2018-12-01,North West,,676.0,,True
2019-01-01,North West,150205.0,676.0,5.309575459443739,True
2019-01-02,North West,150818.0,,,True
2019-01-03,North West,149518.0,,,True
2019-01-04,North West,150992.0,,,True
2019-01-05,North West,152604.0,,,True
2019-01-06,North West,152440.0,,,True
2019-01-07,North West,154588.0,,,True
2019-01-08,North West,156053.0,,,True
2019-01-09,North West,155419.0,,,True
2019-01-10,North West,155204.0,,,True
2019-01-11,North West,154553.0,,,True
2019-01-12,North West,153685.0,,,True
2019-02-01,North West,,677.0,,True
2019-03-01,North West,,678.0,,True
2019-04-01,North West,,678.0,,True
2019-05-01,North West,,679.0,,True
2019-06-01,North West,,679.0,,True
2019-07-01,North West,,680.0,,True
2019-08-01,North West,,680.0,,True
2019-09-01,North West,,681.0,,True
2019-10-01,North West,,681.0,,True
2019-11-01,North West,,682.0,,True
2019-12-01,North West,,683.0,,True
2020-01-01,North West,153141.0,683.0,5.160700506592412,True
2020-01-02,North West,153325.0,,,True
2020-01-03,North West,155025.0,,,True
2020-01-04,North West,152528.0,,,True
2020-01-05,North West,152857.0,,,True
2020-01-06,North West,157055.0,,,True
2020-01-07,North West,159413.0,,,True
2020-01-08,North West,161286.0,,,True
2020-01-09,North West,162250.0,,,True
2020-01-10,North West,165484.0,,,True
2020-01-11,North West,166199.0,,,True
2020-01-12,North West,169085.0,,,True
2020-02-01,North West,,684.0,,True
2020-03-01,North West,,684.0,,True
2020-04-01,North West,,685.0,,True
2020-05-01,North West,,685.0,,True
2020-06-01,North West,,686.0,,True
2020-07-01,North West,,687.0,,True
2020-08-01,North West,,687.0,,True
2020-09-01,North West,,688.0,,True
2020-10-01,North West,,688.0,,True
2020-11-01,North West,,689.0,,True
2020-12-01,North West,,689.0,,True
2021-01-01,North West,170526.0,690.0,4.657088954163805,True
2021-01-02,North West,173134.0,,,True
2021-01-03,North West,175992.0,,,True
2021-01-04,North West,172587.0,,,True
2021-01-05,North West,172994.0,,,True
2021-01-06,North West,187330.0,,,True
2021-01-07,North West,171845.0,,,True
2021-01-08,North West,178467.0,,,True
2021-01-09,North West,187266.0,,,True
2021-01-10,North West,177157.0,,,True
2021-01-11,North West,182712.0,,,True
2021-01-12,North West,185573.0,,,True
2021-02-01,North West,,691.0,,True
2021-03-01,North West,,691.0,,True
2021-04-01,North West,,692.0,,True
2021-05-01,North West,,692.0,,True
2021-06-01,North West,,693.0,,True
2021-07-01,North West,,693.0,,True
2021-08-01,North West,,694.0,,True
2021-09-01,North West,,695.0,,True
2021-10-01,North West,,695.0,,True
2021-11-01,North West,,696.0,,True
2021-12-01,North West,,696.0,,True
2022-01-01,North West,186704.0,697.0,4.2750314509588545,True
2022-01-02,North West,187066.0,,,True
2022-01-03,North West,187958.0,,,True
2022-01-04,North West,191021.0,,,True
2022-01-05,North West,192942.0,,,True
2022-01-06,North West,194417.0,,,True
2022-01-07,North West,199323.0,,,True
2022-01-08,North West,200868.0,,,True
2022-01-09,North West,202921.0,,,True
2022-01-10,North West,202008.0,,,True
2022-01-11,North West,202872.0,,,True
2022-01-12,North West,200795.0,,,True
2022-02-01,North West,,697.0,,True
2022-03-01,North West,,698.0,,True
2022-04-01,North West,,699.0,,True
2022-05-01,North West,,699.0,,True
2022-06-01,North West,,700.0,,True
2022-07-01,North West,,700.0,,True
2022-08-01,North West,,701.0,,True
2022-09-01,North West,,702.0,,True
2022-10-01,North West,,702.0,,True
2022-11-01,North West,,703.0,,True
2022-12-01,North West,,703.0,,True
2023-01-01,North West,197527.0,704.0,4.265168463725209,True
2023-01-02,North West,196497.0,,,True
2023-01-03,North West,194453.0,,,True
2023-01-04,North West,194385.0,,,True
2023-01-05,North West,196419.0,,,True
2023-01-06,North West,197880.0,,,True
2023-01-07,North West,199014.0,,,True
2023-01-08,North West,200408.0,,,True
2023-01-09,North West,200657.0,,,True
2023-01-10,North West,200939.0,,,True
2023-01-11,North West,199536.0,,,True
2023-01-12,North West,200245.0,,,True
2023-02-01,North West,,704.0,,True
2023-03-01,North West,,705.0,,True
2023-04-01,North West,,706.0,,True
2023-05-01,North West,,706.0,,True
2023-06-01,North West,,707.0,,True
2023-07-01,North West,,707.0,,True
2023-08-01,North West,,708.0,,True
2023-09-01,North West,,709.0,,True
2023-10-01,North West,,709.0,,True
2023-11-01,North West,,710.0,,True
2023-12-01,North West,,710.0,,True
2024-01-01,North West,196802.0,711.0,4.201890259910738,True
2024-01-02,North West,196304.0,,,False
2024-01-03,North West,198378.0,,,False
2024-01-04,North West,198529.0,,,False
2024-01-05,North West,202747.0,,,False
2024-01-06,North West,201998.0,,,False
2024-01-07,North West,203585.0,,,False
2024-01-08,North West,207404.0,,,False
2024-01-09,North West,207922.0,,,False
2024-01-10,North West,207841.0,,,False
2024-01-11,North West,208283.0,,,False
2024-01-12,North West,207967.0,,,False
2024-02-01,North West,,711.0,,False
2024-03-01,North West,,712.0,,False
2024-04-01,North West,,713.0,,False
2024-05-01,North West,,713.0,,False
2024-06-01,North West,,714.0,,False
2024-07-01,North West,,714.0,,False
2024-08-01,North West,,715.0,,False
2024-09-01,North West,,716.0,,False
2024-10-01,North West,,716.0,,False
2024-11-01,North West,,717.0,,False
2024-12-01,North West,,717.0,,False
2025-01-01,North West,207957.0,,,False
2025-01-02,North West,208971.0,,,False
2025-01-03,North West,216243.0,,,False
2025-01-04,North West,200902.0,,,False
2025-01-05,North West,207378.0,,,False
2025-01-06,North West,210951.0,,,False
2025-01-07,North West,212930.0,,,False
2025-01-08,North West,216196.0,,,False
2025-01-09,North West,214567.0,,,False
2025-01-10,North West,215010.0,,,False
2025-01-11,North West,218493.0,,,False
2025-01-12,North West,216223.0,,,False
2026-01-01,North West,214443.0,,,False
2005-01-01,Northern Ireland,105916.0,498.0,5.276986646488223,True
2005-01-02,Northern Ireland,105916.0,,,True
2005-01-03,Northern Ireland,105916.0,,,True
2005-01-04,Northern Ireland,109781.0,,,True
2005-01-05,Northern Ireland,109781.0,,,True
2005-01-06,Northern Ireland,109781.0,,,True
2005-01-07,Northern Ireland,116767.0,,,True
2005-01-08,Northern Ireland,116767.0,,,True
2005-01-09,Northern Ireland,116767.0,,,True
2005-01-10,Northern Ireland,120825.0,,,True
2005-01-11,Northern Ireland,120825.0,,,True
2005-01-12,Northern Ireland,120825.0,,,True
2005-02-01,Northern Ireland,,498.0,,True
2005-03-01,Northern Ireland,,499.0,,True
2005-04-01,Northern Ireland,,499.0,,True
2005-05-01,Northern Ireland,,500.0,,True
2005-06-01,Northern Ireland,,500.0,,True
2005-07-01,Northern Ireland,,500.0,,True
2005-08-01,Northern Ireland,,501.0,,True
2005-09-01,Northern Ireland,,501.0,,True
2005-10-01,Northern Ireland,,502.0,,True
2005-11-01,Northern Ireland,,502.0,,True
2005-12-01,Northern Ireland,,502.0,,True
2006-01-01,Northern Ireland,124258.0,503.0,4.147162472299323,True
2006-01-02,Northern Ireland,124258.0,,,True
2006-01-03,Northern Ireland,124258.0,,,True
2006-01-04,Northern Ireland,136198.0,,,True
2006-01-05,Northern Ireland,136198.0,,,True
2006-01-06,Northern Ireland,136198.0,,,True
2006-01-07,Northern Ireland,151918.0,,,True
2006-01-08,Northern Ireland,151918.0,,,True
2006-01-09,Northern Ireland,151918.0,,,True
2006-01-10,Northern Ireland,170193.0,,,True
2006-01-11,Northern Ireland,170193.0,,,True
2006-01-12,Northern Ireland,170193.0,,,True
2006-02-01,Northern Ireland,,503.0,,True
2006-03-01,Northern Ireland,,504.0,,True
2006-04-01,Northern Ireland,,504.0,,True
2006-05-01,Northern Ireland,,505.0,,True
2006-06-01,Northern Ireland,,505.0,,True
2006-07-01,Northern Ireland,,505.0,,True
2006-08-01,Northern Ireland,,506.0,,True
2006-09-01,Northern Ireland,,506.0,,True
2006-10-01,Northern Ireland,,507.0,,True
2006-11-01,Northern Ireland,,507.0,,True
2006-12-01,Northern Ireland,,507.0,,True
2007-01-01,Northern Ireland,188278.0,508.0,3.016844874825666,True
2007-01-02,Northern Ireland,188278.0,,,True
2007-01-03,Northern Ireland,188278.0,,,True
2007-01-04,Northern Ireland,205123.0,,,True
2007-01-05,Northern Ireland,205123.0,,,True
2007-01-06,Northern Ireland,205123.0,,,True
2007-01-07,Northern Ireland,212617.0,,,True
2007-01-08,Northern Ireland,212617.0,,,True
2007-01-09,Northern Ireland,212617.0,,,True
2007-01-10,Northern Ireland,202774.0,,,True
2007-01-11,Northern Ireland,202774.0,,,True
2007-01-12,Northern Ireland,202774.0,,,True
2007-02-01,Northern Ireland,,508.0,,True
2007-03-01,Northern Ireland,,509.0,,True
2007-04-01,Northern Ireland,,509.0,,True
2007-05-01,Northern Ireland,,510.0,,True
2007-06-01,Northern Ireland,,510.0,,True
2007-07-01,Northern Ireland,,510.0,,True
2007-08-01,Northern Ireland,,511.0,,True
2007-09-01,Northern Ireland,,511.0,,True
2007-10-01,Northern Ireland,,512.0,,True
2007-11-01,Northern Ireland,,512.0,,True
2007-12-01,Northern Ireland,,513.0,,True
2008-01-01,Northern Ireland,187721.0,513.0,3.687629081983897,True
2008-01-02,Northern Ireland,187721.0,,,True
2008-01-03,Northern Ireland,187721.0,,,True
2008-01-04,Northern Ireland,175875.0,,,True
2008-01-05,Northern Ireland,175875.0,,,True
2008-01-06,Northern Ireland,175875.0,,,True
2008-01-07,Northern Ireland,159059.0,,,True
2008-01-08,Northern Ireland,159059.0,,,True
2008-01-09,Northern Ireland,159059.0,,,True
2008-01-10,Northern Ireland,145525.0,,,True
2008-01-11,Northern Ireland,145525.0,,,True
2008-01-12,Northern Ireland,145525.0,,,True
2008-02-01,Northern Ireland,,513.0,,True
2008-03-01,Northern Ireland,,514.0,,True
2008-04-01,Northern Ireland,,514.0,,True
2008-05-01,Northern Ireland,,515.0,,True
2008-06-01,Northern Ireland,,515.0,,True
2008-07-01,Northern Ireland,,516.0,,True
2008-08-01,Northern Ireland,,516.0,,True
2008-09-01,Northern Ireland,,516.0,,True
2008-10-01,Northern Ireland,,517.0,,True
2008-11-01,Northern Ireland,,517.0,,True
2008-12-01,Northern Ireland,,518.0,,True
2009-01-01,Northern Ireland,132669.0,518.0,4.651745058361687,True
2009-01-02,Northern Ireland,132669.0,,,True
2009-01-03,Northern Ireland,132669.0,,,True
2009-01-04,Northern Ireland,133898.0,,,True
2009-01-05,Northern Ireland,133898.0,,,True
2009-01-06,Northern Ireland,133898.0,,,True
2009-01-07,Northern Ireland,134254.0,,,True
2009-01-08,Northern Ireland,134254.0,,,True
2009-01-09,Northern Ireland,134254.0,,,True
2009-01-10,Northern Ireland,134376.0,,,True
2009-01-11,Northern Ireland,134376.0,,,True
2009-01-12,Northern Ireland,134376.0,,,True
2009-02-01,Northern Ireland,,519.0,,True
2009-03-01,Northern Ireland,,519.0,,True
2009-04-01,Northern Ireland,,519.0,,True
2009-05-01,Northern Ireland,,520.0,,True
2009-06-01,Northern Ireland,,520.0,,True
2009-07-01,Northern Ireland,,521.0,,True
2009-08-01,Northern Ireland,,521.0,,True
2009-09-01,Northern Ireland,,522.0,,True
2009-10-01,Northern Ireland,,522.0,,True
2009-11-01,Northern Ireland,,522.0,,True
2009-12-01,Northern Ireland,,523.0,,True
2010-01-01,Northern Ireland,128422.0,523.0,5.041012373904499,True
2010-01-02,Northern Ireland,128422.0,,,True
2010-01-03,Northern Ireland,128422.0,,,True
2010-01-04,Northern Ireland,127299.0,,,True
2010-01-05,Northern Ireland,127299.0,,,True
2010-01-06,Northern Ireland,127299.0,,,True
2010-01-07,Northern Ireland,125074.0,,,True
2010-01-08,Northern Ireland,125074.0,,,True
2010-01-09,Northern Ireland,125074.0,,,True
2010-01-10,Northern Ireland,117835.0,,,True
2010-01-11,Northern Ireland,117835.0,,,True
2010-01-12,Northern Ireland,117835.0,,,True
2010-02-01,Northern Ireland,,524.0,,True
2010-03-01,Northern Ireland,,524.0,,True
2010-04-01,Northern Ireland,,525.0,,True
2010-05-01,Northern Ireland,,525.0,,True
2010-06-01,Northern Ireland,,525.0,,True
2010-07-01,Northern Ireland,,526.0,,True
2010-08-01,Northern Ireland,,526.0,,True
2010-09-01,Northern Ireland,,527.0,,True
2010-10-01,Northern Ireland,,527.0,,True
2010-11-01,Northern Ireland,,528.0,,True
2010-12-01,Northern Ireland,,528.0,,True
2011-01-01,Northern Ireland,112639.0,529.0,5.793292265571527,True
2011-01-02,Northern Ireland,112639.0,,,True
2011-01-03,Northern Ireland,112639.0,,,True
2011-01-04,Northern Ireland,110858.0,,,True
2011-01-05,Northern Ireland,110858.0,,,True
2011-01-06,Northern Ireland,110858.0,,,True
2011-01-07,Northern Ireland,108933.0,,,True
2011-01-08,Northern Ireland,108933.0,,,True
2011-01-09,Northern Ireland,108933.0,,,True
2011-01-10,Northern Ireland,105870.0,,,True
2011-01-11,Northern Ireland,105870.0,,,True
2011-01-12,Northern Ireland,105870.0,,,True
2011-02-01,Northern Ireland,,529.0,,True
2011-03-01,Northern Ireland,,529.0,,True
2011-04-01,Northern Ireland,,530.0,,True
2011-05-01,Northern Ireland,,530.0,,True
2011-06-01,Northern Ireland,,531.0,,True
2011-07-01,Northern Ireland,,531.0,,True
2011-08-01,Northern Ireland,,532.0,,True
2011-09-01,Northern Ireland,,532.0,,True
2011-10-01,Northern Ireland,,532.0,,True
2011-11-01,Northern Ireland,,533.0,,True
2011-12-01,Northern Ireland,,533.0,,True
2012-01-01,Northern Ireland,99094.0,534.0,6.587236971535266,True
2012-01-02,Northern Ireland,99094.0,,,True
2012-01-03,Northern Ireland,99094.0,,,True
2012-01-04,Northern Ireland,99355.0,,,True
2012-01-05,Northern Ireland,99355.0,,,True
2012-01-06,Northern Ireland,99355.0,,,True
2012-01-07,Northern Ireland,96609.0,,,True
2012-01-08,Northern Ireland,96609.0,,,True
2012-01-09,Northern Ireland,96609.0,,,True
2012-01-10,Northern Ireland,94301.0,,,True
2012-01-11,Northern Ireland,94301.0,,,True
2012-01-12,Northern Ireland,94301.0,,,True
2012-02-01,Northern Ireland,,534.0,,True
2012-03-01,Northern Ireland,,535.0,,True
2012-04-01,Northern Ireland,,535.0,,True
2012-05-01,Northern Ireland,,536.0,,True
2012-06-01,Northern Ireland,,536.0,,True
2012-07-01,Northern Ireland,,536.0,,True
2012-08-01,Northern Ireland,,537.0,,True
2012-09-01,Northern Ireland,,537.0,,True
2012-10-01,Northern Ireland,,538.0,,True
2012-11-01,Northern Ireland,,538.0,,True
2012-12-01,Northern Ireland,,539.0,,True
2013-01-01,Northern Ireland,92202.0,539.0,6.84819965103368,True
2013-01-02,Northern Ireland,92202.0,,,True
2013-01-03,Northern Ireland,92202.0,,,True
2013-01-04,Northern Ireland,93906.0,,,True
2013-01-05,Northern Ireland,93906.0,,,True
2013-01-06,Northern Ireland,93906.0,,,True
2013-01-07,Northern Ireland,95738.0,,,True
2013-01-08,Northern Ireland,95738.0,,,True
2013-01-09,Northern Ireland,95738.0,,,True
2013-01-10,Northern Ireland,96414.0,,,True
2013-01-11,Northern Ireland,96414.0,,,True
2013-01-12,Northern Ireland,96414.0,,,True
2013-02-01,Northern Ireland,,540.0,,True
2013-03-01,Northern Ireland,,540.0,,True
2013-04-01,Northern Ireland,,541.0,,True
2013-05-01,Northern Ireland,,541.0,,True
2013-06-01,Northern Ireland,,541.0,,True
2013-07-01,Northern Ireland,,542.0,,True
2013-08-01,Northern Ireland,,542.0,,True
2013-09-01,Northern Ireland,,543.0,,True
2013-10-01,Northern Ireland,,543.0,,True
2013-11-01,Northern Ireland,,544.0,,True
2013-12-01,Northern Ireland,,544.0,,True
2014-01-01,Northern Ireland,98014.0,545.0,6.421601718318502,True
2014-01-02,Northern Ireland,98014.0,,,True
2014-01-03,Northern Ireland,98014.0,,,True
2014-01-04,Northern Ireland,101289.0,,,True
2014-01-05,Northern Ireland,101289.0,,,True
2014-01-06,Northern Ireland,101289.0,,,True
2014-01-07,Northern Ireland,103263.0,,,True
2014-01-08,Northern Ireland,103263.0,,,True
2014-01-09,Northern Ireland,103263.0,,,True
2014-01-10,Northern Ireland,104809.0,,,True
2014-01-11,Northern Ireland,104809.0,,,True
2014-01-12,Northern Ireland,104809.0,,,True
2014-02-01,Northern Ireland,,545.0,,True
2014-03-01,Northern Ireland,,545.0,,True
2014-04-01,Northern Ireland,,546.0,,True
2014-05-01,Northern Ireland,,546.0,,True
2014-06-01,Northern Ireland,,547.0,,True
2014-07-01,Northern Ireland,,547.0,,True
2014-08-01,Northern Ireland,,548.0,,True
2014-09-01,Northern Ireland,,548.0,,True
2014-10-01,Northern Ireland,,549.0,,True
2014-11-01,Northern Ireland,,549.0,,True
2014-12-01,Northern Ireland,,550.0,,True
2015-01-01,Northern Ireland,104989.0,550.0,6.045114089628611,True
2015-01-02,Northern Ireland,104989.0,,,True
2015-01-03,Northern Ireland,104989.0,,,True
2015-01-04,Northern Ireland,108206.0,,,True
2015-01-05,Northern Ireland,108206.0,,,True
2015-01-06,Northern Ireland,108206.0,,,True
2015-01-07,Northern Ireland,111401.0,,,True
2015-01-08,Northern Ireland,111401.0,,,True
2015-01-09,Northern Ireland,111401.0,,,True
2015-01-10,Northern Ireland,112385.0,,,True
2015-01-11,Northern Ireland,112385.0,,,True
2015-01-12,Northern Ireland,112385.0,,,True
2015-02-01,Northern Ireland,,550.0,,True
2015-03-01,Northern Ireland,,551.0,,True
2015-04-01,Northern Ireland,,551.0,,True
2015-05-01,Northern Ireland,,552.0,,True
2015-06-01,Northern Ireland,,552.0,,True
2015-07-01,Northern Ireland,,553.0,,True
2015-08-01,Northern Ireland,,553.0,,True
2015-09-01,Northern Ireland,,554.0,,True
2015-10-01,Northern Ireland,,554.0,,True
2015-11-01,Northern Ireland,,555.0,,True
2015-12-01,Northern Ireland,,555.0,,True
2016-01-01,Northern Ireland,112475.0,556.0,5.733177801981092,True
2016-01-02,Northern Ireland,112475.0,,,True
2016-01-03,Northern Ireland,112475.0,,,True
2016-01-04,Northern Ireland,116637.0,,,True
2016-01-05,Northern Ireland,116637.0,,,True
2016-01-06,Northern Ireland,116637.0,,,True
2016-01-07,Northern Ireland,118039.0,,,True
2016-01-08,Northern Ireland,118039.0,,,True
2016-01-09,Northern Ireland,118039.0,,,True
2016-01-10,Northern Ireland,118350.0,,,True
2016-01-11,Northern Ireland,118350.0,,,True
2016-01-12,Northern Ireland,118350.0,,,True
2016-02-01,Northern Ireland,,556.0,,True
2016-03-01,Northern Ireland,,556.0,,True
2016-04-01,Northern Ireland,,557.0,,True
2016-05-01,Northern Ireland,,557.0,,True
2016-06-01,Northern Ireland,,558.0,,True
2016-07-01,Northern Ireland,,558.0,,True
2016-08-01,Northern Ireland,,559.0,,True
2016-09-01,Northern Ireland,,559.0,,True
2016-10-01,Northern Ireland,,560.0,,True
2016-11-01,Northern Ireland,,560.0,,True
2016-12-01,Northern Ireland,,561.0,,True
2017-01-01,Northern Ireland,118092.0,561.0,5.5810756819532115,True
2017-01-02,Northern Ireland,118092.0,,,True
2017-01-03,Northern Ireland,118092.0,,,True
2017-01-04,Northern Ireland,120356.0,,,True
2017-01-05,Northern Ireland,120356.0,,,True
2017-01-06,Northern Ireland,120356.0,,,True
2017-01-07,Northern Ireland,121964.0,,,True
2017-01-08,Northern Ireland,121964.0,,,True
2017-01-09,Northern Ireland,121964.0,,,True
2017-01-10,Northern Ireland,122649.0,,,True
2017-01-11,Northern Ireland,122649.0,,,True
2017-01-12,Northern Ireland,122649.0,,,True
2017-02-01,Northern Ireland,,562.0,,True
2017-03-01,Northern Ireland,,562.0,,True
2017-04-01,Northern Ireland,,562.0,,True
2017-05-01,Northern Ireland,,563.0,,True
2017-06-01,Northern Ireland,,563.0,,True
2017-07-01,Northern Ireland,,564.0,,True
2017-08-01,Northern Ireland,,564.0,,True
2017-09-01,Northern Ireland,,565.0,,True
2017-10-01,Northern Ireland,,565.0,,True
2017-11-01,Northern Ireland,,566.0,,True
2017-12-01,Northern Ireland,,566.0,,True
2018-01-01,Northern Ireland,123302.0,567.0,5.391023407557569,True
2018-01-02,Northern Ireland,123302.0,,,True
2018-01-03,Northern Ireland,123302.0,,,True
2018-01-04,Northern Ireland,125009.0,,,True
2018-01-05,Northern Ireland,125009.0,,,True
2018-01-06,Northern Ireland,125009.0,,,True
2018-01-07,Northern Ireland,127398.0,,,True
2018-01-08,Northern Ireland,127398.0,,,True
2018-01-09,Northern Ireland,127398.0,,,True
2018-01-10,Northern Ireland,129427.0,,,True
2018-01-11,Northern Ireland,129427.0,,,True
2018-01-12,Northern Ireland,129427.0,,,True
2018-02-01,Northern Ireland,,567.0,,True
2018-03-01,Northern Ireland,,568.0,,True
2018-04-01,Northern Ireland,,568.0,,True
2018-05-01,Northern Ireland,,569.0,,True
2018-06-01,Northern Ireland,,569.0,,True
2018-07-01,Northern Ireland,,569.0,,True
2018-08-01,Northern Ireland,,570.0,,True
2018-09-01,Northern Ireland,,570.0,,True
2018-10-01,Northern Ireland,,571.0,,True
2018-11-01,Northern Ireland,,571.0,,True
2018-12-01,Northern Ireland,,572.0,,True
2019-01-01,Northern Ireland,128168.0,572.0,5.258445881317672,True
2019-01-02,Northern Ireland,128168.0,,,True
2019-01-03,Northern Ireland,128168.0,,,True
2019-01-04,Northern Ireland,129613.0,,,True
2019-01-05,Northern Ireland,129613.0,,,True
2019-01-06,Northern Ireland,129613.0,,,True
2019-01-07,Northern Ireland,132336.0,,,True
2019-01-08,Northern Ireland,132336.0,,,True
2019-01-09,Northern Ireland,132336.0,,,True
2019-01-10,Northern Ireland,132623.0,,,True
2019-01-11,Northern Ireland,132623.0,,,True
2019-01-12,Northern Ireland,132623.0,,,True
2019-02-01,Northern Ireland,,573.0,,True
2019-03-01,Northern Ireland,,573.0,,True
2019-04-01,Northern Ireland,,574.0,,True
2019-05-01,Northern Ireland,,574.0,,True
2019-06-01,Northern Ireland,,575.0,,True
2019-07-01,Northern Ireland,,575.0,,True
2019-08-01,Northern Ireland,,576.0,,True
2019-09-01,Northern Ireland,,576.0,,True
2019-10-01,Northern Ireland,,577.0,,True
2019-11-01,Northern Ireland,,577.0,,True
2019-12-01,Northern Ireland,,578.0,,True
2020-01-01,Northern Ireland,133173.0,578.0,5.124392336288247,True
2020-01-02,Northern Ireland,133173.0,,,True
2020-01-03,Northern Ireland,133173.0,,,True
2020-01-04,Northern Ireland,133286.0,,,True
2020-01-05,Northern Ireland,133286.0,,,True
2020-01-06,Northern Ireland,133286.0,,,True
2020-01-07,Northern Ireland,136013.0,,,True
2020-01-08,Northern Ireland,136013.0,,,True
2020-01-09,Northern Ireland,136013.0,,,True
2020-01-10,Northern Ireland,139563.0,,,True
2020-01-11,Northern Ireland,139563.0,,,True
2020-01-12,Northern Ireland,139563.0,,,True
2020-02-01,Northern Ireland,,579.0,,True
2020-03-01,Northern Ireland,,579.0,,True
2020-04-01,Northern Ireland,,579.0,,True
2020-05-01,Northern Ireland,,580.0,,True
2020-06-01,Northern Ireland,,580.0,,True
2020-07-01,Northern Ireland,,581.0,,True
2020-08-01,Northern Ireland,,581.0,,True
2020-09-01,Northern Ireland,,582.0,,True
2020-10-01,Northern Ireland,,582.0,,True
2020-11-01,Northern Ireland,,583.0,,True
2020-12-01,Northern Ireland,,583.0,,True
2021-01-01,Northern Ireland,141087.0,584.0,4.768178595896524,True
2021-01-02,Northern Ireland,141087.0,,,True
2021-01-03,Northern Ireland,141087.0,,,True
2021-01-04,Northern Ireland,146044.0,,,True
2021-01-05,Northern Ireland,146044.0,,,True
2021-01-06,Northern Ireland,146044.0,,,True
2021-01-07,Northern Ireland,150563.0,,,True
2021-01-08,Northern Ireland,150563.0,,,True
2021-01-09,Northern Ireland,150563.0,,,True
2021-01-10,Northern Ireland,150539.0,,,True
2021-01-11,Northern Ireland,150539.0,,,True
2021-01-12,Northern Ireland,150539.0,,,True
2021-02-01,Northern Ireland,,584.0,,True
2021-03-01,Northern Ireland,,585.0,,True
2021-04-01,Northern Ireland,,585.0,,True
2021-05-01,Northern Ireland,,586.0,,True
2021-06-01,Northern Ireland,,586.0,,True
2021-07-01,Northern Ireland,,587.0,,True
2021-08-01,Northern Ireland,,587.0,,True
2021-09-01,Northern Ireland,,588.0,,True
2021-10-01,Northern Ireland,,588.0,,True
2021-11-01,Northern Ireland,,589.0,,True
2021-12-01,Northern Ireland,,589.0,,True
2022-01-01,Northern Ireland,155086.0,590.0,4.37694627057486,True
2022-01-02,Northern Ireland,155086.0,,,True
2022-01-03,Northern Ireland,155086.0,,,True
2022-01-04,Northern Ireland,160214.0,,,True
2022-01-05,Northern Ireland,160214.0,,,True
2022-01-06,Northern Ireland,160214.0,,,True
2022-01-07,Northern Ireland,166363.0,,,True
2022-01-08,Northern Ireland,166363.0,,,True
2022-01-09,Northern Ireland,166363.0,,,True
2022-01-10,Northern Ireland,165729.0,,,True
2022-01-11,Northern Ireland,165729.0,,,True
2022-01-12,Northern Ireland,165729.0,,,True
2022-02-01,Northern Ireland,,590.0,,True
2022-03-01,Northern Ireland,,591.0,,True
2022-04-01,Northern Ireland,,591.0,,True
2022-05-01,Northern Ireland,,592.0,,True
2022-06-01,Northern Ireland,,592.0,,True
2022-07-01,Northern Ireland,,593.0,,True
2022-08-01,Northern Ireland,,593.0,,True
2022-09-01,Northern Ireland,,594.0,,True
2022-10-01,Northern Ireland,,594.0,,True
2022-11-01,Northern Ireland,,595.0,,True
2022-12-01,Northern Ireland,,595.0,,True
2023-01-01,Northern Ireland,162479.0,596.0,4.304691036455428,True
2023-01-02,Northern Ireland,162479.0,,,True
2023-01-03,Northern Ireland,162479.0,,,True
2023-01-04,Northern Ireland,164587.0,,,True
2023-01-05,Northern Ireland,164587.0,,,True
2023-01-06,Northern Ireland,164587.0,,,True
2023-01-07,Northern Ireland,169726.0,,,True
2023-01-08,Northern Ireland,169726.0,,,True
2023-01-09,Northern Ireland,169726.0,,,True
2023-01-10,Northern Ireland,168157.0,,,True
2023-01-11,Northern Ireland,168157.0,,,True
2023-01-12,Northern Ireland,168157.0,,,True
2023-02-01,Northern Ireland,,596.0,,True
2023-03-01,Northern Ireland,,597.0,,True
2023-04-01,Northern Ireland,,597.0,,True
2023-05-01,Northern Ireland,,598.0,,True
2023-06-01,Northern Ireland,,598.0,,True
2023-07-01,Northern Ireland,,599.0,,True
2023-08-01,Northern Ireland,,599.0,,True
2023-09-01,Northern Ireland,,600.0,,True
2023-10-01,Northern Ireland,,600.0,,True
2023-11-01,Northern Ireland,,601.0,,True
2023-12-01,Northern Ireland,,601.0,,True
2024-01-01,Northern Ireland,169060.0,602.0,4.087859571730539,True
2024-01-02,Northern Ireland,169060.0,,,False
2024-01-03,Northern Ireland,169060.0,,,False
2024-01-04,Northern Ireland,175418.0,,,False
2024-01-05,Northern Ireland,175418.0,,,False
2024-01-06,Northern Ireland,175418.0,,,False
2024-01-07,Northern Ireland,180467.0,,,False
2024-01-08,Northern Ireland,180467.0,,,False
2024-01-09,Northern Ireland,180467.0,,,False
2024-01-10,Northern Ireland,182320.0,,,False
2024-01-11,Northern Ireland,182320.0,,,False
2024-01-12,Northern Ireland,182320.0,,,False
2024-02-01,Northern Ireland,,602.0,,False
2024-03-01,Northern Ireland,,603.0,,False
2024-04-01,Northern Ireland,,603.0,,False
2024-05-01,Northern Ireland,,604.0,,False
2024-06-01,Northern Ireland,,604.0,,False
2024-07-01,Northern Ireland,,605.0,,False
2024-08-01,Northern Ireland,,605.0,,False
2024-09-01,Northern Ireland,,606.0,,False
2024-10-01,Northern Ireland,,606.0,,False
2024-11-01,Northern Ireland,,607.0,,False
2024-12-01,Northern Ireland,,607.0,,False
2025-01-01,Northern Ireland,184322.0,,,False
2025-01-02,Northern Ireland,184322.0,,,False
2025-01-03,Northern Ireland,184322.0,,,False
2025-01-04,Northern Ireland,185455.0,,,False
2025-01-05,Northern Ireland,185455.0,,,False
2025-01-06,Northern Ireland,185455.0,,,False
2025-01-07,Northern Ireland,193178.0,,,False
2025-01-08,Northern Ireland,193178.0,,,False
2025-01-09,Northern Ireland,193178.0,,,False
2025-01-10,Northern Ireland,195936.0,,,False
2025-01-11,Northern Ireland,195936.0,,,False
2025-01-12,Northern Ireland,195936.0,,,False
2026-01-01,Northern Ireland,195936.0,,,False
2005-01-01,Scotland,90440.0,634.0,7.543579731832281,True
2005-01-02,Scotland,90028.0,,,True
2005-01-03,Scotland,92995.0,,,True
2005-01-04,Scotland,98866.0,,,True
2005-01-05,Scotland,99902.0,,,True
2005-01-06,Scotland,103919.0,,,True
2005-01-07,Scotland,105856.0,,,True
2005-01-08,Scotland,105951.0,,,True
2005-01-09,Scotland,106034.0,,,True
2005-01-10,Scotland,105467.0,,,True
2005-01-11,Scotland,104885.0,,,True
2005-01-12,Scotland,106541.0,,,True
2005-02-01,Scotland,,634.0,,True
2005-03-01,Scotland,,635.0,,True
2005-04-01,Scotland,,635.0,,True
2005-05-01,Scotland,,636.0,,True
2005-06-01,Scotland,,636.0,,True
2005-07-01,Scotland,,637.0,,True
2005-08-01,Scotland,,637.0,,True
2005-09-01,Scotland,,638.0,,True
2005-10-01,Scotland,,638.0,,True
2005-11-01,Scotland,,639.0,,True
2005-12-01,Scotland,,640.0,,True
2006-01-01,Scotland,105257.0,640.0,6.68608948993347,True
2006-01-02,Scotland,103309.0,,,True
2006-01-03,Scotland,107282.0,,,True
2006-01-04,Scotland,111829.0,,,True
2006-01-05,Scotland,114395.0,,,True
2006-01-06,Scotland,115914.0,,,True
2006-01-07,Scotland,118077.0,,,True
2006-01-08,Scotland,119737.0,,,True
2006-01-09,Scotland,121628.0,,,True
2006-01-10,Scotland,118828.0,,,True
2006-01-11,Scotland,120670.0,,,True
2006-01-12,Scotland,122894.0,,,True
2006-02-01,Scotland,,641.0,,True
2006-03-01,Scotland,,641.0,,True
2006-04-01,Scotland,,642.0,,True
2006-05-01,Scotland,,642.0,,True
2006-06-01,Scotland,,643.0,,True
2006-07-01,Scotland,,643.0,,True
2006-08-01,Scotland,,644.0,,True
2006-09-01,Scotland,,644.0,,True
2006-10-01,Scotland,,645.0,,True
2006-11-01,Scotland,,645.0,,True
2006-12-01,Scotland,,646.0,,True
2007-01-01,Scotland,121923.0,646.0,5.887278037523435,True
2007-01-02,Scotland,119596.0,,,True
2007-01-03,Scotland,124226.0,,,True
2007-01-04,Scotland,130471.0,,,True
2007-01-05,Scotland,133535.0,,,True
2007-01-06,Scotland,136549.0,,,True
2007-01-07,Scotland,136470.0,,,True
2007-01-08,Scotland,137886.0,,,True
2007-01-09,Scotland,136930.0,,,True
2007-01-10,Scotland,134287.0,,,True
2007-01-11,Scotland,136189.0,,,True
2007-01-12,Scotland,134469.0,,,True
2007-02-01,Scotland,,647.0,,True
2007-03-01,Scotland,,648.0,,True
2007-04-01,Scotland,,648.0,,True
2007-05-01,Scotland,,649.0,,True
2007-06-01,Scotland,,649.0,,True
2007-07-01,Scotland,,650.0,,True
2007-08-01,Scotland,,650.0,,True
2007-09-01,Scotland,,651.0,,True
2007-10-01,Scotland,,651.0,,True
2007-11-01,Scotland,,652.0,,True
2007-12-01,Scotland,,652.0,,True
2008-01-01,Scotland,133172.0,653.0,5.962702686258404,True
2008-01-02,Scotland,132325.0,,,True
2008-01-03,Scotland,132653.0,,,True
2008-01-04,Scotland,134077.0,,,True
2008-01-05,Scotland,140152.0,,,True
2008-01-06,Scotland,136219.0,,,True
2008-01-07,Scotland,134444.0,,,True
2008-01-08,Scotland,132590.0,,,True
2008-01-09,Scotland,127429.0,,,True
2008-01-10,Scotland,128794.0,,,True
2008-01-11,Scotland,124927.0,,,True
2008-01-12,Scotland,121026.0,,,True
2008-02-01,Scotland,,653.0,,True
2008-03-01,Scotland,,654.0,,True
2008-04-01,Scotland,,655.0,,True
2008-05-01,Scotland,,655.0,,True
2008-06-01,Scotland,,656.0,,True
2008-07-01,Scotland,,656.0,,True
2008-08-01,Scotland,,657.0,,True
2008-09-01,Scotland,,657.0,,True
2008-10-01,Scotland,,658.0,,True
2008-11-01,Scotland,,658.0,,True
2008-12-01,Scotland,,659.0,,True
2009-01-01,Scotland,119792.0,659.0,6.336735061267107,True
2009-01-02,Scotland,116433.0,,,True
2009-01-03,Scotland,120988.0,,,True
2009-01-04,Scotland,122189.0,,,True
2009-01-05,Scotland,125773.0,,,True
2009-01-06,Scotland,127072.0,,,True
2009-01-07,Scotland,128109.0,,,True
2009-01-08,Scotland,127658.0,,,True
2009-01-09,Scotland,126761.0,,,True
2009-01-10,Scotland,127904.0,,,True
2009-01-11,Scotland,129125.0,,,True
2009-01-12,Scotland,128022.0,,,True
2009-02-01,Scotland,,660.0,,True
2009-03-01,Scotland,,661.0,,True
2009-04-01,Scotland,,661.0,,True
2009-05-01,Scotland,,662.0,,True
2009-06-01,Scotland,,662.0,,True
2009-07-01,Scotland,,663.0,,True
2009-08-01,Scotland,,663.0,,True
2009-09-01,Scotland,,664.0,,True
2009-10-01,Scotland,,664.0,,True
2009-11-01,Scotland,,665.0,,True
2009-12-01,Scotland,,665.0,,True
2010-01-01,Scotland,124112.0,666.0,6.302669968565435,True
2010-01-02,Scotland,121755.0,,,True
2010-01-03,Scotland,124038.0,,,True
2010-01-04,Scotland,128143.0,,,True
2010-01-05,Scotland,127965.0,,,True
2010-01-06,Scotland,129189.0,,,True
2010-01-07,Scotland,130339.0,,,True
2010-01-08,Scotland,128781.0,,,True
2010-01-09,Scotland,128715.0,,,True
2010-01-10,Scotland,128708.0,,,True
2010-01-11,Scotland,126552.0,,,True
2010-01-12,Scotland,124867.0,,,True
2010-02-01,Scotland,,667.0,,True
2010-03-01,Scotland,,667.0,,True
2010-04-01,Scotland,,668.0,,True
2010-05-01,Scotland,,668.0,,True
2010-06-01,Scotland,,669.0,,True
2010-07-01,Scotland,,669.0,,True
2010-08-01,Scotland,,670.0,,True
2010-09-01,Scotland,,670.0,,True
2010-10-01,Scotland,,671.0,,True
2010-11-01,Scotland,,672.0,,True
2010-12-01,Scotland,,672.0,,True
2011-01-01,Scotland,124856.0,673.0,6.484304518883464,True
2011-01-02,Scotland,121170.0,,,True
2011-01-03,Scotland,121416.0,,,True
2011-01-04,Scotland,124954.0,,,True
2011-01-05,Scotland,124938.0,,,True
2011-01-06,Scotland,126264.0,,,True
2011-01-07,Scotland,128400.0,,,True
2011-01-08,Scotland,127523.0,,,True
2011-01-09,Scotland,126976.0,,,True
2011-01-10,Scotland,124255.0,,,True
2011-01-11,Scotland,123373.0,,,True
2011-01-12,Scotland,121178.0,,,True
2011-02-01,Scotland,,673.0,,True
2011-03-01,Scotland,,674.0,,True
2011-04-01,Scotland,,674.0,,True
2011-05-01,Scotland,,675.0,,True
2011-06-01,Scotland,,675.0,,True
2011-07-01,Scotland,,676.0,,True
2011-08-01,Scotland,,677.0,,True
2011-09-01,Scotland,,677.0,,True
2011-10-01,Scotland,,678.0,,True
2011-11-01,Scotland,,678.0,,True
2011-12-01,Scotland,,679.0,,True
2012-01-01,Scotland,120989.0,679.0,6.77021575222891,True
2012-01-02,Scotland,117292.0,,,True
2012-01-03,Scotland,120685.0,,,True
2012-01-04,Scotland,120417.0,,,True
2012-01-05,Scotland,121688.0,,,True
2012-01-06,Scotland,123523.0,,,True
2012-01-07,Scotland,122685.0,,,True
2012-01-08,Scotland,121958.0,,,True
2012-01-09,Scotland,121080.0,,,True
2012-01-10,Scotland,119920.0,,,True
2012-01-11,Scotland,118524.0,,,True
2012-01-12,Scotland,117574.0,,,True
2012-02-01,Scotland,,680.0,,True
2012-03-01,Scotland,,681.0,,True
2012-04-01,Scotland,,681.0,,True
2012-05-01,Scotland,,682.0,,True
2012-06-01,Scotland,,682.0,,True
2012-07-01,Scotland,,683.0,,True
2012-08-01,Scotland,,683.0,,True
2012-09-01,Scotland,,684.0,,True
2012-10-01,Scotland,,685.0,,True
2012-11-01,Scotland,,685.0,,True
2012-12-01,Scotland,,686.0,,True
2013-01-01,Scotland,117973.0,686.0,6.809087322000004,True
2013-01-02,Scotland,115650.0,,,True
2013-01-03,Scotland,116783.0,,,True
2013-01-04,Scotland,118758.0,,,True
2013-01-05,Scotland,120633.0,,,True
2013-01-06,Scotland,122327.0,,,True
2013-01-07,Scotland,123580.0,,,True
2013-01-08,Scotland,124889.0,,,True
2013-01-09,Scotland,122961.0,,,True
2013-01-10,Scotland,122611.0,,,True
2013-01-11,Scotland,123781.0,,,True
2013-01-12,Scotland,122231.0,,,True
2013-02-01,Scotland,,687.0,,True
2013-03-01,Scotland,,687.0,,True
2013-04-01,Scotland,,688.0,,True
2013-05-01,Scotland,,688.0,,True
2013-06-01,Scotland,,689.0,,True
2013-07-01,Scotland,,690.0,,True
2013-08-01,Scotland,,690.0,,True
2013-09-01,Scotland,,691.0,,True
2013-10-01,Scotland,,691.0,,True
2013-11-01,Scotland,,692.0,,True
2013-12-01,Scotland,,692.0,,True
2014-01-01,Scotland,122220.0,693.0,6.569767938969455,True
2014-01-02,Scotland,120322.0,,,True
2014-01-03,Scotland,121877.0,,,True
2014-01-04,Scotland,124711.0,,,True
2014-01-05,Scotland,126714.0,,,True
2014-01-06,Scotland,128414.0,,,True
2014-01-07,Scotland,130067.0,,,True
2014-01-08,Scotland,130465.0,,,True
2014-01-09,Scotland,129726.0,,,True
2014-01-10,Scotland,129927.0,,,True
2014-01-11,Scotland,128308.0,,,True
2014-01-12,Scotland,127668.0,,,True
2014-02-01,Scotland,,694.0,,True
2014-03-01,Scotland,,694.0,,True
2014-04-01,Scotland,,695.0,,True
2014-05-01,Scotland,,695.0,,True
2014-06-01,Scotland,,696.0,,True
2014-07-01,Scotland,,697.0,,True
2014-08-01,Scotland,,697.0,,True
2014-09-01,Scotland,,698.0,,True
2014-10-01,Scotland,,698.0,,True
2014-11-01,Scotland,,699.0,,True
2014-12-01,Scotland,,699.0,,True
2015-01-01,Scotland,129869.0,700.0,6.382865659707022,True
2015-01-02,Scotland,127575.0,,,True
2015-01-03,Scotland,134523.0,,,True
2015-01-04,Scotland,128978.0,,,True
2015-01-05,Scotland,130564.0,,,True
2015-01-06,Scotland,131762.0,,,True
2015-01-07,Scotland,133810.0,,,True
2015-01-08,Scotland,133341.0,,,True
2015-01-09,Scotland,133035.0,,,True
2015-01-10,Scotland,132471.0,,,True
2015-01-11,Scotland,133255.0,,,True
2015-01-12,Scotland,131549.0,,,True
2015-02-01,Scotland,,701.0,,True
2015-03-01,Scotland,,701.0,,True
2015-04-01,Scotland,,702.0,,True
2015-05-01,Scotland,,702.0,,True
2015-06-01,Scotland,,703.0,,True
2015-07-01,Scotland,,703.0,,True
2015-08-01,Scotland,,704.0,,True
2015-09-01,Scotland,,705.0,,True
2015-10-01,Scotland,,705.0,,True
2015-11-01,Scotland,,706.0,,True
2015-12-01,Scotland,,706.0,,True
2016-01-01,Scotland,131634.0,707.0,6.360123652427581,True
2016-01-02,Scotland,129551.0,,,True
2016-01-03,Scotland,131107.0,,,True
2016-01-04,Scotland,131303.0,,,True
2016-01-05,Scotland,133044.0,,,True
2016-01-06,Scotland,134949.0,,,True
2016-01-07,Scotland,136931.0,,,True
2016-01-08,Scotland,135571.0,,,True
2016-01-09,Scotland,135236.0,,,True
2016-01-10,Scotland,134368.0,,,True
2016-01-11,Scotland,135543.0,,,True
2016-01-12,Scotland,132996.0,,,True
2016-02-01,Scotland,,708.0,,True
2016-03-01,Scotland,,708.0,,True
2016-04-01,Scotland,,709.0,,True
2016-05-01,Scotland,,709.0,,True
2016-06-01,Scotland,,710.0,,True
2016-07-01,Scotland,,711.0,,True
2016-08-01,Scotland,,711.0,,True
2016-09-01,Scotland,,712.0,,True
2016-10-01,Scotland,,712.0,,True
2016-11-01,Scotland,,713.0,,True
2016-12-01,Scotland,,713.0,,True
2017-01-01,Scotland,133141.0,714.0,6.239276546572071,True
2017-01-02,Scotland,130885.0,,,True
2017-01-03,Scotland,131731.0,,,True
2017-01-04,Scotland,135773.0,,,True
2017-01-05,Scotland,136715.0,,,True
2017-01-06,Scotland,138220.0,,,True
2017-01-07,Scotland,142004.0,,,True
2017-01-08,Scotland,141685.0,,,True
2017-01-09,Scotland,139082.0,,,True
2017-01-10,Scotland,139591.0,,,True
2017-01-11,Scotland,140834.0,,,True
2017-01-12,Scotland,139761.0,,,True
2017-02-01,Scotland,,715.0,,True
2017-03-01,Scotland,,715.0,,True
2017-04-01,Scotland,,716.0,,True
2017-05-01,Scotland,,716.0,,True
2017-06-01,Scotland,,717.0,,True
2017-07-01,Scotland,,718.0,,True
2017-08-01,Scotland,,718.0,,True
2017-09-01,Scotland,,719.0,,True
2017-10-01,Scotland,,719.0,,True
2017-11-01,Scotland,,720.0,,True
2017-12-01,Scotland,,721.0,,True
2018-01-01,Scotland,141353.0,721.0,6.035516155111371,True
2018-01-02,Scotland,140480.0,,,True
2018-01-03,Scotland,139202.0,,,True
2018-01-04,Scotland,142832.0,,,True
2018-01-05,Scotland,143019.0,,,True
2018-01-06,Scotland,144308.0,,,True
2018-01-07,Scotland,146056.0,,,True
2018-01-08,Scotland,146404.0,,,True
2018-01-09,Scotland,145738.0,,,True
2018-01-10,Scotland,145816.0,,,True
2018-01-11,Scotland,143919.0,,,True
2018-01-12,Scotland,142681.0,,,True
2018-02-01,Scotland,,722.0,,True
2018-03-01,Scotland,,722.0,,True
2018-04-01,Scotland,,723.0,,True
2018-05-01,Scotland,,724.0,,True
2018-06-01,Scotland,,724.0,,True
2018-07-01,Scotland,,725.0,,True
2018-08-01,Scotland,,725.0,,True
2018-09-01,Scotland,,726.0,,True
2018-10-01,Scotland,,727.0,,True
2018-11-01,Scotland,,727.0,,True
2018-12-01,Scotland,,728.0,,True
2019-01-01,Scotland,144124.0,728.0,5.987946075629648,True
2019-01-02,Scotland,141355.0,,,True
2019-01-03,Scotland,143985.0,,,True
2019-01-04,Scotland,145110.0,,,True
2019-01-05,Scotland,145709.0,,,True
2019-01-06,Scotland,146925.0,,,True
2019-01-07,Scotland,148942.0,,,True
2019-01-08,Scotland,148383.0,,,True
2019-01-09,Scotland,149037.0,,,True
2019-01-10,Scotland,148150.0,,,True
2019-01-11,Scotland,146779.0,,,True
2019-01-12,Scotland,144623.0,,,True
2019-02-01,Scotland,,729.0,,True
2019-03-01,Scotland,,730.0,,True
2019-04-01,Scotland,,730.0,,True
2019-05-01,Scotland,,731.0,,True
2019-06-01,Scotland,,731.0,,True
2019-07-01,Scotland,,732.0,,True
2019-08-01,Scotland,,733.0,,True
2019-09-01,Scotland,,733.0,,True
2019-10-01,Scotland,,734.0,,True
2019-11-01,Scotland,,734.0,,True
2019-12-01,Scotland,,735.0,,True
2020-01-01,Scotland,147731.0,736.0,5.882676031723576,True
2020-01-02,Scotland,143944.0,,,True
2020-01-03,Scotland,144948.0,,,True
2020-01-04,Scotland,146059.0,,,True
2020-01-05,Scotland,147150.0,,,True
2020-01-06,Scotland,149474.0,,,True
2020-01-07,Scotland,148755.0,,,True
2020-01-08,Scotland,148875.0,,,True
2020-01-09,Scotland,154532.0,,,True
2020-01-10,Scotland,156874.0,,,True
2020-01-11,Scotland,157849.0,,,True
2020-01-12,Scotland,156254.0,,,True
2020-02-01,Scotland,,736.0,,True
2020-03-01,Scotland,,737.0,,True
2020-04-01,Scotland,,738.0,,True
2020-05-01,Scotland,,738.0,,True
2020-06-01,Scotland,,739.0,,True
2020-07-01,Scotland,,739.0,,True
2020-08-01,Scotland,,740.0,,True
2020-09-01,Scotland,,741.0,,True
2020-10-01,Scotland,,741.0,,True
2020-11-01,Scotland,,742.0,,True
2020-12-01,Scotland,,742.0,,True
2021-01-01,Scotland,157866.0,743.0,5.4093208344319885,True
2021-01-02,Scotland,155612.0,,,True
2021-01-03,Scotland,160963.0,,,True
2021-01-04,Scotland,154719.0,,,True
2021-01-05,Scotland,161935.0,,,True
2021-01-06,Scotland,165261.0,,,True
2021-01-07,Scotland,168799.0,,,True
2021-01-08,Scotland,170669.0,,,True
2021-01-09,Scotland,170829.0,,,True
2021-01-10,Scotland,170955.0,,,True
2021-01-11,Scotland,172873.0,,,True
2021-01-12,Scotland,169213.0,,,True
2021-02-01,Scotland,,744.0,,True
2021-03-01,Scotland,,744.0,,True
2021-04-01,Scotland,,745.0,,True
2021-05-01,Scotland,,746.0,,True
2021-06-01,Scotland,,746.0,,True
2021-07-01,Scotland,,747.0,,True
2021-08-01,Scotland,,747.0,,True
2021-09-01,Scotland,,748.0,,True
2021-10-01,Scotland,,749.0,,True
2021-11-01,Scotland,,749.0,,True
2021-12-01,Scotland,,750.0,,True
2022-01-01,Scotland,173589.0,750.0,5.062971124716114,True
2022-01-02,Scotland,170905.0,,,True
2022-01-03,Scotland,171510.0,,,True
2022-01-04,Scotland,175109.0,,,True
2022-01-05,Scotland,177326.0,,,True
2022-01-06,Scotland,181120.0,,,True
2022-01-07,Scotland,182979.0,,,True
2022-01-08,Scotland,183378.0,,,True
2022-01-09,Scotland,181639.0,,,True
2022-01-10,Scotland,182341.0,,,True
2022-01-11,Scotland,180523.0,,,True
2022-01-12,Scotland,175560.0,,,True
2022-02-01,Scotland,,751.0,,True
2022-03-01,Scotland,,752.0,,True
2022-04-01,Scotland,,752.0,,True
2022-05-01,Scotland,,753.0,,True
2022-06-01,Scotland,,754.0,,True
2022-07-01,Scotland,,754.0,,True
2022-08-01,Scotland,,755.0,,True
2022-09-01,Scotland,,755.0,,True
2022-10-01,Scotland,,756.0,,True
2022-11-01,Scotland,,757.0,,True
2022-12-01,Scotland,,757.0,,True
2023-01-01,Scotland,175092.0,758.0,5.122905080326746,True
2023-01-02,Scotland,171282.0,,,True
2023-01-03,Scotland,173352.0,,,True
2023-01-04,Scotland,175512.0,,,True
2023-01-05,Scotland,179854.0,,,True
2023-01-06,Scotland,177705.0,,,True
2023-01-07,Scotland,181013.0,,,True
2023-01-08,Scotland,182593.0,,,True
2023-01-09,Scotland,180364.0,,,True
2023-01-10,Scotland,180051.0,,,True
2023-01-11,Scotland,179184.0,,,True
2023-01-12,Scotland,176538.0,,,True
2023-02-01,Scotland,,759.0,,True
2023-03-01,Scotland,,759.0,,True
2023-04-01,Scotland,,760.0,,True
2023-05-01,Scotland,,761.0,,True
2023-06-01,Scotland,,761.0,,True
2023-07-01,Scotland,,762.0,,True
2023-08-01,Scotland,,762.0,,True
2023-09-01,Scotland,,763.0,,True
2023-10-01,Scotland,,764.0,,True
2023-11-01,Scotland,,764.0,,True
2023-12-01,Scotland,,765.0,,True
2024-01-01,Scotland,179248.0,766.0,5.0525274770557145,True
2024-01-02,Scotland,175883.0,,,False
2024-01-03,Scotland,177778.0,,,False
2024-01-04,Scotland,180647.0,,,False
2024-01-05,Scotland,180418.0,,,False
2024-01-06,Scotland,181219.0,,,False
2024-01-07,Scotland,185882.0,,,False
2024-01-08,Scotland,186285.0,,,False
2024-01-09,Scotland,184496.0,,,False
2024-01-10,Scotland,185664.0,,,False
2024-01-11,Scotland,184775.0,,,False
2024-01-12,Scotland,181800.0,,,False
2024-02-01,Scotland,,766.0,,False
2024-03-01,Scotland,,767.0,,False
2024-04-01,Scotland,,767.0,,False
2024-05-01,Scotland,,768.0,,False
2024-06-01,Scotland,,769.0,,False
2024-07-01,Scotland,,769.0,,False
2024-08-01,Scotland,,770.0,,False
2024-09-01,Scotland,,771.0,,False
2024-10-01,Scotland,,771.0,,False
2024-11-01,Scotland,,772.0,,False
2024-12-01,Scotland,,773.0,,False
2025-01-01,Scotland,185315.0,,,False
2025-01-02,Scotland,182060.0,,,False
2025-01-03,Scotland,183281.0,,,False
2025-01-04,Scotland,185976.0,,,False
2025-01-05,Scotland,186632.0,,,False
2025-01-06,Scotland,189952.0,,,False
2025-01-07,Scotland,190707.0,,,False
2025-01-08,Scotland,191604.0,,,False
2025-01-09,Scotland,191725.0,,,False
2025-01-10,Scotland,191865.0,,,False
2025-01-11,Scotland,192776.0,,,False
2025-01-12,Scotland,188287.0,,,False
2026-01-01,Scotland,187716.0,,,False
2005-01-01,South East,197095.0,815.0,4.880161541460674,True
2005-01-02,South East,197964.0,,,True
2005-01-03,South East,197976.0,,,True
2005-01-04,South East,199492.0,,,True
2005-01-05,South East,200349.0,,,True
2005-01-06,South East,200722.0,,,True
2005-01-07,South East,201847.0,,,True
2005-01-08,South East,202466.0,,,True
2005-01-09,South East,202698.0,,,True
2005-01-10,South East,200825.0,,,True
2005-01-11,South East,202090.0,,,True
2005-01-12,South East,202298.0,,,True
2005-02-01,South East,,815.0,,True
2005-03-01,South East,,816.0,,True
2005-04-01,South East,,817.0,,True
2005-05-01,South East,,817.0,,True
2005-06-01,South East,,818.0,,True
2005-07-01,South East,,819.0,,True
2005-08-01,South East,,820.0,,True
2005-09-01,South East,,820.0,,True
2005-10-01,South East,,821.0,,True
2005-11-01,South East,,822.0,,True
2005-12-01,South East,,822.0,,True
2006-01-01,South East,202770.0,823.0,4.6727742193723465,True
2006-01-02,South East,203401.0,,,True
2006-01-03,South East,204255.0,,,True
2006-01-04,South East,206834.0,,,True
2006-01-05,South East,210031.0,,,True
2006-01-06,South East,211136.0,,,True
2006-01-07,South East,213316.0,,,True
2006-01-08,South East,214624.0,,,True
2006-01-09,South East,216474.0,,,True
2006-01-10,South East,216253.0,,,True
2006-01-11,South East,218140.0,,,True
2006-01-12,South East,221044.0,,,True
2006-02-01,South East,,824.0,,True
2006-03-01,South East,,824.0,,True
2006-04-01,South East,,825.0,,True
2006-05-01,South East,,826.0,,True
2006-06-01,South East,,826.0,,True
2006-07-01,South East,,827.0,,True
2006-08-01,South East,,828.0,,True
2006-09-01,South East,,828.0,,True
2006-10-01,South East,,829.0,,True
2006-11-01,South East,,830.0,,True
2006-12-01,South East,,830.0,,True
2007-01-01,South East,222209.0,831.0,4.286595979527325,True
2007-01-02,South East,221538.0,,,True
2007-01-03,South East,223253.0,,,True
2007-01-04,South East,227249.0,,,True
2007-01-05,South East,231796.0,,,True
2007-01-06,South East,233432.0,,,True
2007-01-07,South East,237575.0,,,True
2007-01-08,South East,237788.0,,,True
2007-01-09,South East,240100.0,,,True
2007-01-10,South East,240647.0,,,True
2007-01-11,South East,240470.0,,,True
2007-01-12,South East,238888.0,,,True
2007-02-01,South East,,832.0,,True
2007-03-01,South East,,833.0,,True
2007-04-01,South East,,833.0,,True
2007-05-01,South East,,834.0,,True
2007-06-01,South East,,835.0,,True
2007-07-01,South East,,835.0,,True
2007-08-01,South East,,836.0,,True
2007-09-01,South East,,837.0,,True
2007-10-01,South East,,837.0,,True
2007-11-01,South East,,838.0,,True
2007-12-01,South East,,839.0,,True
2008-01-01,South East,237074.0,839.0,4.500251130085385,True
2008-01-02,South East,233574.0,,,True
2008-01-03,South East,234248.0,,,True
2008-01-04,South East,232605.0,,,True
2008-01-05,South East,233826.0,,,True
2008-01-06,South East,230941.0,,,True
2008-01-07,South East,229526.0,,,True
2008-01-08,South East,222187.0,,,True
2008-01-09,South East,216790.0,,,True
2008-01-10,South East,210598.0,,,True
2008-01-11,South East,204620.0,,,True
2008-01-12,South East,201861.0,,,True
2008-02-01,South East,,840.0,,True
2008-03-01,South East,,841.0,,True
2008-04-01,South East,,842.0,,True
2008-05-01,South East,,842.0,,True
2008-06-01,South East,,843.0,,True
2008-07-01,South East,,844.0,,True
2008-08-01,South East,,844.0,,True
2008-09-01,South East,,845.0,,True
2008-10-01,South East,,846.0,,True
2008-11-01,South East,,846.0,,True
2008-12-01,South East,,847.0,,True
2009-01-01,South East,196036.0,848.0,5.012769008512946,True
2009-01-02,South East,193166.0,,,True
2009-01-03,South East,192598.0,,,True
2009-01-04,South East,194568.0,,,True
2009-01-05,South East,198240.0,,,True
2009-01-06,South East,200821.0,,,True
2009-01-07,South East,204085.0,,,True
2009-01-08,South East,208289.0,,,True
2009-01-09,South East,211006.0,,,True
2009-01-10,South East,212096.0,,,True
2009-01-11,South East,213753.0,,,True
2009-01-12,South East,213276.0,,,True
2009-02-01,South East,,849.0,,True
2009-03-01,South East,,849.0,,True
2009-04-01,South East,,850.0,,True
2009-05-01,South East,,851.0,,True
2009-06-01,South East,,851.0,,True
2009-07-01,South East,,852.0,,True
2009-08-01,South East,,853.0,,True
2009-09-01,South East,,853.0,,True
2009-10-01,South East,,854.0,,True
2009-11-01,South East,,855.0,,True
2009-12-01,South East,,856.0,,True
2010-01-01,South East,219580.0,856.0,4.629511183071043,True
2010-01-02,South East,218979.0,,,True
2010-01-03,South East,218300.0,,,True
2010-01-04,South East,219916.0,,,True
2010-01-05,South East,222097.0,,,True
2010-01-06,South East,223722.0,,,True
2010-01-07,South East,226247.0,,,True
2010-01-08,South East,225813.0,,,True
2010-01-09,South East,226281.0,,,True
2010-01-10,South East,222967.0,,,True
2010-01-11,South East,221473.0,,,True
2010-01-12,South East,220306.0,,,True
2010-02-01,South East,,857.0,,True
2010-03-01,South East,,858.0,,True
2010-04-01,South East,,858.0,,True
2010-05-01,South East,,859.0,,True
2010-06-01,South East,,860.0,,True
2010-07-01,South East,,861.0,,True
2010-08-01,South East,,861.0,,True
2010-09-01,South East,,862.0,,True
2010-10-01,South East,,863.0,,True
2010-11-01,South East,,863.0,,True
2010-12-01,South East,,864.0,,True
2011-01-01,South East,218315.0,865.0,4.710438191369487,True
2011-01-02,South East,218828.0,,,True
2011-01-03,South East,217406.0,,,True
2011-01-04,South East,219824.0,,,True
2011-01-05,South East,220226.0,,,True
2011-01-06,South East,220815.0,,,True
2011-01-07,South East,223680.0,,,True
2011-01-08,South East,222006.0,,,True
2011-01-09,South East,222908.0,,,True
2011-01-10,South East,219955.0,,,True
2011-01-11,South East,221389.0,,,True
2011-01-12,South East,221026.0,,,True
2011-02-01,South East,,866.0,,True
2011-03-01,South East,,866.0,,True
2011-04-01,South East,,867.0,,True
2011-05-01,South East,,868.0,,True
2011-06-01,South East,,868.0,,True
2011-07-01,South East,,869.0,,True
2011-08-01,South East,,870.0,,True
2011-09-01,South East,,871.0,,True
2011-10-01,South East,,871.0,,True
2011-11-01,South East,,872.0,,True
2011-12-01,South East,,873.0,,True
2012-01-01,South East,219302.0,874.0,4.654410810606987,True
2012-01-02,South East,220135.0,,,True
2012-01-03,South East,220747.0,,,True
2012-01-04,South East,224907.0,,,True
2012-01-05,South East,225195.0,,,True
2012-01-06,South East,226072.0,,,True
2012-01-07,South East,228480.0,,,True
2012-01-08,South East,229580.0,,,True
2012-01-09,South East,230180.0,,,True
2012-01-10,South East,226623.0,,,True
2012-01-11,South East,226257.0,,,True
2012-01-12,South East,227569.0,,,True
2012-02-01,South East,,874.0,,True
2012-03-01,South East,,875.0,,True
2012-04-01,South East,,876.0,,True
2012-05-01,South East,,876.0,,True
2012-06-01,South East,,877.0,,True
2012-07-01,South East,,878.0,,True
2012-08-01,South East,,879.0,,True
2012-09-01,South East,,879.0,,True
2012-10-01,South East,,880.0,,True
2012-11-01,South East,,881.0,,True
2012-12-01,South East,,882.0,,True
2013-01-01,South East,226909.0,882.0,4.545348928240383,True
2013-01-02,South East,225549.0,,,True
2013-01-03,South East,226994.0,,,True
2013-01-04,South East,229580.0,,,True
2013-01-05,South East,230065.0,,,True
2013-01-06,South East,232729.0,,,True
2013-01-07,South East,235515.0,,,True
2013-01-08,South East,236276.0,,,True
2013-01-09,South East,236916.0,,,True
2013-01-10,South East,237086.0,,,True
2013-01-11,South East,239013.0,,,True
2013-01-12,South East,240777.0,,,True
2013-02-01,South East,,883.0,,True
2013-03-01,South East,,884.0,,True
2013-04-01,South East,,884.0,,True
2013-05-01,South East,,885.0,,True
2013-06-01,South East,,886.0,,True
2013-07-01,South East,,887.0,,True
2013-08-01,South East,,887.0,,True
2013-09-01,South East,,888.0,,True
2013-10-01,South East,,889.0,,True
2013-11-01,South East,,890.0,,True
2013-12-01,South East,,890.0,,True
2014-01-01,South East,242778.0,891.0,4.179309994774561,True
2014-01-02,South East,243134.0,,,True
2014-01-03,South East,245206.0,,,True
2014-01-04,South East,248969.0,,,True
2014-01-05,South East,253291.0,,,True
2014-01-06,South East,255353.0,,,True
2014-01-07,South East,259645.0,,,True
2014-01-08,South East,263224.0,,,True
2014-01-09,South East,265157.0,,,True
2014-01-10,South East,265506.0,,,True
2014-01-11,South East,264953.0,,,True
2014-01-12,South East,266210.0,,,True
2014-02-01,South East,,892.0,,True
2014-03-01,South East,,893.0,,True
2014-04-01,South East,,893.0,,True
2014-05-01,South East,,894.0,,True
2014-06-01,South East,,895.0,,True
2014-07-01,South East,,896.0,,True
2014-08-01,South East,,896.0,,True
2014-09-01,South East,,897.0,,True
2014-10-01,South East,,898.0,,True
2014-11-01,South East,,899.0,,True
2014-12-01,South East,,899.0,,True
2015-01-01,South East,266846.0,900.0,3.873402433539383,True
2015-01-02,South East,266564.0,,,True
2015-01-03,South East,267089.0,,,True
2015-01-04,South East,270576.0,,,True
2015-01-05,South East,273192.0,,,True
2015-01-06,South East,277300.0,,,True
2015-01-07,South East,281987.0,,,True
2015-01-08,South East,285507.0,,,True
2015-01-09,South East,286519.0,,,True
2015-01-10,South East,288613.0,,,True
2015-01-11,South East,290685.0,,,True
2015-01-12,South East,293496.0,,,True
2015-02-01,South East,,901.0,,True
2015-03-01,South East,,901.0,,True
2015-04-01,South East,,902.0,,True
2015-05-01,South East,,903.0,,True
2015-06-01,South East,,904.0,,True
2015-07-01,South East,,904.0,,True
2015-08-01,South East,,905.0,,True
2015-09-01,South East,,906.0,,True
2015-10-01,South East,,907.0,,True
2015-11-01,South East,,907.0,,True
2015-12-01,South East,,908.0,,True
2016-01-01,South East,295893.0,909.0,3.5680930143905463,True
2016-01-02,South East,297843.0,,,True
2016-01-03,South East,302466.0,,,True
2016-01-04,South East,299958.0,,,True
2016-01-05,South East,303474.0,,,True
2016-01-06,South East,307427.0,,,True
2016-01-07,South East,311400.0,,,True
2016-01-08,South East,312319.0,,,True
2016-01-09,South East,309748.0,,,True
2016-01-10,South East,310316.0,,,True
2016-01-11,South East,310189.0,,,True
2016-01-12,South East,311517.0,,,True
2016-02-01,South East,,910.0,,True
2016-03-01,South East,,911.0,,True
2016-04-01,South East,,911.0,,True
2016-05-01,South East,,912.0,,True
2016-06-01,South East,,913.0,,True
2016-07-01,South East,,914.0,,True
2016-08-01,South East,,914.0,,True
2016-09-01,South East,,915.0,,True
2016-10-01,South East,,916.0,,True
2016-11-01,South East,,917.0,,True
2016-12-01,South East,,917.0,,True
2017-01-01,South East,315255.0,918.0,3.447001338573017,True
2017-01-02,South East,312371.0,,,True
2017-01-03,South East,312789.0,,,True
2017-01-04,South East,315949.0,,,True
2017-01-05,South East,317693.0,,,True
2017-01-06,South East,320765.0,,,True
2017-01-07,South East,323510.0,,,True
2017-01-08,South East,325527.0,,,True
2017-01-09,South East,325029.0,,,True
2017-01-10,South East,324496.0,,,True
2017-01-11,South East,322627.0,,,True
2017-01-12,South East,323152.0,,,True
2017-02-01,South East,,919.0,,True
2017-03-01,South East,,920.0,,True
2017-04-01,South East,,920.0,,True
2017-05-01,South East,,921.0,,True
2017-06-01,South East,,922.0,,True
2017-07-01,South East,,923.0,,True
2017-08-01,South East,,923.0,,True
2017-09-01,South East,,924.0,,True
2017-10-01,South East,,925.0,,True
2017-11-01,South East,,926.0,,True
2017-12-01,South East,,927.0,,True
2018-01-01,South East,323399.0,927.0,3.417338995824224,True
2018-01-02,South East,323799.0,,,True
2018-01-03,South East,322289.0,,,True
2018-01-04,South East,323777.0,,,True
2018-01-05,South East,324252.0,,,True
2018-01-06,South East,327114.0,,,True
2018-01-07,South East,329558.0,,,True
2018-01-08,South East,330535.0,,,True
2018-01-09,South East,329521.0,,,True
2018-01-10,South East,326923.0,,,True
2018-01-11,South East,325704.0,,,True
2018-01-12,South East,323540.0,,,True
2018-02-01,South East,,928.0,,True
2018-03-01,South East,,929.0,,True
2018-04-01,South East,,930.0,,True
2018-05-01,South East,,930.0,,True
2018-06-01,South East,,931.0,,True
2018-07-01,South East,,932.0,,True
2018-08-01,South East,,933.0,,True
2018-09-01,South East,,933.0,,True
2018-10-01,South East,,934.0,,True
2018-11-01,South East,,935.0,,True
2018-12-01,South East,,936.0,,True
2019-01-01,South East,324657.0,937.0,3.4775986080948673,True
2019-01-02,South East,322509.0,,,True
2019-01-03,South East,319521.0,,,True
2019-01-04,South East,321318.0,,,True
2019-01-05,South East,320650.0,,,True
2019-01-06,South East,323255.0,,,True
2019-01-07,South East,324982.0,,,True
2019-01-08,South East,325154.0,,,True
2019-01-09,South East,326204.0,,,True
2019-01-10,South East,324716.0,,,True
2019-01-11,South East,324631.0,,,True
2019-01-12,South East,323702.0,,,True
2019-02-01,South East,,937.0,,True
2019-03-01,South East,,938.0,,True
2019-04-01,South East,,939.0,,True
2019-05-01,South East,,940.0,,True
2019-06-01,South East,,940.0,,True
2019-07-01,South East,,941.0,,True
2019-08-01,South East,,942.0,,True
2019-09-01,South East,,943.0,,True
2019-10-01,South East,,944.0,,True
2019-11-01,South East,,944.0,,True
2019-12-01,South East,,945.0,,True
2020-01-01,South East,324130.0,946.0,3.4470751825000248,True
2020-01-02,South East,320582.0,,,True
2020-01-03,South East,325604.0,,,True
2020-01-04,South East,327607.0,,,True
2020-01-05,South East,323236.0,,,True
2020-01-06,South East,324453.0,,,True
2020-01-07,South East,328205.0,,,True
2020-01-08,South East,331902.0,,,True
2020-01-09,South East,334430.0,,,True
2020-01-10,South East,334997.0,,,True
2020-01-11,South East,339278.0,,,True
2020-01-12,South East,340233.0,,,True
2020-02-01,South East,,947.0,,True
2020-03-01,South East,,947.0,,True
2020-04-01,South East,,948.0,,True
2020-05-01,South East,,949.0,,True
2020-06-01,South East,,950.0,,True
2020-07-01,South East,,951.0,,True
2020-08-01,South East,,951.0,,True
2020-09-01,South East,,952.0,,True
2020-10-01,South East,,953.0,,True
2020-11-01,South East,,954.0,,True
2020-12-01,South East,,955.0,,True
2021-01-01,South East,337566.0,955.0,3.292500749795869,True
2021-01-02,South East,337619.0,,,True
2021-01-03,South East,342322.0,,,True
2021-01-04,South East,339163.0,,,True
2021-01-05,South East,340283.0,,,True
2021-01-06,South East,354769.0,,,True
2021-01-07,South East,339769.0,,,True
2021-01-08,South East,350795.0,,,True
2021-01-09,South East,361613.0,,,True
2021-01-10,South East,354140.0,,,True
2021-01-11,South East,360386.0,,,True
2021-01-12,South East,362713.0,,,True
2021-02-01,South East,,956.0,,True
2021-03-01,South East,,957.0,,True
2021-04-01,South East,,958.0,,True
2021-05-01,South East,,959.0,,True
2021-06-01,South East,,959.0,,True
2021-07-01,South East,,960.0,,True
2021-08-01,South East,,961.0,,True
2021-09-01,South East,,962.0,,True
2021-10-01,South East,,963.0,,True
2021-11-01,South East,,963.0,,True
2021-12-01,South East,,964.0,,True
2022-01-01,South East,368184.0,965.0,3.042357984910251,True
2022-01-02,South East,367655.0,,,True
2022-01-03,South East,369755.0,,,True
2022-01-04,South East,370658.0,,,True
2022-01-05,South East,376100.0,,,True
2022-01-06,South East,380603.0,,,True
2022-01-07,South East,387054.0,,,True
2022-01-08,South East,390701.0,,,True
2022-01-09,South East,391553.0,,,True
2022-01-10,South East,391862.0,,,True
2022-01-11,South East,389960.0,,,True
2022-01-12,South East,388158.0,,,True
2022-02-01,South East,,966.0,,True
2022-03-01,South East,,967.0,,True
2022-04-01,South East,,967.0,,True
2022-05-01,South East,,968.0,,True
2022-06-01,South East,,969.0,,True
2022-07-01,South East,,970.0,,True
2022-08-01,South East,,971.0,,True
2022-09-01,South East,,971.0,,True
2022-10-01,South East,,972.0,,True
2022-11-01,South East,,973.0,,True
2022-12-01,South East,,974.0,,True
2023-01-01,South East,387727.0,975.0,3.086322900995856,True
2023-01-02,South East,383401.0,,,True
2023-01-03,South East,380362.0,,,True
2023-01-04,South East,379543.0,,,True
2023-01-05,South East,377989.0,,,True
2023-01-06,South East,377848.0,,,True
2023-01-07,South East,381968.0,,,True
2023-01-08,South East,381601.0,,,True
2023-01-09,South East,379338.0,,,True
2023-01-10,South East,377965.0,,,True
2023-01-11,South East,375344.0,,,True
2023-01-12,South East,367572.0,,,True
2023-02-01,South East,,975.0,,True
2023-03-01,South East,,976.0,,True
2023-04-01,South East,,977.0,,True
2023-05-01,South East,,978.0,,True
2023-06-01,South East,,979.0,,True
2023-07-01,South East,,979.0,,True
2023-08-01,South East,,980.0,,True
2023-09-01,South East,,981.0,,True
2023-10-01,South East,,982.0,,True
2023-11-01,South East,,983.0,,True
2023-12-01,South East,,984.0,,True
2024-01-01,South East,369326.0,984.0,3.15473199791019,True
2024-01-02,South East,367789.0,,,False
2024-01-03,South East,366875.0,,,False
2024-01-04,South East,369214.0,,,False
2024-01-05,South East,372808.0,,,False
2024-01-06,South East,373083.0,,,False
2024-01-07,South East,377066.0,,,False
2024-01-08,South East,381897.0,,,False
2024-01-09,South East,380519.0,,,False
2024-01-10,South East,381155.0,,,False
2024-01-11,South East,377413.0,,,False
2024-01-12,South East,378958.0,,,False
2024-02-01,South East,,985.0,,False
2024-03-01,South East,,986.0,,False
2024-04-01,South East,,987.0,,False
2024-05-01,South East,,988.0,,False
2024-06-01,South East,,988.0,,False
2024-07-01,South East,,989.0,,False
2024-08-01,South East,,990.0,,False
2024-09-01,South East,,991.0,,False
2024-10-01,South East,,992.0,,False
2024-11-01,South East,,993.0,,False
2024-12-01,South East,,993.0,,False
2025-01-01,South East,381267.0,,,False
2025-01-02,South East,379898.0,,,False
2025-01-03,South East,382358.0,,,False
2025-01-04,South East,376668.0,,,False
2025-01-05,South East,377264.0,,,False
2025-01-06,South East,380932.0,,,False
2025-01-07,South East,382404.0,,,False
2025-01-08,South East,386374.0,,,False
2025-01-09,South East,382638.0,,,False
2025-01-10,South East,385225.0,,,False
2025-01-11,South East,382798.0,,,False
2025-01-12,South East,378030.0,,,False
2026-01-01,South East,379532.0,,,False
2005-01-01,South West,169711.0,679.0,4.721995597011216,True
2005-01-02,South West,169886.0,,,True
2005-01-03,South West,170230.0,,,True
2005-01-04,South West,170941.0,,,True
2005-01-05,South West,171771.0,,,True
2005-01-06,South West,172333.0,,,True
2005-01-07,South West,174673.0,,,True
2005-01-08,South West,174072.0,,,True
2005-01-09,South West,174544.0,,,True
2005-01-10,South West,174580.0,,,True
2005-01-11,South West,174479.0,,,True
2005-01-12,South West,175463.0,,,True
2005-02-01,South West,,680.0,,True
2005-03-01,South West,,680.0,,True
2005-04-01,South West,,681.0,,True
2005-05-01,South West,,681.0,,True
2005-06-01,South West,,682.0,,True
2005-07-01,South West,,682.0,,True
2005-08-01,South West,,683.0,,True
2005-09-01,South West,,683.0,,True
2005-10-01,South West,,684.0,,True
2005-11-01,South West,,685.0,,True
2005-12-01,South West,,685.0,,True
2006-01-01,South West,174840.0,686.0,4.49640426874514,True
2006-01-02,South West,174072.0,,,True
2006-01-03,South West,177272.0,,,True
2006-01-04,South West,178748.0,,,True
2006-01-05,South West,180567.0,,,True
2006-01-06,South West,182781.0,,,True
2006-01-07,South West,184611.0,,,True
2006-01-08,South West,186791.0,,,True
2006-01-09,South West,187122.0,,,True
2006-01-10,South West,189077.0,,,True
2006-01-11,South West,190479.0,,,True
2006-01-12,South West,191663.0,,,True
2006-02-01,South West,,686.0,,True
2006-03-01,South West,,687.0,,True
2006-04-01,South West,,687.0,,True
2006-05-01,South West,,688.0,,True
2006-06-01,South West,,689.0,,True
2006-07-01,South West,,689.0,,True
2006-08-01,South West,,690.0,,True
2006-09-01,South West,,690.0,,True
2006-10-01,South West,,691.0,,True
2006-11-01,South West,,691.0,,True
2006-12-01,South West,,692.0,,True
2007-01-01,South West,190711.0,693.0,4.16952562875937,True
2007-01-02,South West,192027.0,,,True
2007-01-03,South West,194805.0,,,True
2007-01-04,South West,195621.0,,,True
2007-01-05,South West,198711.0,,,True
2007-01-06,South West,200185.0,,,True
2007-01-07,South West,202786.0,,,True
2007-01-08,South West,204036.0,,,True
2007-01-09,South West,205256.0,,,True
2007-01-10,South West,204266.0,,,True
2007-01-11,South West,204249.0,,,True
2007-01-12,South West,201864.0,,,True
2007-02-01,South West,,693.0,,True
2007-03-01,South West,,694.0,,True
2007-04-01,South West,,694.0,,True
2007-05-01,South West,,695.0,,True
2007-06-01,South West,,695.0,,True
2007-07-01,South West,,696.0,,True
2007-08-01,South West,,697.0,,True
2007-09-01,South West,,697.0,,True
2007-10-01,South West,,698.0,,True
2007-11-01,South West,,698.0,,True
2007-12-01,South West,,699.0,,True
2008-01-01,South West,200690.0,700.0,4.456712246678281,True
2008-01-02,South West,196630.0,,,True
2008-01-03,South West,195161.0,,,True
2008-01-04,South West,196078.0,,,True
2008-01-05,South West,196350.0,,,True
2008-01-06,South West,192614.0,,,True
2008-01-07,South West,191188.0,,,True
2008-01-08,South West,187519.0,,,True
2008-01-09,South West,184041.0,,,True
2008-01-10,South West,179934.0,,,True
2008-01-11,South West,173457.0,,,True
2008-01-12,South West,169172.0,,,True
2008-02-01,South West,,700.0,,True
2008-03-01,South West,,701.0,,True
2008-04-01,South West,,701.0,,True
2008-05-01,South West,,702.0,,True
2008-06-01,South West,,702.0,,True
2008-07-01,South West,,703.0,,True
2008-08-01,South West,,704.0,,True
2008-09-01,South West,,704.0,,True
2008-10-01,South West,,705.0,,True
2008-11-01,South West,,705.0,,True
2008-12-01,South West,,706.0,,True
2009-01-01,South West,167438.0,707.0,4.9178689427711575,True
2009-01-02,South West,167215.0,,,True
2009-01-03,South West,165684.0,,,True
2009-01-04,South West,165385.0,,,True
2009-01-05,South West,168112.0,,,True
2009-01-06,South West,171781.0,,,True
2009-01-07,South West,173667.0,,,True
2009-01-08,South West,175509.0,,,True
2009-01-09,South West,178055.0,,,True
2009-01-10,South West,178549.0,,,True
2009-01-11,South West,179440.0,,,True
2009-01-12,South West,180306.0,,,True
2009-02-01,South West,,707.0,,True
2009-03-01,South West,,708.0,,True
2009-04-01,South West,,708.0,,True
2009-05-01,South West,,709.0,,True
2009-06-01,South West,,709.0,,True
2009-07-01,South West,,710.0,,True
2009-08-01,South West,,711.0,,True
2009-09-01,South West,,711.0,,True
2009-10-01,South West,,712.0,,True
2009-11-01,South West,,712.0,,True
2009-12-01,South West,,713.0,,True
2010-01-01,South West,181839.0,714.0,4.6247618807832565,True
2010-01-02,South West,182535.0,,,True
2010-01-03,South West,181922.0,,,True
2010-01-04,South West,183875.0,,,True
2010-01-05,South West,185803.0,,,True
2010-01-06,South West,186550.0,,,True
2010-01-07,South West,187835.0,,,True
2010-01-08,South West,189327.0,,,True
2010-01-09,South West,188980.0,,,True
2010-01-10,South West,187399.0,,,True
2010-01-11,South West,185013.0,,,True
2010-01-12,South West,183123.0,,,True
2010-02-01,South West,,714.0,,True
2010-03-01,South West,,715.0,,True
2010-04-01,South West,,715.0,,True
2010-05-01,South West,,716.0,,True
2010-06-01,South West,,717.0,,True
2010-07-01,South West,,717.0,,True
2010-08-01,South West,,718.0,,True
2010-09-01,South West,,718.0,,True
2010-10-01,South West,,719.0,,True
2010-11-01,South West,,720.0,,True
2010-12-01,South West,,720.0,,True
2011-01-01,South West,182406.0,721.0,4.744712262289331,True
2011-01-02,South West,181130.0,,,True
2011-01-03,South West,181050.0,,,True
2011-01-04,South West,181691.0,,,True
2011-01-05,South West,180882.0,,,True
2011-01-06,South West,182891.0,,,True
2011-01-07,South West,184599.0,,,True
2011-01-08,South West,185275.0,,,True
2011-01-09,South West,182896.0,,,True
2011-01-10,South West,183152.0,,,True
2011-01-11,South West,182349.0,,,True
2011-01-12,South West,180895.0,,,True
2011-02-01,South West,,721.0,,True
2011-03-01,South West,,722.0,,True
2011-04-01,South West,,723.0,,True
2011-05-01,South West,,723.0,,True
2011-06-01,South West,,724.0,,True
2011-07-01,South West,,724.0,,True
2011-08-01,South West,,725.0,,True
2011-09-01,South West,,726.0,,True
2011-10-01,South West,,726.0,,True
2011-11-01,South West,,727.0,,True
2011-12-01,South West,,727.0,,True
2012-01-01,South West,183323.0,728.0,4.749184163954757,True
2012-01-02,South West,183044.0,,,True
2012-01-03,South West,181525.0,,,True
2012-01-04,South West,184271.0,,,True
2012-01-05,South West,183733.0,,,True
2012-01-06,South West,185129.0,,,True
2012-01-07,South West,186786.0,,,True
2012-01-08,South West,185340.0,,,True
2012-01-09,South West,184995.0,,,True
2012-01-10,South West,185136.0,,,True
2012-01-11,South West,184755.0,,,True
2012-01-12,South West,181353.0,,,True
2012-02-01,South West,,729.0,,True
2012-03-01,South West,,729.0,,True
2012-04-01,South West,,730.0,,True
2012-05-01,South West,,730.0,,True
2012-06-01,South West,,731.0,,True
2012-07-01,South West,,732.0,,True
2012-08-01,South West,,732.0,,True
2012-09-01,South West,,733.0,,True
2012-10-01,South West,,733.0,,True
2012-11-01,South West,,734.0,,True
2012-12-01,South West,,735.0,,True
2013-01-01,South West,183206.0,735.0,4.706789780628833,True
2013-01-02,South West,182642.0,,,True
2013-01-03,South West,183856.0,,,True
2013-01-04,South West,186599.0,,,True
2013-01-05,South West,186128.0,,,True
2013-01-06,South West,186532.0,,,True
2013-01-07,South West,188269.0,,,True
2013-01-08,South West,189653.0,,,True
2013-01-09,South West,191153.0,,,True
2013-01-10,South West,190381.0,,,True
2013-01-11,South West,190595.0,,,True
2013-01-12,South West,191692.0,,,True
2013-02-01,South West,,736.0,,True
2013-03-01,South West,,736.0,,True
2013-04-01,South West,,737.0,,True
2013-05-01,South West,,738.0,,True
2013-06-01,South West,,738.0,,True
2013-07-01,South West,,739.0,,True
2013-08-01,South West,,740.0,,True
2013-09-01,South West,,740.0,,True
2013-10-01,South West,,741.0,,True
2013-11-01,South West,,741.0,,True
2013-12-01,South West,,742.0,,True
2014-01-01,South West,191343.0,743.0,4.472784709628354,True
2014-01-02,South West,192051.0,,,True
2014-01-03,South West,193627.0,,,True
2014-01-04,South West,196976.0,,,True
2014-01-05,South West,196985.0,,,True
2014-01-06,South West,197646.0,,,True
2014-01-07,South West,201750.0,,,True
2014-01-08,South West,204353.0,,,True
2014-01-09,South West,205994.0,,,True
2014-01-10,South West,204759.0,,,True
2014-01-11,South West,203453.0,,,True
2014-01-12,South West,204203.0,,,True
2014-02-01,South West,,743.0,,True
2014-03-01,South West,,744.0,,True
2014-04-01,South West,,744.0,,True
2014-05-01,South West,,745.0,,True
2014-06-01,South West,,746.0,,True
2014-07-01,South West,,746.0,,True
2014-08-01,South West,,747.0,,True
2014-09-01,South West,,748.0,,True
2014-10-01,South West,,748.0,,True
2014-11-01,South West,,749.0,,True
2014-12-01,South West,,749.0,,True
2015-01-01,South West,205460.0,750.0,4.261880777260192,True
2015-01-02,South West,202730.0,,,True
2015-01-03,South West,204718.0,,,True
2015-01-04,South West,207065.0,,,True
2015-01-05,South West,207988.0,,,True
2015-01-06,South West,210000.0,,,True
2015-01-07,South West,212376.0,,,True
2015-01-08,South West,215432.0,,,True
2015-01-09,South West,216615.0,,,True
2015-01-10,South West,216413.0,,,True
2015-01-11,South West,218598.0,,,True
2015-01-12,South West,218950.0,,,True
2015-02-01,South West,,751.0,,True
2015-03-01,South West,,751.0,,True
2015-04-01,South West,,752.0,,True
2015-05-01,South West,,752.0,,True
2015-06-01,South West,,753.0,,True
2015-07-01,South West,,754.0,,True
2015-08-01,South West,,754.0,,True
2015-09-01,South West,,755.0,,True
2015-10-01,South West,,756.0,,True
2015-11-01,South West,,756.0,,True
2015-12-01,South West,,757.0,,True
2016-01-01,South West,218652.0,758.0,4.042207756152707,True
2016-01-02,South West,219595.0,,,True
2016-01-03,South West,225467.0,,,True
2016-01-04,South West,219704.0,,,True
2016-01-05,South West,223257.0,,,True
2016-01-06,South West,225556.0,,,True
2016-01-07,South West,227453.0,,,True
2016-01-08,South West,228579.0,,,True
2016-01-09,South West,228885.0,,,True
2016-01-10,South West,227406.0,,,True
2016-01-11,South West,228886.0,,,True
2016-01-12,South West,228054.0,,,True
2016-02-01,South West,,758.0,,True
2016-03-01,South West,,759.0,,True
2016-04-01,South West,,759.0,,True
2016-05-01,South West,,760.0,,True
2016-06-01,South West,,761.0,,True
2016-07-01,South West,,761.0,,True
2016-08-01,South West,,762.0,,True
2016-09-01,South West,,763.0,,True
2016-10-01,South West,,763.0,,True
2016-11-01,South West,,764.0,,True
2016-12-01,South West,,764.0,,True
2017-01-01,South West,230507.0,765.0,3.882144164953099,True
2017-01-02,South West,230810.0,,,True
2017-01-03,South West,229946.0,,,True
2017-01-04,South West,232109.0,,,True
2017-01-05,South West,234080.0,,,True
2017-01-06,South West,236500.0,,,True
2017-01-07,South West,240231.0,,,True
2017-01-08,South West,241705.0,,,True
2017-01-09,South West,240679.0,,,True
2017-01-10,South West,242236.0,,,True
2017-01-11,South West,240656.0,,,True
2017-01-12,South West,240621.0,,,True
2017-02-01,South West,,766.0,,True
2017-03-01,South West,,766.0,,True
2017-04-01,South West,,767.0,,True
2017-05-01,South West,,768.0,,True
2017-06-01,South West,,768.0,,True
2017-07-01,South West,,769.0,,True
2017-08-01,South West,,770.0,,True
2017-09-01,South West,,770.0,,True
2017-10-01,South West,,771.0,,True
2017-11-01,South West,,771.0,,True
2017-12-01,South West,,772.0,,True
2018-01-01,South West,243733.0,773.0,3.7798354468189097,True
2018-01-02,South West,242054.0,,,True
2018-01-03,South West,241882.0,,,True
2018-01-04,South West,241533.0,,,True
2018-01-05,South West,242381.0,,,True
2018-01-06,South West,243801.0,,,True
2018-01-07,South West,247941.0,,,True
2018-01-08,South West,249459.0,,,True
2018-01-09,South West,249819.0,,,True
2018-01-10,South West,247946.0,,,True
2018-01-11,South West,247975.0,,,True
2018-01-12,South West,247636.0,,,True
2018-02-01,South West,,773.0,,True
2018-03-01,South West,,774.0,,True
2018-04-01,South West,,775.0,,True
2018-05-01,South West,,775.0,,True
2018-06-01,South West,,776.0,,True
2018-07-01,South West,,777.0,,True
2018-08-01,South West,,777.0,,True
2018-09-01,South West,,778.0,,True
2018-10-01,South West,,779.0,,True
2018-11-01,South West,,779.0,,True
2018-12-01,South West,,780.0,,True
2019-01-01,South West,245759.0,780.0,3.7982045121578074,True
2019-01-02,South West,246349.0,,,True
2019-01-03,South West,244233.0,,,True
2019-01-04,South West,244108.0,,,True
2019-01-05,South West,243728.0,,,True
2019-01-06,South West,243886.0,,,True
2019-01-07,South West,249181.0,,,True
2019-01-08,South West,249320.0,,,True
2019-01-09,South West,249763.0,,,True
2019-01-10,South West,249635.0,,,True
2019-01-11,South West,247600.0,,,True
2019-01-12,South West,247416.0,,,True
2019-02-01,South West,,781.0,,True
2019-03-01,South West,,782.0,,True
2019-04-01,South West,,782.0,,True
2019-05-01,South West,,783.0,,True
2019-06-01,South West,,784.0,,True
2019-07-01,South West,,784.0,,True
2019-08-01,South West,,785.0,,True
2019-09-01,South West,,786.0,,True
2019-10-01,South West,,786.0,,True
2019-11-01,South West,,787.0,,True
2019-12-01,South West,,788.0,,True
2020-01-01,South West,248521.0,788.0,3.719189658180623,True
2020-01-02,South West,247281.0,,,True
2020-01-03,South West,250417.0,,,True
2020-01-04,South West,247576.0,,,True
2020-01-05,South West,247280.0,,,True
2020-01-06,South West,250343.0,,,True
2020-01-07,South West,254397.0,,,True
2020-01-08,South West,255918.0,,,True
2020-01-09,South West,260328.0,,,True
2020-01-10,South West,262275.0,,,True
2020-01-11,South West,263680.0,,,True
2020-01-12,South West,266843.0,,,True
2020-02-01,South West,,789.0,,True
2020-03-01,South West,,790.0,,True
2020-04-01,South West,,790.0,,True
2020-05-01,South West,,791.0,,True
2020-06-01,South West,,792.0,,True
2020-07-01,South West,,792.0,,True
2020-08-01,South West,,793.0,,True
2020-09-01,South West,,794.0,,True
2020-10-01,South West,,794.0,,True
2020-11-01,South West,,795.0,,True
2020-12-01,South West,,795.0,,True
2021-01-01,South West,263614.0,796.0,3.5104715910986046,True
2021-01-02,South West,264702.0,,,True
2021-01-03,South West,268671.0,,,True
2021-01-04,South West,265562.0,,,True
2021-01-05,South West,262927.0,,,True
2021-01-06,South West,281947.0,,,True
2021-01-07,South West,258746.0,,,True
2021-01-08,South West,272401.0,,,True
2021-01-09,South West,283935.0,,,True
2021-01-10,South West,276090.0,,,True
2021-01-11,South West,284105.0,,,True
2021-01-12,South West,285237.0,,,True
2021-02-01,South West,,797.0,,True
2021-03-01,South West,,797.0,,True
2021-04-01,South West,,798.0,,True
2021-05-01,South West,,799.0,,True
2021-06-01,South West,,799.0,,True
2021-07-01,South West,,800.0,,True
2021-08-01,South West,,801.0,,True
2021-09-01,South West,,801.0,,True
2021-10-01,South West,,802.0,,True
2021-11-01,South West,,803.0,,True
2021-12-01,South West,,803.0,,True
2022-01-01,South West,291018.0,804.0,3.177520425095369,True
2022-01-02,South West,291034.0,,,True
2022-01-03,South West,291647.0,,,True
2022-01-04,South West,296983.0,,,True
2022-01-05,South West,301875.0,,,True
2022-01-06,South West,299771.0,,,True
2022-01-07,South West,309032.0,,,True
2022-01-08,South West,314238.0,,,True
2022-01-09,South West,314370.0,,,True
2022-01-10,South West,313800.0,,,True
2022-01-11,South West,313892.0,,,True
2022-01-12,South West,308957.0,,,True
2022-02-01,South West,,805.0,,True
2022-03-01,South West,,805.0,,True
2022-04-01,South West,,806.0,,True
2022-05-01,South West,,807.0,,True
2022-06-01,South West,,807.0,,True
2022-07-01,South West,,808.0,,True
2022-08-01,South West,,809.0,,True
2022-09-01,South West,,809.0,,True
2022-10-01,South West,,810.0,,True
2022-11-01,South West,,811.0,,True
2022-12-01,South West,,811.0,,True
2023-01-01,South West,309102.0,812.0,3.212551527543215,True
2023-01-02,South West,306826.0,,,True
2023-01-03,South West,303206.0,,,True
2023-01-04,South West,302791.0,,,True
2023-01-05,South West,302199.0,,,True
2023-01-06,South West,300808.0,,,True
2023-01-07,South West,306036.0,,,True
2023-01-08,South West,307132.0,,,True
2023-01-09,South West,304837.0,,,True
2023-01-10,South West,305147.0,,,True
2023-01-11,South West,299952.0,,,True
2023-01-12,South West,294676.0,,,True
2023-02-01,South West,,813.0,,True
2023-03-01,South West,,813.0,,True
2023-04-01,South West,,814.0,,True
2023-05-01,South West,,815.0,,True
2023-06-01,South West,,816.0,,True
2023-07-01,South West,,816.0,,True
2023-08-01,South West,,817.0,,True
2023-09-01,South West,,818.0,,True
2023-10-01,South West,,818.0,,True
2023-11-01,South West,,819.0,,True
2023-12-01,South West,,820.0,,True
2024-01-01,South West,299150.0,820.0,3.28332053505594,True
2024-01-02,South West,296587.0,,,False
2024-01-03,South West,295240.0,,,False
2024-01-04,South West,297850.0,,,False
2024-01-05,South West,298492.0,,,False
2024-01-06,South West,297239.0,,,False
2024-01-07,South West,301845.0,,,False
2024-01-08,South West,303164.0,,,False
2024-01-09,South West,304305.0,,,False
2024-01-10,South West,306423.0,,,False
2024-01-11,South West,300240.0,,,False
2024-01-12,South West,300210.0,,,False
2024-02-01,South West,,821.0,,False
2024-03-01,South West,,822.0,,False
2024-04-01,South West,,822.0,,False
2024-05-01,South West,,823.0,,False
2024-06-01,South West,,824.0,,False
2024-07-01,South West,,824.0,,False
2024-08-01,South West,,825.0,,False
2024-09-01,South West,,826.0,,False
2024-10-01,South West,,826.0,,False
2024-11-01,South West,,827.0,,False
2024-12-01,South West,,828.0,,False
2025-01-01,South West,301828.0,,,False
2025-01-02,South West,301695.0,,,False
2025-01-03,South West,304184.0,,,False
2025-01-04,South West,294260.0,,,False
2025-01-05,South West,298137.0,,,False
2025-01-06,South West,300764.0,,,False
2025-01-07,South West,305037.0,,,False
2025-01-08,South West,307161.0,,,False
2025-01-09,South West,304131.0,,,False
2025-01-10,South West,303786.0,,,False
2025-01-11,South West,306849.0,,,False
2025-01-12,South West,301472.0,,,False
2026-01-01,South West,301518.0,,,False
2005-01-01,Wales,117235.0,521.0,5.172798954187799,True
2005-01-02,Wales,114635.0,,,True
2005-01-03,Wales,116512.0,,,True
2005-01-04,Wales,117494.0,,,True
2005-01-05,Wales,119816.0,,,True
2005-01-06,Wales,120702.0,,,True
2005-01-07,Wales,123592.0,,,True
2005-01-08,Wales,124865.0,,,True
2005-01-09,Wales,124329.0,,,True
2005-01-10,Wales,124521.0,,,True
2005-01-11,Wales,123873.0,,,True
2005-01-12,Wales,122782.0,,,True
2005-02-01,Wales,,521.0,,True
2005-03-01,Wales,,521.0,,True
2005-04-01,Wales,,522.0,,True
2005-05-01,Wales,,522.0,,True
2005-06-01,Wales,,523.0,,True
2005-07-01,Wales,,523.0,,True
2005-08-01,Wales,,524.0,,True
2005-09-01,Wales,,524.0,,True
2005-10-01,Wales,,524.0,,True
2005-11-01,Wales,,525.0,,True
2005-12-01,Wales,,525.0,,True
2006-01-01,Wales,123010.0,526.0,4.863215643497649,True
2006-01-02,Wales,125191.0,,,True
2006-01-03,Wales,126482.0,,,True
2006-01-04,Wales,126895.0,,,True
2006-01-05,Wales,127866.0,,,True
2006-01-06,Wales,131176.0,,,True
2006-01-07,Wales,131002.0,,,True
2006-01-08,Wales,132775.0,,,True
2006-01-09,Wales,132730.0,,,True
2006-01-10,Wales,132371.0,,,True
2006-01-11,Wales,134030.0,,,True
2006-01-12,Wales,134947.0,,,True
2006-02-01,Wales,,526.0,,True
2006-03-01,Wales,,527.0,,True
2006-04-01,Wales,,527.0,,True
2006-05-01,Wales,,527.0,,True
2006-06-01,Wales,,528.0,,True
2006-07-01,Wales,,528.0,,True
2006-08-01,Wales,,529.0,,True
2006-09-01,Wales,,529.0,,True
2006-10-01,Wales,,530.0,,True
2006-11-01,Wales,,530.0,,True
2006-12-01,Wales,,531.0,,True
2007-01-01,Wales,132332.0,531.0,4.6036128782267625,True
2007-01-02,Wales,135831.0,,,True
2007-01-03,Wales,133935.0,,,True
2007-01-04,Wales,137146.0,,,True
2007-01-05,Wales,138195.0,,,True
2007-01-06,Wales,139568.0,,,True
2007-01-07,Wales,139419.0,,,True
2007-01-08,Wales,142328.0,,,True
2007-01-09,Wales,141237.0,,,True
2007-01-10,Wales,141862.0,,,True
2007-01-11,Wales,140616.0,,,True
2007-01-12,Wales,139530.0,,,True
2007-02-01,Wales,,531.0,,True
2007-03-01,Wales,,532.0,,True
2007-04-01,Wales,,532.0,,True
2007-05-01,Wales,,533.0,,True
2007-06-01,Wales,,533.0,,True
2007-07-01,Wales,,534.0,,True
2007-08-01,Wales,,534.0,,True
2007-09-01,Wales,,535.0,,True
2007-10-01,Wales,,535.0,,True
2007-11-01,Wales,,535.0,,True
2007-12-01,Wales,,536.0,,True
2008-01-01,Wales,138585.0,536.0,4.9054550971220445,True
2008-01-02,Wales,136949.0,,,True
2008-01-03,Wales,133982.0,,,True
2008-01-04,Wales,134268.0,,,True
2008-01-05,Wales,135162.0,,,True
2008-01-06,Wales,134336.0,,,True
2008-01-07,Wales,130572.0,,,True
2008-01-08,Wales,132238.0,,,True
2008-01-09,Wales,125576.0,,,True
2008-01-10,Wales,126870.0,,,True
2008-01-11,Wales,124325.0,,,True
2008-01-12,Wales,122526.0,,,True
2008-02-01,Wales,,537.0,,True
2008-03-01,Wales,,537.0,,True
2008-04-01,Wales,,538.0,,True
2008-05-01,Wales,,538.0,,True
2008-06-01,Wales,,539.0,,True
2008-07-01,Wales,,539.0,,True
2008-08-01,Wales,,539.0,,True
2008-09-01,Wales,,540.0,,True
2008-10-01,Wales,,540.0,,True
2008-11-01,Wales,,541.0,,True
2008-12-01,Wales,,541.0,,True
2009-01-01,Wales,118377.0,542.0,5.38415611956886,True
2009-01-02,Wales,117437.0,,,True
2009-01-03,Wales,116562.0,,,True
2009-01-04,Wales,118693.0,,,True
2009-01-05,Wales,120582.0,,,True
2009-01-06,Wales,119254.0,,,True
2009-01-07,Wales,121462.0,,,True
2009-01-08,Wales,121924.0,,,True
2009-01-09,Wales,122364.0,,,True
2009-01-10,Wales,123750.0,,,True
2009-01-11,Wales,124162.0,,,True
2009-01-12,Wales,125911.0,,,True
2009-02-01,Wales,,542.0,,True
2009-03-01,Wales,,543.0,,True
2009-04-01,Wales,,543.0,,True
2009-05-01,Wales,,543.0,,True
2009-06-01,Wales,,544.0,,True
2009-07-01,Wales,,544.0,,True
2009-08-01,Wales,,545.0,,True
2009-09-01,Wales,,545.0,,True
2009-10-01,Wales,,546.0,,True
2009-11-01,Wales,,546.0,,True
2009-12-01,Wales,,547.0,,True
2010-01-01,Wales,120944.0,547.0,5.2994800241374165,True
2010-01-02,Wales,121157.0,,,True
2010-01-03,Wales,123732.0,,,True
2010-01-04,Wales,124745.0,,,True
2010-01-05,Wales,125442.0,,,True
2010-01-06,Wales,124868.0,,,True
2010-01-07,Wales,126912.0,,,True
2010-01-08,Wales,125413.0,,,True
2010-01-09,Wales,126090.0,,,True
2010-01-10,Wales,126064.0,,,True
2010-01-11,Wales,120670.0,,,True
2010-01-12,Wales,122109.0,,,True
2010-02-01,Wales,,548.0,,True
2010-03-01,Wales,,548.0,,True
2010-04-01,Wales,,548.0,,True
2010-05-01,Wales,,549.0,,True
2010-06-01,Wales,,549.0,,True
2010-07-01,Wales,,550.0,,True
2010-08-01,Wales,,550.0,,True
2010-09-01,Wales,,551.0,,True
2010-10-01,Wales,,551.0,,True
2010-11-01,Wales,,552.0,,True
2010-12-01,Wales,,552.0,,True
2011-01-01,Wales,120980.0,553.0,5.457857733267353,True
2011-01-02,Wales,121161.0,,,True
2011-01-03,Wales,118483.0,,,True
2011-01-04,Wales,122354.0,,,True
2011-01-05,Wales,121278.0,,,True
2011-01-06,Wales,121453.0,,,True
2011-01-07,Wales,121731.0,,,True
2011-01-08,Wales,122518.0,,,True
2011-01-09,Wales,124054.0,,,True
2011-01-10,Wales,120911.0,,,True
2011-01-11,Wales,123484.0,,,True
2011-01-12,Wales,120627.0,,,True
2011-02-01,Wales,,553.0,,True
2011-03-01,Wales,,553.0,,True
2011-04-01,Wales,,554.0,,True
2011-05-01,Wales,,554.0,,True
2011-06-01,Wales,,555.0,,True
2011-07-01,Wales,,555.0,,True
2011-08-01,Wales,,556.0,,True
2011-09-01,Wales,,556.0,,True
2011-10-01,Wales,,557.0,,True
2011-11-01,Wales,,557.0,,True
2011-12-01,Wales,,558.0,,True
2012-01-01,Wales,120342.0,558.0,5.5358750134185515,True
2012-01-02,Wales,119610.0,,,True
2012-01-03,Wales,119522.0,,,True
2012-01-04,Wales,121352.0,,,True
2012-01-05,Wales,121528.0,,,True
2012-01-06,Wales,123077.0,,,True
2012-01-07,Wales,122468.0,,,True
2012-01-08,Wales,122012.0,,,True
2012-01-09,Wales,121152.0,,,True
2012-01-10,Wales,120138.0,,,True
2012-01-11,Wales,121625.0,,,True
2012-01-12,Wales,120386.0,,,True
2012-02-01,Wales,,559.0,,True
2012-03-01,Wales,,559.0,,True
2012-04-01,Wales,,559.0,,True
2012-05-01,Wales,,560.0,,True
2012-06-01,Wales,,560.0,,True
2012-07-01,Wales,,561.0,,True
2012-08-01,Wales,,561.0,,True
2012-09-01,Wales,,562.0,,True
2012-10-01,Wales,,562.0,,True
2012-11-01,Wales,,563.0,,True
2012-12-01,Wales,,563.0,,True
2013-01-01,Wales,120804.0,564.0,5.5691629122697845,True
2013-01-02,Wales,119021.0,,,True
2013-01-03,Wales,120226.0,,,True
2013-01-04,Wales,119939.0,,,True
2013-01-05,Wales,121804.0,,,True
2013-01-06,Wales,122504.0,,,True
2013-01-07,Wales,121672.0,,,True
2013-01-08,Wales,123888.0,,,True
2013-01-09,Wales,123171.0,,,True
2013-01-10,Wales,121282.0,,,True
2013-01-11,Wales,123119.0,,,True
2013-01-12,Wales,121748.0,,,True
2013-02-01,Wales,,564.0,,True
2013-03-01,Wales,,565.0,,True
2013-04-01,Wales,,565.0,,True
2013-05-01,Wales,,566.0,,True
2013-06-01,Wales,,566.0,,True
2013-07-01,Wales,,566.0,,True
2013-08-01,Wales,,567.0,,True
2013-09-01,Wales,,567.0,,True
2013-10-01,Wales,,568.0,,True
2013-11-01,Wales,,568.0,,True
2013-12-01,Wales,,569.0,,True
2014-01-01,Wales,124609.0,569.0,5.352720894678012,True
2014-01-02,Wales,125315.0,,,True
2014-01-03,Wales,123531.0,,,True
2014-01-04,Wales,125605.0,,,True
2014-01-05,Wales,128324.0,,,True
2014-01-06,Wales,127844.0,,,True
2014-01-07,Wales,128366.0,,,True
2014-01-08,Wales,129444.0,,,True
2014-01-09,Wales,130873.0,,,True
2014-01-10,Wales,129368.0,,,True
2014-01-11,Wales,129622.0,,,True
2014-01-12,Wales,129628.0,,,True
2014-02-01,Wales,,570.0,,True
2014-03-01,Wales,,570.0,,True
2014-04-01,Wales,,571.0,,True
2014-05-01,Wales,,571.0,,True
2014-06-01,Wales,,572.0,,True
2014-07-01,Wales,,572.0,,True
2014-08-01,Wales,,573.0,,True
2014-09-01,Wales,,573.0,,True
2014-10-01,Wales,,574.0,,True
2014-11-01,Wales,,574.0,,True
2014-12-01,Wales,,575.0,,True
2015-01-01,Wales,128912.0,575.0,5.259632788142464,True
2015-01-02,Wales,128403.0,,,True
2015-01-03,Wales,128044.0,,,True
2015-01-04,Wales,129756.0,,,True
2015-01-05,Wales,130243.0,,,True
2015-01-06,Wales,131119.0,,,True
2015-01-07,Wales,131815.0,,,True
2015-01-08,Wales,133176.0,,,True
2015-01-09,Wales,132795.0,,,True
2015-01-10,Wales,133423.0,,,True
2015-01-11,Wales,133482.0,,,True
2015-01-12,Wales,133999.0,,,True
2015-02-01,Wales,,575.0,,True
2015-03-01,Wales,,576.0,,True
2015-04-01,Wales,,576.0,,True
2015-05-01,Wales,,577.0,,True
2015-06-01,Wales,,577.0,,True
2015-07-01,Wales,,578.0,,True
2015-08-01,Wales,,578.0,,True
2015-09-01,Wales,,579.0,,True
2015-10-01,Wales,,579.0,,True
2015-11-01,Wales,,580.0,,True
2015-12-01,Wales,,580.0,,True
2016-01-01,Wales,132574.0,581.0,5.10129525074726,True
2016-01-02,Wales,135127.0,,,True
2016-01-03,Wales,134091.0,,,True
2016-01-04,Wales,134382.0,,,True
2016-01-05,Wales,136627.0,,,True
2016-01-06,Wales,138664.0,,,True
2016-01-07,Wales,138575.0,,,True
2016-01-08,Wales,137657.0,,,True
2016-01-09,Wales,137271.0,,,True
2016-01-10,Wales,138864.0,,,True
2016-01-11,Wales,138504.0,,,True
2016-01-12,Wales,138659.0,,,True
2016-02-01,Wales,,581.0,,True
2016-03-01,Wales,,582.0,,True
2016-04-01,Wales,,582.0,,True
2016-05-01,Wales,,583.0,,True
2016-06-01,Wales,,583.0,,True
2016-07-01,Wales,,584.0,,True
2016-08-01,Wales,,584.0,,True
2016-09-01,Wales,,585.0,,True
2016-10-01,Wales,,585.0,,True
2016-11-01,Wales,,586.0,,True
2016-12-01,Wales,,586.0,,True
2017-01-01,Wales,138614.0,587.0,4.943741674065873,True
2017-01-02,Wales,138086.0,,,True
2017-01-03,Wales,139940.0,,,True
2017-01-04,Wales,141933.0,,,True
2017-01-05,Wales,139592.0,,,True
2017-01-06,Wales,142401.0,,,True
2017-01-07,Wales,143002.0,,,True
2017-01-08,Wales,144735.0,,,True
2017-01-09,Wales,145083.0,,,True
2017-01-10,Wales,146794.0,,,True
2017-01-11,Wales,144972.0,,,True
2017-01-12,Wales,145617.0,,,True
2017-02-01,Wales,,587.0,,True
2017-03-01,Wales,,588.0,,True
2017-04-01,Wales,,588.0,,True
2017-05-01,Wales,,589.0,,True
2017-06-01,Wales,,589.0,,True
2017-07-01,Wales,,589.0,,True
2017-08-01,Wales,,590.0,,True
2017-09-01,Wales,,590.0,,True
2017-10-01,Wales,,591.0,,True
2017-11-01,Wales,,591.0,,True
2017-12-01,Wales,,592.0,,True
2018-01-01,Wales,144990.0,592.0,4.772001395635954,True
2018-01-02,Wales,145068.0,,,True
2018-01-03,Wales,145837.0,,,True
2018-01-04,Wales,145412.0,,,True
2018-01-05,Wales,146531.0,,,True
2018-01-06,Wales,148527.0,,,True
2018-01-07,Wales,150195.0,,,True
2018-01-08,Wales,152466.0,,,True
2018-01-09,Wales,151747.0,,,True
2018-01-10,Wales,152401.0,,,True
2018-01-11,Wales,151646.0,,,True
2018-01-12,Wales,153612.0,,,True
2018-02-01,Wales,,593.0,,True
2018-03-01,Wales,,593.0,,True
2018-04-01,Wales,,594.0,,True
2018-05-01,Wales,,594.0,,True
2018-06-01,Wales,,595.0,,True
2018-07-01,Wales,,595.0,,True
2018-08-01,Wales,,596.0,,True
2018-09-01,Wales,,596.0,,True
2018-10-01,Wales,,597.0,,True
2018-11-01,Wales,,597.0,,True
2018-12-01,Wales,,598.0,,True
2019-01-01,Wales,150122.0,598.0,4.64107671601615,True
2019-01-02,Wales,150566.0,,,True
2019-01-03,Wales,151406.0,,,True
2019-01-04,Wales,152875.0,,,True
2019-01-05,Wales,153038.0,,,True
2019-01-06,Wales,154250.0,,,True
2019-01-07,Wales,155700.0,,,True
2019-01-08,Wales,159275.0,,,True
2019-01-09,Wales,155676.0,,,True
2019-01-10,Wales,157444.0,,,True
2019-01-11,Wales,159560.0,,,True
2019-01-12,Wales,157588.0,,,True
2019-02-01,Wales,,599.0,,True
2019-03-01,Wales,,599.0,,True
2019-04-01,Wales,,600.0,,True
2019-05-01,Wales,,600.0,,True
2019-06-01,Wales,,601.0,,True
2019-07-01,Wales,,601.0,,True
2019-08-01,Wales,,602.0,,True
2019-09-01,Wales,,602.0,,True
2019-10-01,Wales,,603.0,,True
2019-11-01,Wales,,603.0,,True
2019-12-01,Wales,,604.0,,True
2020-01-01,Wales,154532.0,604.0,4.522781423311086,True
2020-01-02,Wales,157134.0,,,True
2020-01-03,Wales,158163.0,,,True
2020-01-04,Wales,151534.0,,,True
2020-01-05,Wales,154054.0,,,True
2020-01-06,Wales,158488.0,,,True
2020-01-07,Wales,159465.0,,,True
2020-01-08,Wales,163805.0,,,True
2020-01-09,Wales,160994.0,,,True
2020-01-10,Wales,166597.0,,,True
2020-01-11,Wales,168781.0,,,True
2020-01-12,Wales,171640.0,,,True
2020-02-01,Wales,,605.0,,True
2020-03-01,Wales,,605.0,,True
2020-04-01,Wales,,606.0,,True
2020-05-01,Wales,,606.0,,True
2020-06-01,Wales,,607.0,,True
2020-07-01,Wales,,607.0,,True
2020-08-01,Wales,,608.0,,True
2020-09-01,Wales,,608.0,,True
2020-10-01,Wales,,609.0,,True
2020-11-01,Wales,,609.0,,True
2020-12-01,Wales,,610.0,,True
2021-01-01,Wales,169842.0,610.0,4.09548874946848,True
2021-01-02,Wales,168438.0,,,True
2021-01-03,Wales,173661.0,,,True
2021-01-04,Wales,171658.0,,,True
2021-01-05,Wales,174016.0,,,True
2021-01-06,Wales,184345.0,,,True
2021-01-07,Wales,176129.0,,,True
2021-01-08,Wales,180281.0,,,True
2021-01-09,Wales,185561.0,,,True
2021-01-10,Wales,186951.0,,,True
2021-01-11,Wales,186520.0,,,True
2021-01-12,Wales,189741.0,,,True
2021-02-01,Wales,,611.0,,True
2021-03-01,Wales,,611.0,,True
2021-04-01,Wales,,612.0,,True
2021-05-01,Wales,,612.0,,True
2021-06-01,Wales,,613.0,,True
2021-07-01,Wales,,613.0,,True
2021-08-01,Wales,,614.0,,True
2021-09-01,Wales,,614.0,,True
2021-10-01,Wales,,615.0,,True
2021-11-01,Wales,,615.0,,True
2021-12-01,Wales,,616.0,,True
2022-01-01,Wales,191552.0,616.0,3.69976010357063,True
2022-01-02,Wales,189656.0,,,True
2022-01-03,Wales,191471.0,,,True
2022-01-04,Wales,195875.0,,,True
2022-01-05,Wales,196682.0,,,True
2022-01-06,Wales,200277.0,,,True
2022-01-07,Wales,203313.0,,,True
2022-01-08,Wales,204218.0,,,True
2022-01-09,Wales,207696.0,,,True
2022-01-10,Wales,208209.0,,,True
2022-01-11,Wales,205941.0,,,True
2022-01-12,Wales,206563.0,,,True
2022-02-01,Wales,,617.0,,True
2022-03-01,Wales,,618.0,,True
2022-04-01,Wales,,618.0,,True
2022-05-01,Wales,,619.0,,True
2022-06-01,Wales,,619.0,,True
2022-07-01,Wales,,620.0,,True
2022-08-01,Wales,,620.0,,True
2022-09-01,Wales,,621.0,,True
2022-10-01,Wales,,621.0,,True
2022-11-01,Wales,,622.0,,True
2022-12-01,Wales,,622.0,,True
2023-01-01,Wales,201853.0,623.0,3.717278137385232,True
2023-01-02,Wales,200870.0,,,True
2023-01-03,Wales,199167.0,,,True
2023-01-04,Wales,195717.0,,,True
2023-01-05,Wales,199616.0,,,True
2023-01-06,Wales,200183.0,,,True
2023-01-07,Wales,202620.0,,,True
2023-01-08,Wales,203852.0,,,True
2023-01-09,Wales,204460.0,,,True
2023-01-10,Wales,202477.0,,,True
2023-01-11,Wales,201778.0,,,True
2023-01-12,Wales,202077.0,,,True
2023-02-01,Wales,,623.0,,True
2023-03-01,Wales,,624.0,,True
2023-04-01,Wales,,624.0,,True
2023-05-01,Wales,,625.0,,True
2023-06-01,Wales,,625.0,,True
2023-07-01,Wales,,626.0,,True
2023-08-01,Wales,,626.0,,True
2023-09-01,Wales,,627.0,,True
2023-10-01,Wales,,627.0,,True
2023-11-01,Wales,,628.0,,True
2023-12-01,Wales,,628.0,,True
2024-01-01,Wales,197808.0,629.0,3.7192687539399034,True
2024-01-02,Wales,199272.0,,,False
2024-01-03,Wales,200795.0,,,False
2024-01-04,Wales,199545.0,,,False
2024-01-05,Wales,199330.0,,,False
2024-01-06,Wales,204368.0,,,False
2024-01-07,Wales,204982.0,,,False
2024-01-08,Wales,207156.0,,,False
2024-01-09,Wales,203822.0,,,False
2024-01-10,Wales,207454.0,,,False
2024-01-11,Wales,207435.0,,,False
2024-01-12,Wales,204641.0,,,False
2024-02-01,Wales,,629.0,,False
2024-03-01,Wales,,630.0,,False
2024-04-01,Wales,,630.0,,False
2024-05-01,Wales,,631.0,,False
2024-06-01,Wales,,631.0,,False
2024-07-01,Wales,,632.0,,False
2024-08-01,Wales,,633.0,,False
2024-09-01,Wales,,633.0,,False
2024-10-01,Wales,,634.0,,False
2024-11-01,Wales,,634.0,,False
2024-12-01,Wales,,635.0,,False
2025-01-01,Wales,206010.0,,,False
2025-01-02,Wales,205120.0,,,False
2025-01-03,Wales,206915.0,,,False
2025-01-04,Wales,205773.0,,,False
2025-01-05,Wales,206443.0,,,False
2025-01-06,Wales,209614.0,,,False
2025-01-07,Wales,210074.0,,,False
2025-01-08,Wales,210804.0,,,False
2025-01-09,Wales,211427.0,,,False
2025-01-10,Wales,210646.0,,,False
2025-01-11,Wales,209232.0,,,False
2025-01-12,Wales,213769.0,,,False
2026-01-01,Wales,210186.0,,,False
2005-01-01,West Midlands,124542.0,588.0,5.542475113196136,True
2005-01-02,West Midlands,124364.0,,,True
2005-01-03,West Midlands,123753.0,,,True
2005-01-04,West Midlands,125147.0,,,True
2005-01-05,West Midlands,125673.0,,,True
2005-01-06,West Midlands,126927.0,,,True
2005-01-07,West Midlands,128389.0,,,True
2005-01-08,West Midlands,129558.0,,,True
2005-01-09,West Midlands,130034.0,,,True
2005-01-10,West Midlands,130025.0,,,True
2005-01-11,West Midlands,130120.0,,,True
2005-01-12,West Midlands,130893.0,,,True
2005-02-01,West Midlands,,589.0,,True
2005-03-01,West Midlands,,589.0,,True
2005-04-01,West Midlands,,590.0,,True
2005-05-01,West Midlands,,590.0,,True
2005-06-01,West Midlands,,591.0,,True
2005-07-01,West Midlands,,591.0,,True
2005-08-01,West Midlands,,592.0,,True
2005-09-01,West Midlands,,592.0,,True
2005-10-01,West Midlands,,593.0,,True
2005-11-01,West Midlands,,593.0,,True
2005-12-01,West Midlands,,594.0,,True
2006-01-01,West Midlands,130739.0,594.0,5.326661735954779,True
2006-01-02,West Midlands,130769.0,,,True
2006-01-03,West Midlands,130596.0,,,True
2006-01-04,West Midlands,131383.0,,,True
2006-01-05,West Midlands,132879.0,,,True
2006-01-06,West Midlands,134023.0,,,True
2006-01-07,West Midlands,134693.0,,,True
2006-01-08,West Midlands,135288.0,,,True
2006-01-09,West Midlands,135749.0,,,True
2006-01-10,West Midlands,136600.0,,,True
2006-01-11,West Midlands,137004.0,,,True
2006-01-12,West Midlands,137888.0,,,True
2006-02-01,West Midlands,,595.0,,True
2006-03-01,West Midlands,,595.0,,True
2006-04-01,West Midlands,,596.0,,True
2006-05-01,West Midlands,,596.0,,True
2006-06-01,West Midlands,,597.0,,True
2006-07-01,West Midlands,,597.0,,True
2006-08-01,West Midlands,,598.0,,True
2006-09-01,West Midlands,,598.0,,True
2006-10-01,West Midlands,,599.0,,True
2006-11-01,West Midlands,,599.0,,True
2006-12-01,West Midlands,,600.0,,True
2007-01-01,West Midlands,138400.0,600.0,5.104354953784272,True
2007-01-02,West Midlands,138572.0,,,True
2007-01-03,West Midlands,138521.0,,,True
2007-01-04,West Midlands,139436.0,,,True
2007-01-05,West Midlands,140171.0,,,True
2007-01-06,West Midlands,141128.0,,,True
2007-01-07,West Midlands,141759.0,,,True
2007-01-08,West Midlands,143106.0,,,True
2007-01-09,West Midlands,143516.0,,,True
2007-01-10,West Midlands,143623.0,,,True
2007-01-11,West Midlands,142887.0,,,True
2007-01-12,West Midlands,143434.0,,,True
2007-02-01,West Midlands,,601.0,,True
2007-03-01,West Midlands,,601.0,,True
2007-04-01,West Midlands,,602.0,,True
2007-05-01,West Midlands,,602.0,,True
2007-06-01,West Midlands,,603.0,,True
2007-07-01,West Midlands,,603.0,,True
2007-08-01,West Midlands,,604.0,,True
2007-09-01,West Midlands,,604.0,,True
2007-10-01,West Midlands,,605.0,,True
2007-11-01,West Midlands,,605.0,,True
2007-12-01,West Midlands,,606.0,,True
2008-01-01,West Midlands,142875.0,606.0,5.349476472652209,True
2008-01-02,West Midlands,142262.0,,,True
2008-01-03,West Midlands,140181.0,,,True
2008-01-04,West Midlands,139123.0,,,True
2008-01-05,West Midlands,138982.0,,,True
2008-01-06,West Midlands,138775.0,,,True
2008-01-07,West Midlands,137686.0,,,True
2008-01-08,West Midlands,135006.0,,,True
2008-01-09,West Midlands,132708.0,,,True
2008-01-10,West Midlands,130995.0,,,True
2008-01-11,West Midlands,128777.0,,,True
2008-01-12,West Midlands,125687.0,,,True
2008-02-01,West Midlands,,607.0,,True
2008-03-01,West Midlands,,607.0,,True
2008-04-01,West Midlands,,608.0,,True
2008-05-01,West Midlands,,608.0,,True
2008-06-01,West Midlands,,609.0,,True
2008-07-01,West Midlands,,609.0,,True
2008-08-01,West Midlands,,610.0,,True
2008-09-01,West Midlands,,610.0,,True
2008-10-01,West Midlands,,611.0,,True
2008-11-01,West Midlands,,611.0,,True
2008-12-01,West Midlands,,612.0,,True
2009-01-01,West Midlands,122751.0,612.0,5.978900628833639,True
2009-01-02,West Midlands,121338.0,,,True
2009-01-03,West Midlands,120672.0,,,True
2009-01-04,West Midlands,119944.0,,,True
2009-01-05,West Midlands,119488.0,,,True
2009-01-06,West Midlands,119403.0,,,True
2009-01-07,West Midlands,121044.0,,,True
2009-01-08,West Midlands,122832.0,,,True
2009-01-09,West Midlands,125412.0,,,True
2009-01-10,West Midlands,126848.0,,,True
2009-01-11,West Midlands,127466.0,,,True
2009-01-12,West Midlands,128391.0,,,True
2009-02-01,West Midlands,,613.0,,True
2009-03-01,West Midlands,,613.0,,True
2009-04-01,West Midlands,,614.0,,True
2009-05-01,West Midlands,,614.0,,True
2009-06-01,West Midlands,,615.0,,True
2009-07-01,West Midlands,,615.0,,True
2009-08-01,West Midlands,,616.0,,True
2009-09-01,West Midlands,,616.0,,True
2009-10-01,West Midlands,,617.0,,True
2009-11-01,West Midlands,,617.0,,True
2009-12-01,West Midlands,,618.0,,True
2010-01-01,West Midlands,127524.0,618.0,5.749742162581498,True
2010-01-02,West Midlands,127346.0,,,True
2010-01-03,West Midlands,126759.0,,,True
2010-01-04,West Midlands,128064.0,,,True
2010-01-05,West Midlands,128661.0,,,True
2010-01-06,West Midlands,129596.0,,,True
2010-01-07,West Midlands,130320.0,,,True
2010-01-08,West Midlands,131116.0,,,True
2010-01-09,West Midlands,131281.0,,,True
2010-01-10,West Midlands,130453.0,,,True
2010-01-11,West Midlands,129732.0,,,True
2010-01-12,West Midlands,128574.0,,,True
2010-02-01,West Midlands,,619.0,,True
2010-03-01,West Midlands,,619.0,,True
2010-04-01,West Midlands,,620.0,,True
2010-05-01,West Midlands,,621.0,,True
2010-06-01,West Midlands,,621.0,,True
2010-07-01,West Midlands,,622.0,,True
2010-08-01,West Midlands,,622.0,,True
2010-09-01,West Midlands,,623.0,,True
2010-10-01,West Midlands,,623.0,,True
2010-11-01,West Midlands,,624.0,,True
2010-12-01,West Midlands,,624.0,,True
2011-01-01,West Midlands,127333.0,625.0,5.9881696940678895,True
2011-01-02,West Midlands,125930.0,,,True
2011-01-03,West Midlands,124312.0,,,True
2011-01-04,West Midlands,124349.0,,,True
2011-01-05,West Midlands,124491.0,,,True
2011-01-06,West Midlands,125217.0,,,True
2011-01-07,West Midlands,125441.0,,,True
2011-01-08,West Midlands,125914.0,,,True
2011-01-09,West Midlands,126087.0,,,True
2011-01-10,West Midlands,125119.0,,,True
2011-01-11,West Midlands,125054.0,,,True
2011-01-12,West Midlands,124518.0,,,True
2011-02-01,West Midlands,,625.0,,True
2011-03-01,West Midlands,,626.0,,True
2011-04-01,West Midlands,,626.0,,True
2011-05-01,West Midlands,,627.0,,True
2011-06-01,West Midlands,,627.0,,True
2011-07-01,West Midlands,,628.0,,True
2011-08-01,West Midlands,,628.0,,True
2011-09-01,West Midlands,,629.0,,True
2011-10-01,West Midlands,,629.0,,True
2011-11-01,West Midlands,,630.0,,True
2011-12-01,West Midlands,,630.0,,True
2012-01-01,West Midlands,124765.0,631.0,6.036525120316169,True
2012-01-02,West Midlands,124068.0,,,True
2012-01-03,West Midlands,124352.0,,,True
2012-01-04,West Midlands,124592.0,,,True
2012-01-05,West Midlands,124611.0,,,True
2012-01-06,West Midlands,125441.0,,,True
2012-01-07,West Midlands,125980.0,,,True
2012-01-08,West Midlands,126814.0,,,True
2012-01-09,West Midlands,126616.0,,,True
2012-01-10,West Midlands,126446.0,,,True
2012-01-11,West Midlands,126136.0,,,True
2012-01-12,West Midlands,126211.0,,,True
2012-02-01,West Midlands,,631.0,,True
2012-03-01,West Midlands,,632.0,,True
2012-04-01,West Midlands,,632.0,,True
2012-05-01,West Midlands,,633.0,,True
2012-06-01,West Midlands,,634.0,,True
2012-07-01,West Midlands,,634.0,,True
2012-08-01,West Midlands,,635.0,,True
2012-09-01,West Midlands,,635.0,,True
2012-10-01,West Midlands,,636.0,,True
2012-11-01,West Midlands,,636.0,,True
2012-12-01,West Midlands,,637.0,,True
2013-01-01,West Midlands,125901.0,637.0,5.980690934456906,True
2013-01-02,West Midlands,125925.0,,,True
2013-01-03,West Midlands,125522.0,,,True
2013-01-04,West Midlands,125823.0,,,True
2013-01-05,West Midlands,126106.0,,,True
2013-01-06,West Midlands,126956.0,,,True
2013-01-07,West Midlands,128253.0,,,True
2013-01-08,West Midlands,129455.0,,,True
2013-01-09,West Midlands,129647.0,,,True
2013-01-10,West Midlands,130231.0,,,True
2013-01-11,West Midlands,130476.0,,,True
2013-01-12,West Midlands,131046.0,,,True
2013-02-01,West Midlands,,638.0,,True
2013-03-01,West Midlands,,638.0,,True
2013-04-01,West Midlands,,639.0,,True
2013-05-01,West Midlands,,639.0,,True
2013-06-01,West Midlands,,640.0,,True
2013-07-01,West Midlands,,640.0,,True
2013-08-01,West Midlands,,641.0,,True
2013-09-01,West Midlands,,641.0,,True
2013-10-01,West Midlands,,642.0,,True
2013-11-01,West Midlands,,642.0,,True
2013-12-01,West Midlands,,643.0,,True
2014-01-01,West Midlands,131217.0,644.0,5.73562847488808,True
2014-01-02,West Midlands,130825.0,,,True
2014-01-03,West Midlands,131168.0,,,True
2014-01-04,West Midlands,131969.0,,,True
2014-01-05,West Midlands,133235.0,,,True
2014-01-06,West Midlands,134533.0,,,True
2014-01-07,West Midlands,135153.0,,,True
2014-01-08,West Midlands,136900.0,,,True
2014-01-09,West Midlands,137474.0,,,True
2014-01-10,West Midlands,138384.0,,,True
2014-01-11,West Midlands,138237.0,,,True
2014-01-12,West Midlands,138583.0,,,True
2014-02-01,West Midlands,,644.0,,True
2014-03-01,West Midlands,,645.0,,True
2014-04-01,West Midlands,,645.0,,True
2014-05-01,West Midlands,,646.0,,True
2014-06-01,West Midlands,,646.0,,True
2014-07-01,West Midlands,,647.0,,True
2014-08-01,West Midlands,,647.0,,True
2014-09-01,West Midlands,,648.0,,True
2014-10-01,West Midlands,,648.0,,True
2014-11-01,West Midlands,,649.0,,True
2014-12-01,West Midlands,,649.0,,True
2015-01-01,West Midlands,137916.0,650.0,5.522812192202069,True
2015-01-02,West Midlands,137888.0,,,True
2015-01-03,West Midlands,137527.0,,,True
2015-01-04,West Midlands,138329.0,,,True
2015-01-05,West Midlands,138803.0,,,True
2015-01-06,West Midlands,140121.0,,,True
2015-01-07,West Midlands,141409.0,,,True
2015-01-08,West Midlands,143222.0,,,True
2015-01-09,West Midlands,144595.0,,,True
2015-01-10,West Midlands,145094.0,,,True
2015-01-11,West Midlands,145608.0,,,True
2015-01-12,West Midlands,146015.0,,,True
2015-02-01,West Midlands,,651.0,,True
2015-03-01,West Midlands,,651.0,,True
2015-04-01,West Midlands,,652.0,,True
2015-05-01,West Midlands,,652.0,,True
2015-06-01,West Midlands,,653.0,,True
2015-07-01,West Midlands,,653.0,,True
2015-08-01,West Midlands,,654.0,,True
2015-09-01,West Midlands,,654.0,,True
2015-10-01,West Midlands,,655.0,,True
2015-11-01,West Midlands,,655.0,,True
2015-12-01,West Midlands,,656.0,,True
2016-01-01,West Midlands,146612.0,656.0,5.179022462794662,True
2016-01-02,West Midlands,146486.0,,,True
2016-01-03,West Midlands,146575.0,,,True
2016-01-04,West Midlands,148291.0,,,True
2016-01-05,West Midlands,150491.0,,,True
2016-01-06,West Midlands,153265.0,,,True
2016-01-07,West Midlands,154637.0,,,True
2016-01-08,West Midlands,155878.0,,,True
2016-01-09,West Midlands,156425.0,,,True
2016-01-10,West Midlands,155872.0,,,True
2016-01-11,West Midlands,155806.0,,,True
2016-01-12,West Midlands,156416.0,,,True
2016-02-01,West Midlands,,657.0,,True
2016-03-01,West Midlands,,658.0,,True
2016-04-01,West Midlands,,658.0,,True
2016-05-01,West Midlands,,659.0,,True
2016-06-01,West Midlands,,659.0,,True
2016-07-01,West Midlands,,660.0,,True
2016-08-01,West Midlands,,660.0,,True
2016-09-01,West Midlands,,661.0,,True
2016-10-01,West Midlands,,661.0,,True
2016-11-01,West Midlands,,662.0,,True
2016-12-01,West Midlands,,663.0,,True
2017-01-01,West Midlands,157285.0,663.0,4.898202690505735,True
2017-01-02,West Midlands,157750.0,,,True
2017-01-03,West Midlands,157178.0,,,True
2017-01-04,West Midlands,157897.0,,,True
2017-01-05,West Midlands,159154.0,,,True
2017-01-06,West Midlands,161503.0,,,True
2017-01-07,West Midlands,164094.0,,,True
2017-01-08,West Midlands,166279.0,,,True
2017-01-09,West Midlands,167464.0,,,True
2017-01-10,West Midlands,167619.0,,,True
2017-01-11,West Midlands,167113.0,,,True
2017-01-12,West Midlands,167747.0,,,True
2017-02-01,West Midlands,,664.0,,True
2017-03-01,West Midlands,,664.0,,True
2017-04-01,West Midlands,,665.0,,True
2017-05-01,West Midlands,,665.0,,True
2017-06-01,West Midlands,,666.0,,True
2017-07-01,West Midlands,,666.0,,True
2017-08-01,West Midlands,,667.0,,True
2017-09-01,West Midlands,,667.0,,True
2017-10-01,West Midlands,,668.0,,True
2017-11-01,West Midlands,,669.0,,True
2017-12-01,West Midlands,,669.0,,True
2018-01-01,West Midlands,167696.0,670.0,4.666502298733883,True
2018-01-02,West Midlands,168618.0,,,True
2018-01-03,West Midlands,168120.0,,,True
2018-01-04,West Midlands,169472.0,,,True
2018-01-05,West Midlands,170003.0,,,True
2018-01-06,West Midlands,171756.0,,,True
2018-01-07,West Midlands,173488.0,,,True
2018-01-08,West Midlands,174413.0,,,True
2018-01-09,West Midlands,175765.0,,,True
2018-01-10,West Midlands,175916.0,,,True
2018-01-11,West Midlands,176447.0,,,True
2018-01-12,West Midlands,176836.0,,,True
2018-02-01,West Midlands,,670.0,,True
2018-03-01,West Midlands,,671.0,,True
2018-04-01,West Midlands,,671.0,,True
2018-05-01,West Midlands,,672.0,,True
2018-06-01,West Midlands,,672.0,,True
2018-07-01,West Midlands,,673.0,,True
2018-08-01,West Midlands,,674.0,,True
2018-09-01,West Midlands,,674.0,,True
2018-10-01,West Midlands,,675.0,,True
2018-11-01,West Midlands,,675.0,,True
2018-12-01,West Midlands,,676.0,,True
2019-01-01,West Midlands,176255.0,676.0,4.582495064397856,True
2019-01-02,West Midlands,176856.0,,,True
2019-01-03,West Midlands,175327.0,,,True
2019-01-04,West Midlands,175571.0,,,True
2019-01-05,West Midlands,175469.0,,,True
2019-01-06,West Midlands,176245.0,,,True
2019-01-07,West Midlands,176786.0,,,True
2019-01-08,West Midlands,177976.0,,,True
2019-01-09,West Midlands,179414.0,,,True
2019-01-10,West Midlands,179733.0,,,True
2019-01-11,West Midlands,179280.0,,,True
2019-01-12,West Midlands,178488.0,,,True
2019-02-01,West Midlands,,677.0,,True
2019-03-01,West Midlands,,678.0,,True
2019-04-01,West Midlands,,678.0,,True
2019-05-01,West Midlands,,679.0,,True
2019-06-01,West Midlands,,679.0,,True
2019-07-01,West Midlands,,680.0,,True
2019-08-01,West Midlands,,680.0,,True
2019-09-01,West Midlands,,681.0,,True
2019-10-01,West Midlands,,681.0,,True
2019-11-01,West Midlands,,682.0,,True
2019-12-01,West Midlands,,683.0,,True
2020-01-01,West Midlands,179060.0,683.0,4.528885167772268,True
2020-01-02,West Midlands,178387.0,,,True
2020-01-03,West Midlands,177824.0,,,True
2020-01-04,West Midlands,175618.0,,,True
2020-01-05,West Midlands,177295.0,,,True
2020-01-06,West Midlands,178914.0,,,True
2020-01-07,West Midlands,182208.0,,,True
2020-01-08,West Midlands,182927.0,,,True
2020-01-09,West Midlands,183383.0,,,True
2020-01-10,West Midlands,184362.0,,,True
2020-01-11,West Midlands,185557.0,,,True
2020-01-12,West Midlands,188245.0,,,True
2020-02-01,West Midlands,,684.0,,True
2020-03-01,West Midlands,,684.0,,True
2020-04-01,West Midlands,,685.0,,True
2020-05-01,West Midlands,,685.0,,True
2020-06-01,West Midlands,,686.0,,True
2020-07-01,West Midlands,,687.0,,True
2020-08-01,West Midlands,,687.0,,True
2020-09-01,West Midlands,,688.0,,True
2020-10-01,West Midlands,,688.0,,True
2020-11-01,West Midlands,,689.0,,True
2020-12-01,West Midlands,,689.0,,True
2021-01-01,West Midlands,190535.0,690.0,4.157553624816903,True
2021-01-02,West Midlands,193382.0,,,True
2021-01-03,West Midlands,196264.0,,,True
2021-01-04,West Midlands,197014.0,,,True
2021-01-05,West Midlands,197138.0,,,True
2021-01-06,West Midlands,200619.0,,,True
2021-01-07,West Midlands,201938.0,,,True
2021-01-08,West Midlands,203377.0,,,True
2021-01-09,West Midlands,202377.0,,,True
2021-01-10,West Midlands,202478.0,,,True
2021-01-11,West Midlands,203538.0,,,True
2021-01-12,West Midlands,203516.0,,,True
2021-02-01,West Midlands,,691.0,,True
2021-03-01,West Midlands,,691.0,,True
2021-04-01,West Midlands,,692.0,,True
2021-05-01,West Midlands,,692.0,,True
2021-06-01,West Midlands,,693.0,,True
2021-07-01,West Midlands,,693.0,,True
2021-08-01,West Midlands,,694.0,,True
2021-09-01,West Midlands,,695.0,,True
2021-10-01,West Midlands,,695.0,,True
2021-11-01,West Midlands,,696.0,,True
2021-12-01,West Midlands,,696.0,,True
2022-01-01,West Midlands,206378.0,697.0,3.825533193975059,True
2022-01-02,West Midlands,209279.0,,,True
2022-01-03,West Midlands,212020.0,,,True
2022-01-04,West Midlands,213974.0,,,True
2022-01-05,West Midlands,215007.0,,,True
2022-01-06,West Midlands,216278.0,,,True
2022-01-07,West Midlands,219733.0,,,True
2022-01-08,West Midlands,222773.0,,,True
2022-01-09,West Midlands,225571.0,,,True
2022-01-10,West Midlands,227492.0,,,True
2022-01-11,West Midlands,228025.0,,,True
2022-01-12,West Midlands,228359.0,,,True
2022-02-01,West Midlands,,697.0,,True
2022-03-01,West Midlands,,698.0,,True
2022-04-01,West Midlands,,699.0,,True
2022-05-01,West Midlands,,699.0,,True
2022-06-01,West Midlands,,700.0,,True
2022-07-01,West Midlands,,700.0,,True
2022-08-01,West Midlands,,701.0,,True
2022-09-01,West Midlands,,702.0,,True
2022-10-01,West Midlands,,702.0,,True
2022-11-01,West Midlands,,703.0,,True
2022-12-01,West Midlands,,703.0,,True
2023-01-01,West Midlands,226214.0,704.0,3.7861488858701433,True
2023-01-02,West Midlands,226369.0,,,True
2023-01-03,West Midlands,222980.0,,,True
2023-01-04,West Midlands,220914.0,,,True
2023-01-05,West Midlands,219253.0,,,True
2023-01-06,West Midlands,219966.0,,,True
2023-01-07,West Midlands,222839.0,,,True
2023-01-08,West Midlands,223424.0,,,True
2023-01-09,West Midlands,225448.0,,,True
2023-01-10,West Midlands,224398.0,,,True
2023-01-11,West Midlands,224071.0,,,True
2023-01-12,West Midlands,222941.0,,,True
2023-02-01,West Midlands,,704.0,,True
2023-03-01,West Midlands,,705.0,,True
2023-04-01,West Midlands,,706.0,,True
2023-05-01,West Midlands,,706.0,,True
2023-06-01,West Midlands,,707.0,,True
2023-07-01,West Midlands,,707.0,,True
2023-08-01,West Midlands,,708.0,,True
2023-09-01,West Midlands,,709.0,,True
2023-10-01,West Midlands,,709.0,,True
2023-11-01,West Midlands,,710.0,,True
2023-12-01,West Midlands,,710.0,,True
2024-01-01,West Midlands,221597.0,711.0,3.804724109957834,True
2024-01-02,West Midlands,220143.0,,,False
2024-01-03,West Midlands,218807.0,,,False
2024-01-04,West Midlands,218978.0,,,False
2024-01-05,West Midlands,220260.0,,,False
2024-01-06,West Midlands,222736.0,,,False
2024-01-07,West Midlands,225113.0,,,False
2024-01-08,West Midlands,227012.0,,,False
2024-01-09,West Midlands,228399.0,,,False
2024-01-10,West Midlands,229219.0,,,False
2024-01-11,West Midlands,230251.0,,,False
2024-01-12,West Midlands,229717.0,,,False
2024-02-01,West Midlands,,711.0,,False
2024-03-01,West Midlands,,712.0,,False
2024-04-01,West Midlands,,713.0,,False
2024-05-01,West Midlands,,713.0,,False
2024-06-01,West Midlands,,714.0,,False
2024-07-01,West Midlands,,714.0,,False
2024-08-01,West Midlands,,715.0,,False
2024-09-01,West Midlands,,716.0,,False
2024-10-01,West Midlands,,716.0,,False
2024-11-01,West Midlands,,717.0,,False
2024-12-01,West Midlands,,717.0,,False
2025-01-01,West Midlands,229440.0,,,False
2025-01-02,West Midlands,229064.0,,,False
2025-01-03,West Midlands,231049.0,,,False
2025-01-04,West Midlands,229952.0,,,False
2025-01-05,West Midlands,229122.0,,,False
2025-01-06,West Midlands,227533.0,,,False
2025-01-07,West Midlands,230017.0,,,False
2025-01-08,West Midlands,232047.0,,,False
2025-01-09,West Midlands,232897.0,,,False
2025-01-10,West Midlands,232921.0,,,False
2025-01-11,West Midlands,233506.0,,,False
2025-01-12,West Midlands,233380.0,,,False
2026-01-01,West Midlands,233145.0,,,False
2005-01-01,Yorkshire and The Humber,111935.0,521.0,5.2776120746901976,True
2005-01-02,Yorkshire and The Humber,113342.0,,,True
2005-01-03,Yorkshire and The Humber,114502.0,,,True
2005-01-04,Yorkshire and The Humber,115003.0,,,True
2005-01-05,Yorkshire and The Humber,117647.0,,,True
2005-01-06,Yorkshire and The Humber,118928.0,,,True
2005-01-07,Yorkshire and The Humber,120427.0,,,True
2005-01-08,Yorkshire and The Humber,121469.0,,,True
2005-01-09,Yorkshire and The Humber,121697.0,,,True
2005-01-10,Yorkshire and The Humber,121868.0,,,True
2005-01-11,Yorkshire and The Humber,121981.0,,,True
2005-01-12,Yorkshire and The Humber,122753.0,,,True
2005-02-01,Yorkshire and The Humber,,521.0,,True
2005-03-01,Yorkshire and The Humber,,521.0,,True
2005-04-01,Yorkshire and The Humber,,522.0,,True
2005-05-01,Yorkshire and The Humber,,522.0,,True
2005-06-01,Yorkshire and The Humber,,523.0,,True
2005-07-01,Yorkshire and The Humber,,523.0,,True
2005-08-01,Yorkshire and The Humber,,524.0,,True
2005-09-01,Yorkshire and The Humber,,524.0,,True
2005-10-01,Yorkshire and The Humber,,524.0,,True
2005-11-01,Yorkshire and The Humber,,525.0,,True
2005-12-01,Yorkshire and The Humber,,525.0,,True
2006-01-01,Yorkshire and The Humber,122401.0,526.0,4.902223308845501,True
2006-01-02,Yorkshire and The Humber,123300.0,,,True
2006-01-03,Yorkshire and The Humber,123869.0,,,True
2006-01-04,Yorkshire and The Humber,126934.0,,,True
2006-01-05,Yorkshire and The Humber,127236.0,,,True
2006-01-06,Yorkshire and The Humber,128530.0,,,True
2006-01-07,Yorkshire and The Humber,130231.0,,,True
2006-01-08,Yorkshire and The Humber,131670.0,,,True
2006-01-09,Yorkshire and The Humber,131823.0,,,True
2006-01-10,Yorkshire and The Humber,132379.0,,,True
2006-01-11,Yorkshire and The Humber,132983.0,,,True
2006-01-12,Yorkshire and The Humber,134718.0,,,True
2006-02-01,Yorkshire and The Humber,,526.0,,True
2006-03-01,Yorkshire and The Humber,,527.0,,True
2006-04-01,Yorkshire and The Humber,,527.0,,True
2006-05-01,Yorkshire and The Humber,,527.0,,True
2006-06-01,Yorkshire and The Humber,,528.0,,True
2006-07-01,Yorkshire and The Humber,,528.0,,True
2006-08-01,Yorkshire and The Humber,,529.0,,True
2006-09-01,Yorkshire and The Humber,,529.0,,True
2006-10-01,Yorkshire and The Humber,,530.0,,True
2006-11-01,Yorkshire and The Humber,,530.0,,True
2006-12-01,Yorkshire and The Humber,,531.0,,True
2007-01-01,Yorkshire and The Humber,133490.0,531.0,4.594528864428611,True
2007-01-02,Yorkshire and The Humber,133735.0,,,True
2007-01-03,Yorkshire and The Humber,134329.0,,,True
2007-01-04,Yorkshire and The Humber,137552.0,,,True
2007-01-05,Yorkshire and The Humber,139157.0,,,True
2007-01-06,Yorkshire and The Humber,140595.0,,,True
2007-01-07,Yorkshire and The Humber,140885.0,,,True
2007-01-08,Yorkshire and The Humber,141079.0,,,True
2007-01-09,Yorkshire and The Humber,140589.0,,,True
2007-01-10,Yorkshire and The Humber,141405.0,,,True
2007-01-11,Yorkshire and The Humber,141108.0,,,True
2007-01-12,Yorkshire and The Humber,141361.0,,,True
2007-02-01,Yorkshire and The Humber,,531.0,,True
2007-03-01,Yorkshire and The Humber,,532.0,,True
2007-04-01,Yorkshire and The Humber,,532.0,,True
2007-05-01,Yorkshire and The Humber,,533.0,,True
2007-06-01,Yorkshire and The Humber,,533.0,,True
2007-07-01,Yorkshire and The Humber,,534.0,,True
2007-08-01,Yorkshire and The Humber,,534.0,,True
2007-09-01,Yorkshire and The Humber,,535.0,,True
2007-10-01,Yorkshire and The Humber,,535.0,,True
2007-11-01,Yorkshire and The Humber,,535.0,,True
2007-12-01,Yorkshire and The Humber,,536.0,,True
2008-01-01,Yorkshire and The Humber,138573.0,536.0,4.84186559687835,True
2008-01-02,Yorkshire and The Humber,138126.0,,,True
2008-01-03,Yorkshire and The Humber,136655.0,,,True
2008-01-04,Yorkshire and The Humber,137633.0,,,True
2008-01-05,Yorkshire and The Humber,138264.0,,,True
2008-01-06,Yorkshire and The Humber,135510.0,,,True
2008-01-07,Yorkshire and The Humber,135285.0,,,True
2008-01-08,Yorkshire and The Humber,133046.0,,,True
2008-01-09,Yorkshire and The Humber,129538.0,,,True
2008-01-10,Yorkshire and The Humber,127444.0,,,True
2008-01-11,Yorkshire and The Humber,123614.0,,,True
2008-01-12,Yorkshire and The Humber,122391.0,,,True
2008-02-01,Yorkshire and The Humber,,537.0,,True
2008-03-01,Yorkshire and The Humber,,537.0,,True
2008-04-01,Yorkshire and The Humber,,538.0,,True
2008-05-01,Yorkshire and The Humber,,538.0,,True
2008-06-01,Yorkshire and The Humber,,539.0,,True
2008-07-01,Yorkshire and The Humber,,539.0,,True
2008-08-01,Yorkshire and The Humber,,539.0,,True
2008-09-01,Yorkshire and The Humber,,540.0,,True
2008-10-01,Yorkshire and The Humber,,540.0,,True
2008-11-01,Yorkshire and The Humber,,541.0,,True
2008-12-01,Yorkshire and The Humber,,541.0,,True
2009-01-01,Yorkshire and The Humber,118176.0,542.0,5.32960992218098,True
2009-01-02,Yorkshire and The Humber,118368.0,,,True
2009-01-03,Yorkshire and The Humber,116556.0,,,True
2009-01-04,Yorkshire and The Humber,119069.0,,,True
2009-01-05,Yorkshire and The Humber,119722.0,,,True
2009-01-06,Yorkshire and The Humber,120600.0,,,True
2009-01-07,Yorkshire and The Humber,124390.0,,,True
2009-01-08,Yorkshire and The Humber,124504.0,,,True
2009-01-09,Yorkshire and The Humber,124268.0,,,True
2009-01-10,Yorkshire and The Humber,126133.0,,,True
2009-01-11,Yorkshire and The Humber,126339.0,,,True
2009-01-12,Yorkshire and The Humber,127198.0,,,True
2009-02-01,Yorkshire and The Humber,,542.0,,True
2009-03-01,Yorkshire and The Humber,,543.0,,True
2009-04-01,Yorkshire and The Humber,,543.0,,True
2009-05-01,Yorkshire and The Humber,,543.0,,True
2009-06-01,Yorkshire and The Humber,,544.0,,True
2009-07-01,Yorkshire and The Humber,,544.0,,True
2009-08-01,Yorkshire and The Humber,,545.0,,True
2009-09-01,Yorkshire and The Humber,,545.0,,True
2009-10-01,Yorkshire and The Humber,,546.0,,True
2009-11-01,Yorkshire and The Humber,,546.0,,True
2009-12-01,Yorkshire and The Humber,,547.0,,True
2010-01-01,Yorkshire and The Humber,124977.0,547.0,5.2050188990814785,True
2010-01-02,Yorkshire and The Humber,124940.0,,,True
2010-01-03,Yorkshire and The Humber,124909.0,,,True
2010-01-04,Yorkshire and The Humber,126501.0,,,True
2010-01-05,Yorkshire and The Humber,126860.0,,,True
2010-01-06,Yorkshire and The Humber,127437.0,,,True
2010-01-07,Yorkshire and The Humber,129214.0,,,True
2010-01-08,Yorkshire and The Humber,128851.0,,,True
2010-01-09,Yorkshire and The Humber,127519.0,,,True
2010-01-10,Yorkshire and The Humber,125240.0,,,True
2010-01-11,Yorkshire and The Humber,123818.0,,,True
2010-01-12,Yorkshire and The Humber,124887.0,,,True
2010-02-01,Yorkshire and The Humber,,548.0,,True
2010-03-01,Yorkshire and The Humber,,548.0,,True
2010-04-01,Yorkshire and The Humber,,548.0,,True
2010-05-01,Yorkshire and The Humber,,549.0,,True
2010-06-01,Yorkshire and The Humber,,549.0,,True
2010-07-01,Yorkshire and The Humber,,550.0,,True
2010-08-01,Yorkshire and The Humber,,550.0,,True
2010-09-01,Yorkshire and The Humber,,551.0,,True
2010-10-01,Yorkshire and The Humber,,551.0,,True
2010-11-01,Yorkshire and The Humber,,552.0,,True
2010-12-01,Yorkshire and The Humber,,552.0,,True
2011-01-01,Yorkshire and The Humber,121396.0,553.0,5.405467782171161,True
2011-01-02,Yorkshire and The Humber,123137.0,,,True
2011-01-03,Yorkshire and The Humber,120256.0,,,True
2011-01-04,Yorkshire and The Humber,124045.0,,,True
2011-01-05,Yorkshire and The Humber,123973.0,,,True
2011-01-06,Yorkshire and The Humber,122632.0,,,True
2011-01-07,Yorkshire and The Humber,123457.0,,,True
2011-01-08,Yorkshire and The Humber,124601.0,,,True
2011-01-09,Yorkshire and The Humber,123816.0,,,True
2011-01-10,Yorkshire and The Humber,121648.0,,,True
2011-01-11,Yorkshire and The Humber,122217.0,,,True
2011-01-12,Yorkshire and The Humber,121997.0,,,True
2011-02-01,Yorkshire and The Humber,,553.0,,True
2011-03-01,Yorkshire and The Humber,,553.0,,True
2011-04-01,Yorkshire and The Humber,,554.0,,True
2011-05-01,Yorkshire and The Humber,,554.0,,True
2011-06-01,Yorkshire and The Humber,,555.0,,True
2011-07-01,Yorkshire and The Humber,,555.0,,True
2011-08-01,Yorkshire and The Humber,,556.0,,True
2011-09-01,Yorkshire and The Humber,,556.0,,True
2011-10-01,Yorkshire and The Humber,,557.0,,True
2011-11-01,Yorkshire and The Humber,,557.0,,True
2011-12-01,Yorkshire and The Humber,,558.0,,True
2012-01-01,Yorkshire and The Humber,119314.0,558.0,5.497785796293259,True
2012-01-02,Yorkshire and The Humber,120390.0,,,True
2012-01-03,Yorkshire and The Humber,121015.0,,,True
2012-01-04,Yorkshire and The Humber,120521.0,,,True
2012-01-05,Yorkshire and The Humber,122024.0,,,True
2012-01-06,Yorkshire and The Humber,123282.0,,,True
2012-01-07,Yorkshire and The Humber,123459.0,,,True
2012-01-08,Yorkshire and The Humber,124037.0,,,True
2012-01-09,Yorkshire and The Humber,122905.0,,,True
2012-01-10,Yorkshire and The Humber,121624.0,,,True
2012-01-11,Yorkshire and The Humber,122630.0,,,True
2012-01-12,Yorkshire and The Humber,122079.0,,,True
2012-02-01,Yorkshire and The Humber,,559.0,,True
2012-03-01,Yorkshire and The Humber,,559.0,,True
2012-04-01,Yorkshire and The Humber,,559.0,,True
2012-05-01,Yorkshire and The Humber,,560.0,,True
2012-06-01,Yorkshire and The Humber,,560.0,,True
2012-07-01,Yorkshire and The Humber,,561.0,,True
2012-08-01,Yorkshire and The Humber,,561.0,,True
2012-09-01,Yorkshire and The Humber,,562.0,,True
2012-10-01,Yorkshire and The Humber,,562.0,,True
2012-11-01,Yorkshire and The Humber,,563.0,,True
2012-12-01,Yorkshire and The Humber,,563.0,,True
2013-01-01,Yorkshire and The Humber,118140.0,564.0,5.525107542563195,True
2013-01-02,Yorkshire and The Humber,120571.0,,,True
2013-01-03,Yorkshire and The Humber,120177.0,,,True
2013-01-04,Yorkshire and The Humber,120459.0,,,True
2013-01-05,Yorkshire and The Humber,122386.0,,,True
2013-01-06,Yorkshire and The Humber,123042.0,,,True
2013-01-07,Yorkshire and The Humber,123746.0,,,True
2013-01-08,Yorkshire and The Humber,124181.0,,,True
2013-01-09,Yorkshire and The Humber,125379.0,,,True
2013-01-10,Yorkshire and The Humber,123271.0,,,True
2013-01-11,Yorkshire and The Humber,124027.0,,,True
2013-01-12,Yorkshire and The Humber,125434.0,,,True
2013-02-01,Yorkshire and The Humber,,564.0,,True
2013-03-01,Yorkshire and The Humber,,565.0,,True
2013-04-01,Yorkshire and The Humber,,565.0,,True
2013-05-01,Yorkshire and The Humber,,566.0,,True
2013-06-01,Yorkshire and The Humber,,566.0,,True
2013-07-01,Yorkshire and The Humber,,566.0,,True
2013-08-01,Yorkshire and The Humber,,567.0,,True
2013-09-01,Yorkshire and The Humber,,567.0,,True
2013-10-01,Yorkshire and The Humber,,568.0,,True
2013-11-01,Yorkshire and The Humber,,568.0,,True
2013-12-01,Yorkshire and The Humber,,569.0,,True
2014-01-01,Yorkshire and The Humber,123797.0,569.0,5.324163767102883,True
2014-01-02,Yorkshire and The Humber,125717.0,,,True
2014-01-03,Yorkshire and The Humber,124055.0,,,True
2014-01-04,Yorkshire and The Humber,127562.0,,,True
2014-01-05,Yorkshire and The Humber,128358.0,,,True
2014-01-06,Yorkshire and The Humber,128390.0,,,True
2014-01-07,Yorkshire and The Humber,129943.0,,,True
2014-01-08,Yorkshire and The Humber,131536.0,,,True
2014-01-09,Yorkshire and The Humber,129715.0,,,True
2014-01-10,Yorkshire and The Humber,130492.0,,,True
2014-01-11,Yorkshire and The Humber,130165.0,,,True
2014-01-12,Yorkshire and The Humber,131019.0,,,True
2014-02-01,Yorkshire and The Humber,,570.0,,True
2014-03-01,Yorkshire and The Humber,,570.0,,True
2014-04-01,Yorkshire and The Humber,,571.0,,True
2014-05-01,Yorkshire and The Humber,,571.0,,True
2014-06-01,Yorkshire and The Humber,,572.0,,True
2014-07-01,Yorkshire and The Humber,,572.0,,True
2014-08-01,Yorkshire and The Humber,,573.0,,True
2014-09-01,Yorkshire and The Humber,,573.0,,True
2014-10-01,Yorkshire and The Humber,,574.0,,True
2014-11-01,Yorkshire and The Humber,,574.0,,True
2014-12-01,Yorkshire and The Humber,,575.0,,True
2015-01-01,Yorkshire and The Humber,128167.0,575.0,5.170263992501219,True
2015-01-02,Yorkshire and The Humber,128943.0,,,True
2015-01-03,Yorkshire and The Humber,129645.0,,,True
2015-01-04,Yorkshire and The Humber,130300.0,,,True
2015-01-05,Yorkshire and The Humber,133330.0,,,True
2015-01-06,Yorkshire and The Humber,133535.0,,,True
2015-01-07,Yorkshire and The Humber,136228.0,,,True
2015-01-08,Yorkshire and The Humber,136774.0,,,True
2015-01-09,Yorkshire and The Humber,136136.0,,,True
2015-01-10,Yorkshire and The Humber,135844.0,,,True
2015-01-11,Yorkshire and The Humber,136513.0,,,True
2015-01-12,Yorkshire and The Humber,136979.0,,,True
2015-02-01,Yorkshire and The Humber,,575.0,,True
2015-03-01,Yorkshire and The Humber,,576.0,,True
2015-04-01,Yorkshire and The Humber,,576.0,,True
2015-05-01,Yorkshire and The Humber,,577.0,,True
2015-06-01,Yorkshire and The Humber,,577.0,,True
2015-07-01,Yorkshire and The Humber,,578.0,,True
2015-08-01,Yorkshire and The Humber,,578.0,,True
2015-09-01,Yorkshire and The Humber,,579.0,,True
2015-10-01,Yorkshire and The Humber,,579.0,,True
2015-11-01,Yorkshire and The Humber,,580.0,,True
2015-12-01,Yorkshire and The Humber,,580.0,,True
2016-01-01,Yorkshire and The Humber,136097.0,581.0,4.973661789572374,True
2016-01-02,Yorkshire and The Humber,136539.0,,,True
2016-01-03,Yorkshire and The Humber,135373.0,,,True
2016-01-04,Yorkshire and The Humber,139439.0,,,True
2016-01-05,Yorkshire and The Humber,139973.0,,,True
2016-01-06,Yorkshire and The Humber,141514.0,,,True
2016-01-07,Yorkshire and The Humber,142441.0,,,True
2016-01-08,Yorkshire and The Humber,142584.0,,,True
2016-01-09,Yorkshire and The Humber,141674.0,,,True
2016-01-10,Yorkshire and The Humber,141522.0,,,True
2016-01-11,Yorkshire and The Humber,142333.0,,,True
2016-01-12,Yorkshire and The Humber,143617.0,,,True
2016-02-01,Yorkshire and The Humber,,581.0,,True
2016-03-01,Yorkshire and The Humber,,582.0,,True
2016-04-01,Yorkshire and The Humber,,582.0,,True
2016-05-01,Yorkshire and The Humber,,583.0,,True
2016-06-01,Yorkshire and The Humber,,583.0,,True
2016-07-01,Yorkshire and The Humber,,584.0,,True
2016-08-01,Yorkshire and The Humber,,584.0,,True
2016-09-01,Yorkshire and The Humber,,585.0,,True
2016-10-01,Yorkshire and The Humber,,585.0,,True
2016-11-01,Yorkshire and The Humber,,586.0,,True
2016-12-01,Yorkshire and The Humber,,586.0,,True
2017-01-01,Yorkshire and The Humber,140165.0,587.0,4.8366066894497735,True
2017-01-02,Yorkshire and The Humber,141864.0,,,True
2017-01-03,Yorkshire and The Humber,140865.0,,,True
2017-01-04,Yorkshire and The Humber,144242.0,,,True
2017-01-05,Yorkshire and The Humber,145465.0,,,True
2017-01-06,Yorkshire and The Humber,146646.0,,,True
2017-01-07,Yorkshire and The Humber,147317.0,,,True
2017-01-08,Yorkshire and The Humber,148788.0,,,True
2017-01-09,Yorkshire and The Humber,148653.0,,,True
2017-01-10,Yorkshire and The Humber,147677.0,,,True
2017-01-11,Yorkshire and The Humber,147857.0,,,True
2017-01-12,Yorkshire and The Humber,149125.0,,,True
2017-02-01,Yorkshire and The Humber,,587.0,,True
2017-03-01,Yorkshire and The Humber,,588.0,,True
2017-04-01,Yorkshire and The Humber,,588.0,,True
2017-05-01,Yorkshire and The Humber,,589.0,,True
2017-06-01,Yorkshire and The Humber,,589.0,,True
2017-07-01,Yorkshire and The Humber,,589.0,,True
2017-08-01,Yorkshire and The Humber,,590.0,,True
2017-09-01,Yorkshire and The Humber,,590.0,,True
2017-10-01,Yorkshire and The Humber,,591.0,,True
2017-11-01,Yorkshire and The Humber,,591.0,,True
2017-12-01,Yorkshire and The Humber,,592.0,,True
2018-01-01,Yorkshire and The Humber,146727.0,592.0,4.724629144513508,True
2018-01-02,Yorkshire and The Humber,146544.0,,,True
2018-01-03,Yorkshire and The Humber,147271.0,,,True
2018-01-04,Yorkshire and The Humber,148179.0,,,True
2018-01-05,Yorkshire and The Humber,150166.0,,,True
2018-01-06,Yorkshire and The Humber,151054.0,,,True
2018-01-07,Yorkshire and The Humber,152499.0,,,True
2018-01-08,Yorkshire and The Humber,154445.0,,,True
2018-01-09,Yorkshire and The Humber,152649.0,,,True
2018-01-10,Yorkshire and The Humber,152245.0,,,True
2018-01-11,Yorkshire and The Humber,151982.0,,,True
2018-01-12,Yorkshire and The Humber,152603.0,,,True
2018-02-01,Yorkshire and The Humber,,593.0,,True
2018-03-01,Yorkshire and The Humber,,593.0,,True
2018-04-01,Yorkshire and The Humber,,594.0,,True
2018-05-01,Yorkshire and The Humber,,594.0,,True
2018-06-01,Yorkshire and The Humber,,595.0,,True
2018-07-01,Yorkshire and The Humber,,595.0,,True
2018-08-01,Yorkshire and The Humber,,596.0,,True
2018-09-01,Yorkshire and The Humber,,596.0,,True
2018-10-01,Yorkshire and The Humber,,597.0,,True
2018-11-01,Yorkshire and The Humber,,597.0,,True
2018-12-01,Yorkshire and The Humber,,598.0,,True
2019-01-01,Yorkshire and The Humber,150919.0,598.0,4.670968399117258,True
2019-01-02,Yorkshire and The Humber,149924.0,,,True
2019-01-03,Yorkshire and The Humber,151324.0,,,True
2019-01-04,Yorkshire and The Humber,152328.0,,,True
2019-01-05,Yorkshire and The Humber,152676.0,,,True
2019-01-06,Yorkshire and The Humber,154041.0,,,True
2019-01-07,Yorkshire and The Humber,155294.0,,,True
2019-01-08,Yorkshire and The Humber,155819.0,,,True
2019-01-09,Yorkshire and The Humber,155723.0,,,True
2019-01-10,Yorkshire and The Humber,156458.0,,,True
2019-01-11,Yorkshire and The Humber,155187.0,,,True
2019-01-12,Yorkshire and The Humber,155920.0,,,True
2019-02-01,Yorkshire and The Humber,,599.0,,True
2019-03-01,Yorkshire and The Humber,,599.0,,True
2019-04-01,Yorkshire and The Humber,,600.0,,True
2019-05-01,Yorkshire and The Humber,,600.0,,True
2019-06-01,Yorkshire and The Humber,,601.0,,True
2019-07-01,Yorkshire and The Humber,,601.0,,True
2019-08-01,Yorkshire and The Humber,,602.0,,True
2019-09-01,Yorkshire and The Humber,,602.0,,True
2019-10-01,Yorkshire and The Humber,,603.0,,True
2019-11-01,Yorkshire and The Humber,,603.0,,True
2019-12-01,Yorkshire and The Humber,,604.0,,True
2020-01-01,Yorkshire and The Humber,154883.0,604.0,4.555471148473453,True
2020-01-02,Yorkshire and The Humber,154695.0,,,True
2020-01-03,Yorkshire and The Humber,155643.0,,,True
2020-01-04,Yorkshire and The Humber,150730.0,,,True
2020-01-05,Yorkshire and The Humber,155276.0,,,True
2020-01-06,Yorkshire and The Humber,158072.0,,,True
2020-01-07,Yorkshire and The Humber,158824.0,,,True
2020-01-08,Yorkshire and The Humber,160951.0,,,True
2020-01-09,Yorkshire and The Humber,161730.0,,,True
2020-01-10,Yorkshire and The Humber,164114.0,,,True
2020-01-11,Yorkshire and The Humber,167676.0,,,True
2020-01-12,Yorkshire and The Humber,168778.0,,,True
2020-02-01,Yorkshire and The Humber,,605.0,,True
2020-03-01,Yorkshire and The Humber,,605.0,,True
2020-04-01,Yorkshire and The Humber,,606.0,,True
2020-05-01,Yorkshire and The Humber,,606.0,,True
2020-06-01,Yorkshire and The Humber,,607.0,,True
2020-07-01,Yorkshire and The Humber,,607.0,,True
2020-08-01,Yorkshire and The Humber,,608.0,,True
2020-09-01,Yorkshire and The Humber,,608.0,,True
2020-10-01,Yorkshire and The Humber,,609.0,,True
2020-11-01,Yorkshire and The Humber,,609.0,,True
2020-12-01,Yorkshire and The Humber,,610.0,,True
2021-01-01,Yorkshire and The Humber,170388.0,610.0,4.186619158391283,True
2021-01-02,Yorkshire and The Humber,171334.0,,,True
2021-01-03,Yorkshire and The Humber,172745.0,,,True
2021-01-04,Yorkshire and The Humber,169361.0,,,True
2021-01-05,Yorkshire and The Humber,171213.0,,,True
2021-01-06,Yorkshire and The Humber,184117.0,,,True
2021-01-07,Yorkshire and The Humber,169009.0,,,True
2021-01-08,Yorkshire and The Humber,174892.0,,,True
2021-01-09,Yorkshire and The Humber,183852.0,,,True
2021-01-10,Yorkshire and The Humber,173741.0,,,True
2021-01-11,Yorkshire and The Humber,179074.0,,,True
2021-01-12,Yorkshire and The Humber,180680.0,,,True
2021-02-01,Yorkshire and The Humber,,611.0,,True
2021-03-01,Yorkshire and The Humber,,611.0,,True
2021-04-01,Yorkshire and The Humber,,612.0,,True
2021-05-01,Yorkshire and The Humber,,612.0,,True
2021-06-01,Yorkshire and The Humber,,613.0,,True
2021-07-01,Yorkshire and The Humber,,613.0,,True
2021-08-01,Yorkshire and The Humber,,614.0,,True
2021-09-01,Yorkshire and The Humber,,614.0,,True
2021-10-01,Yorkshire and The Humber,,615.0,,True
2021-11-01,Yorkshire and The Humber,,615.0,,True
2021-12-01,Yorkshire and The Humber,,616.0,,True
2022-01-01,Yorkshire and The Humber,182226.0,616.0,3.873279654034449,True
2022-01-02,Yorkshire and The Humber,183698.0,,,True
2022-01-03,Yorkshire and The Humber,183085.0,,,True
2022-01-04,Yorkshire and The Humber,184986.0,,,True
2022-01-05,Yorkshire and The Humber,189205.0,,,True
2022-01-06,Yorkshire and The Humber,190937.0,,,True
2022-01-07,Yorkshire and The Humber,194228.0,,,True
2022-01-08,Yorkshire and The Humber,195533.0,,,True
2022-01-09,Yorkshire and The Humber,196752.0,,,True
2022-01-10,Yorkshire and The Humber,197361.0,,,True
2022-01-11,Yorkshire and The Humber,198212.0,,,True
2022-01-12,Yorkshire and The Humber,197647.0,,,True
2022-02-01,Yorkshire and The Humber,,617.0,,True
2022-03-01,Yorkshire and The Humber,,618.0,,True
2022-04-01,Yorkshire and The Humber,,618.0,,True
2022-05-01,Yorkshire and The Humber,,619.0,,True
2022-06-01,Yorkshire and The Humber,,619.0,,True
2022-07-01,Yorkshire and The Humber,,620.0,,True
2022-08-01,Yorkshire and The Humber,,620.0,,True
2022-09-01,Yorkshire and The Humber,,621.0,,True
2022-10-01,Yorkshire and The Humber,,621.0,,True
2022-11-01,Yorkshire and The Humber,,622.0,,True
2022-12-01,Yorkshire and The Humber,,622.0,,True
2023-01-01,Yorkshire and The Humber,191628.0,623.0,3.880825453649299,True
2023-01-02,Yorkshire and The Humber,191681.0,,,True
2023-01-03,Yorkshire and The Humber,187293.0,,,True
2023-01-04,Yorkshire and The Humber,190374.0,,,True
2023-01-05,Yorkshire and The Humber,189275.0,,,True
2023-01-06,Yorkshire and The Humber,193446.0,,,True
2023-01-07,Yorkshire and The Humber,195102.0,,,True
2023-01-08,Yorkshire and The Humber,197800.0,,,True
2023-01-09,Yorkshire and The Humber,194270.0,,,True
2023-01-10,Yorkshire and The Humber,195381.0,,,True
2023-01-11,Yorkshire and The Humber,193998.0,,,True
2023-01-12,Yorkshire and The Humber,192662.0,,,True
2023-02-01,Yorkshire and The Humber,,623.0,,True
2023-03-01,Yorkshire and The Humber,,624.0,,True
2023-04-01,Yorkshire and The Humber,,624.0,,True
2023-05-01,Yorkshire and The Humber,,625.0,,True
2023-06-01,Yorkshire and The Humber,,625.0,,True
2023-07-01,Yorkshire and The Humber,,626.0,,True
2023-08-01,Yorkshire and The Humber,,626.0,,True
2023-09-01,Yorkshire and The Humber,,627.0,,True
2023-10-01,Yorkshire and The Humber,,627.0,,True
2023-11-01,Yorkshire and The Humber,,628.0,,True
2023-12-01,Yorkshire and The Humber,,628.0,,True
2024-01-01,Yorkshire and The Humber,191618.0,629.0,3.837351252038318,True
2024-01-02,Yorkshire and The Humber,191087.0,,,False
2024-01-03,Yorkshire and The Humber,192827.0,,,False
2024-01-04,Yorkshire and The Humber,191916.0,,,False
2024-01-05,Yorkshire and The Humber,193994.0,,,False
2024-01-06,Yorkshire and The Humber,197974.0,,,False
2024-01-07,Yorkshire and The Humber,197976.0,,,False
2024-01-08,Yorkshire and The Humber,201974.0,,,False
2024-01-09,Yorkshire and The Humber,198849.0,,,False
2024-01-10,Yorkshire and The Humber,199913.0,,,False
2024-01-11,Yorkshire and The Humber,201710.0,,,False
2024-01-12,Yorkshire and The Humber,201791.0,,,False
2024-02-01,Yorkshire and The Humber,,629.0,,False
2024-03-01,Yorkshire and The Humber,,630.0,,False
2024-04-01,Yorkshire and The Humber,,630.0,,False
2024-05-01,Yorkshire and The Humber,,631.0,,False
2024-06-01,Yorkshire and The Humber,,631.0,,False
2024-07-01,Yorkshire and The Humber,,632.0,,False
2024-08-01,Yorkshire and The Humber,,633.0,,False
2024-09-01,Yorkshire and The Humber,,633.0,,False
2024-10-01,Yorkshire and The Humber,,634.0,,False
2024-11-01,Yorkshire and The Humber,,634.0,,False
2024-12-01,Yorkshire and The Humber,,635.0,,False
2025-01-01,Yorkshire and The Humber,200501.0,,,False
2025-01-02,Yorkshire and The Humber,201234.0,,,False
2025-01-03,Yorkshire and The Humber,208330.0,,,False
2025-01-04,Yorkshire and The Humber,194058.0,,,False
2025-01-05,Yorkshire and The Humber,200559.0,,,False
2025-01-06,Yorkshire and The Humber,201531.0,,,False
2025-01-07,Yorkshire and The Humber,203876.0,,,False
2025-01-08,Yorkshire and The Humber,206310.0,,,False
2025-01-09,Yorkshire and The Humber,205946.0,,,False
2025-01-10,Yorkshire and The Humber,206245.0,,,False
2025-01-11,Yorkshire and The Humber,209601.0,,,False
2025-01-12,Yorkshire and The Humber,207438.0,,,False
2026-01-01,Yorkshire and The Humber,206470.0,,,False
