region,date,nominal_house_price,real_house_price,fair_value_real,fair_value_nominal,fair_value_gap_log,fair_value_gap_lower_90,fair_value_gap_upper_90,mortgage_rate_lag3,financial_stress_excess_lag3,transaction_growth,earnings_growth_12m_lag1,price_growth
East Midlands,2005-01-01,130266.0,167992.387012987,170269.1257573774,132031.44696191399,-0.01346161499282239,-0.15230874252628232,0.12538551254063754,,,,,
East Midlands,2005-02-01,131704.0,169406.82901554403,171344.8893907869,133210.72971771148,-0.011375327952587,-0.15022245548604693,0.12747179958087293,,,,,0.008384431388519
East Midlands,2005-03-01,132038.0,169179.01161290324,170959.1837029691,133427.35888197488,-0.0104674415788093,-0.14931456911226923,0.12837968595465063,,,,,-0.0013456997291889
East Midlands,2005-04-01,133495.0,170386.29177377894,172079.74406368885,134821.7934355991,-0.00988983382615416,-0.1487369613596141,0.12895729370730577,5.95,0.0,,,0.0071107691852496
East Midlands,2005-05-01,135007.0,171654.22663252242,173168.62639209663,136198.0837988192,-0.00878369564559911,-0.14763082317905904,0.13006343188786082,5.95,0.0,,,0.0074139793293301
East Midlands,2005-06-01,134528.0,171045.20358514728,173649.91855206114,136576.6227483985,-0.015113440134989276,-0.1539605676684492,0.12373368739847065,5.95,0.0,,,-0.0035542731315896
East Midlands,2005-07-01,136194.0,172941.99744245523,174030.96754007754,137051.57765996037,-0.006276994365750355,-0.14512412189921028,0.13257013316770958,5.95,0.0,,,0.0110283933615633
East Midlands,2005-08-01,137235.0,173819.33035714284,174377.46518271003,137675.66233962204,-0.0032058612298442313,-0.14205298876330416,0.1356412663036157,5.95,0.0,,,0.0050601651128907
East Midlands,2005-09-01,136141.0,171994.92748091603,174756.6879075315,138327.04601744184,-0.015929666680776222,-0.15477679421423615,0.12291746085268371,5.95,0.0,,,-0.0105514435058218
East Midlands,2005-10-01,137315.0,173257.68106734433,175582.21548927153,139157.30472311855,-0.013327425284813899,-0.15217455281827383,0.12551970224864603,5.95,0.0,,,0.0073149872637348
East Midlands,2005-11-01,137311.0,173252.6340533672,175886.91576241623,139398.79426487573,-0.015090422728238906,-0.15393755026169884,0.12375670480522102,5.95,0.0,,,-2.91305266095776e-05
East Midlands,2005-12-01,137021.0,172448.48288973383,168554.5896835417,133927.0606851102,0.022838870244978438,-0.11600825728848149,0.16168599777843837,5.7,0.0,,,-0.004652299773614
East Midlands,2006-01-01,135237.0,171070.49808917198,170387.913894779,134697.39416656748,0.003998057038074876,-0.13484907049538505,0.1428451845715348,5.7,0.0,,,-0.008022800881811
East Midlands,2006-02-01,135594.0,170869.0888324873,170093.48748213044,134978.51776024047,0.004549488665372081,-0.13429763886808785,0.143396616198832,5.7,0.0,,0.0189592878161433,-0.0011780401432339
East Midlands,2006-03-01,136176.0,171385.00380228137,170524.02448544963,135491.89860928475,0.005036317063641604,-0.13381081046981833,0.14388344459710153,5.7,0.0,,0.0177165726190573,0.0030148090068866
East Midlands,2006-04-01,140034.0,175130.68261964733,170443.29190774163,136285.9756039747,0.02712981044641971,-0.11171731708704022,0.16597693797987964,5.7,0.0,0.1462179198559208,0.020376535685721,0.021619943131272
East Midlands,2006-05-01,139736.0,173664.3904881101,170562.0876579224,137239.78654449148,0.018025265481766084,-0.12082186205169385,0.156872393015226,5.7,0.0,0.2431066681313851,0.0178759623277717,-0.0084078066601858
East Midlands,2006-06-01,140998.0,174795.2734082397,170204.72633496622,137295.05115237457,0.02661343780288128,-0.11223368973057865,0.1654605653363412,5.7,0.0,0.3021215043394407,0.0154066852571559,0.0064907764522299
East Midlands,2006-07-01,143553.0,178185.16125,170662.19965177367,137492.2051575216,0.04313707925406618,-0.09571004827939375,0.1819842067875261,5.7,0.0,0.1665584114317528,0.0128713377284241,0.0192078185103135
East Midlands,2006-08-01,144201.0,178098.99626865672,170853.99785175556,138334.95898571145,0.04153017644208923,-0.0973169510913707,0.18037730397554916,5.7,0.0,0.2348654708520179,0.015435938330675,-0.000483686861763
East Midlands,2006-09-01,142806.0,176156.96645962732,171097.42037261534,138704.353877095,0.029142348395106765,-0.10970477913835316,0.1679894759285667,5.7,0.0,0.1780707455203787,0.0129681205879166,-0.0109641020496358
East Midlands,2006-10-01,144280.0,177754.39205955336,171722.8554088008,139384.3116409803,0.034520906072515345,-0.10432622146094458,0.17336803360597527,5.7,0.0,0.2417287630402385,0.0142906673799121,0.0090273251177492
East Midlands,2006-11-01,144542.0,177636.39356435643,172125.62347952023,140057.90913540014,0.031514148992576096,-0.10733297854088383,0.17036127652603603,5.7,0.0,0.2313411219465095,0.0143210873261809,-0.0006640492905631
East Midlands,2006-12-01,146212.0,178583.6605166052,167507.11034608868,137143.28369725085,0.06403137759653355,-0.07481574993692638,0.20287850512999347,5.95,0.0,0.1617021276595744,0.0118103915654723,0.0053184495047613
East Midlands,2007-01-01,145749.0,179564.2146401985,168608.6318703878,136856.5531596501,0.06295264409166634,-0.07589448344179359,0.20179977162512627,5.95,0.0,0.1619433198380566,-0.0091119567564893,0.0054757078940621
East Midlands,2007-02-01,146373.0,179442.45555555556,168033.66821744005,137066.73842510214,0.06569020928694513,-0.0731569182465148,0.20453733682040506,5.95,0.0,0.1029126213592233,-0.0055733713903886,-0.0006783110143615
East Midlands,2007-03-01,146938.0,179249.9189189189,167567.7112294625,137361.64848014349,0.06739351141874117,-0.07145361611471876,0.2062406389522011,6.2,0.0,0.0524578463734499,-0.006702530823991,-0.0010735475233349
East Midlands,2007-04-01,148340.0,180516.6911764706,168229.60422944356,138243.05846044907,0.07049350721753633,-0.0683536203159236,0.20934063475099626,6.2,0.0,0.0387901404301287,-0.0103292639349213,0.0070422182450311
East Midlands,2007-05-01,148733.0,180552.40709046455,168781.18920573333,139036.26663674708,0.06741794202528695,-0.07142918550817298,0.20626506955874688,6.45,0.0,0.0388829975256275,-0.0064986215943525,0.0001978342332904
East Midlands,2007-06-01,150425.0,182161.00609756095,168518.05260805358,139158.915547436,0.07784806369986264,-0.060999063833597295,0.21669519123332256,6.45,0.0,-0.0048878027105088,-0.0026867110011709,0.0088698652705208
East Midlands,2007-07-01,152049.0,185257.24785276077,170180.1624787823,139674.55430030974,0.08488773295451324,-0.05395939457894669,0.22373486048797317,6.45,0.0,0.0233853006681514,-0.0026288675001759,0.016854443228814
East Midlands,2007-08-01,153128.0,185887.6577017115,169356.89294292475,139510.5120113922,0.09313421960105295,-0.04571290793240698,0.23198134713451288,6.45,0.0,0.034876683310637,0.0022371773318392,0.00339711226413
East Midlands,2007-09-01,153623.0,186260.85347985345,169773.11974799528,140024.35556254597,0.09268517330457904,-0.04616195422888089,0.23153230083803897,6.7,0.0,-0.1390180471274332,0.0035542983167189,0.0020056288929222
East Midlands,2007-10-01,151721.0,183060.69623329284,169933.15760995037,140840.8748368471,0.07441260205503397,-0.06443452547842596,0.2132597295884939,6.7,0.0,-0.09521523443751,0.0035756351007119,-0.0173303580232282
East Midlands,2007-11-01,152106.0,183080.3127272727,170053.46935926637,141283.09387854458,0.07381201068926835,-0.06503511684419158,0.21265913822272828,6.95,0.0,-0.1157374735356386,-6.139213622136097e-05,0.0001071526735252
East Midlands,2007-12-01,151415.0,181150.7168674699,167483.27228417387,139991.05336945047,0.07844589532954238,-0.06040123220391755,0.2172930228630023,6.95,0.0,-0.3186813186813186,-1.0263611268435112e-05,-0.010595549281982
East Midlands,2008-01-01,147391.0,177620.46480582524,166044.19750437944,137784.91313555758,0.0673950507374812,-0.07145207679597873,0.20624217827094113,6.95,0.0,-0.3111293297806927,-0.0081631913601732,-0.0196803209653104
East Midlands,2008-02-01,147361.0,176300.5698795181,166095.46379142205,138831.0523130718,0.05962761570006947,-0.07921951183339046,0.1984747432335294,6.95,0.0,-0.2562137531068765,-0.0095430620083364,-0.0074587318415968
East Midlands,2008-03-01,146597.0,174545.3489208633,166638.38453956103,139956.10544410264,0.046358484490385266,-0.09248864304307466,0.1852056120238452,6.95,0.0,-0.4227345935407307,-0.0118231057831984,-0.0100057347581774
East Midlands,2008-04-01,146797.0,173535.025,166385.42506167913,140749.00005217572,0.042072517434771584,-0.09677461009868835,0.1809196449682315,8.5,15.0,-0.3086594819436566,-0.0117060821405757,-0.0058051348702772
East Midlands,2008-05-01,146487.0,171940.414893617,166570.54628842685,141912.06662639388,0.03172907064094055,-0.10711805689251938,0.17057619817440048,8.5,15.0,-0.3665362368152433,-0.0163544284021821,-0.0092314604547816
East Midlands,2008-06-01,145927.0,170076.89084507042,166764.87695819727,143085.27207289435,0.019665735925777028,-0.1191813916076829,0.15851286345923696,8.25,14.25,-0.4853762000446529,-0.0209368406742618,-0.0108973578748159
East Midlands,2008-07-01,145373.0,169630.3043478261,167369.88244385805,143435.82070465578,0.013415160539883786,-0.12543196699357614,0.15226228807334372,8.25,14.25,-0.5150007772423442,-0.0254547119284254,-0.0026292451901657
East Midlands,2008-08-01,140774.0,163113.86464410732,166954.3075414784,144088.46078856697,-0.023271654414489973,-0.1621187819479499,0.11557547311896996,8.0,13.5,-0.577381387528328,-0.0302588674283624,-0.0391728756635085
East Midlands,2008-09-01,137306.0,158356.39721254355,166510.87139787388,144376.49574377586,-0.050212429606162345,-0.18905955713962228,0.08863469792729758,8.0,13.5,-0.5324485125858124,-0.0335035790086647,-0.029600341665116
East Midlands,2008-10-01,134959.0,156011.97555296856,166980.77714402004,144447.62091310497,-0.06794592820107503,-0.20679305573453496,0.0709011993323849,8.0,13.5,-0.4719667492041033,-0.0368176433062972,-0.0149154006953864
East Midlands,2008-11-01,129901.0,150339.96853146853,168388.0744538678,145495.4359329492,-0.11337209608480237,-0.2522192236182623,0.025475031448657565,8.0,13.5,-0.5940409683426443,-0.0298599366611262,-0.0370335842347948
East Midlands,2008-12-01,129828.0,150782.6947368421,162281.4283847077,139728.7223252015,-0.07349234767392154,-0.21233947520738147,0.06535477985953839,8.0,13.5,-0.4485407066052227,-0.0263689195157343,0.0029405061683096
East Midlands,2009-01-01,126834.0,148346.48056537102,164491.08155598902,140637.3899708305,-0.10330573067517435,-0.24215285820863428,0.035541396858285584,8.0,13.5,-0.483040761678072,0.0165854290121849,-0.0162890700064206
East Midlands,2009-02-01,125062.0,145077.76401869158,164541.95849253138,141840.80208419624,-0.1258957022669236,-0.26474282980038355,0.012951425266536337,7.5,12.0,-0.4906711222500696,0.0163690329482799,-0.0222807203570365
East Midlands,2009-03-01,125099.0,144782.4090909091,165134.58415149373,142684.26304328462,-0.13152881456069032,-0.2703759420941503,0.007318312972769608,6.0,7.5,-0.27856093979442,0.0153978292119369,-0.0020379138453812
East Midlands,2009-04-01,125539.0,144953.7523255814,165829.7424749966,143618.9109048309,-0.13454687221237016,-0.2733939997458301,0.004300255321089769,5.0,4.5,-0.3321482291809107,0.0179130112979453,0.0011827536736124
East Midlands,2009-05-01,125063.0,143735.60069444444,165402.54660009357,143915.206709447,-0.1404066735078242,-0.27925380104128417,-0.0015595459743642792,4.5,3.0,-0.265207466093729,0.0228518564255408,-0.008439236488547
East Midlands,2009-06-01,128177.0,146804.79930795846,164560.9879832724,143680.13754430733,-0.11417744063466628,-0.25302456816812624,0.024669686898793647,4.0,1.5,-0.0786695589298626,0.0253886913869136,0.0211283029014452
East Midlands,2009-07-01,129273.0,148060.07958477509,164280.67522735466,143435.39317433684,-0.10395826477056147,-0.2428053923040214,0.03488886276289846,3.5,0.0,0.182051282051282,0.02908773032367,0.0085143260523405
East Midlands,2009-08-01,131288.0,149849.40689655172,163549.27395133,143290.90467034956,-0.08748347889360808,-0.226330606427068,0.05136364863985185,3.5,0.0,0.1776509254454246,0.0278798808749332,0.012012701242007
East Midlands,2009-09-01,131430.0,149839.25373134328,163279.18392336252,143218.70009793428,-0.0858984427829288,-0.22474557031638873,0.05294868475053113,3.5,0.0,0.336335160532498,0.0315575741964317,-6.775808728320953e-05
East Midlands,2009-10-01,133220.0,151705.80275229356,163218.6956288189,143330.01267706958,-0.07314785539681523,-0.21199498293027516,0.0656992721366447,3.5,0.0,0.2781778596549991,0.0351824471172381,0.0123800594346406
East Midlands,2009-11-01,133403.0,151393.3474285714,162423.60326880877,143122.51043324036,-0.07032635782003815,-0.20917348535349808,0.06852076971342178,3.5,0.0,0.5541721275666229,0.0315934638704185,-0.0020617374493916
East Midlands,2009-12-01,135375.0,152758.38068181818,153493.1455625845,136026.1511531464,-0.004798449820732742,-0.14364557735419267,0.1340486777127272,3.5,0.0,0.7890966971746916,0.0268597657405145,0.0089760622222403
East Midlands,2010-01-01,131404.0,148615.2300683371,153309.3467141285,135554.48782981353,-0.03109713670726677,-0.1699442642407267,0.10774999082619316,3.5,0.0,0.2405755395683453,0.01693265320473,-0.0274968444965342
East Midlands,2010-02-01,134427.0,151344.68367346938,152137.37798062374,135131.08497372622,-0.005224006358515609,-0.14407113389197554,0.13362312117494432,3.5,0.0,0.3920174958993985,0.0120965030336328,0.0181992914107649
East Midlands,2010-03-01,132747.0,148610.79030439685,151473.23988155753,135303.8910120257,-0.019078232170331333,-0.15792535970379126,0.1197688953631286,3.5,0.0,0.2580907795644209,0.0158133813449747,-0.0182291660760789
East Midlands,2010-04-01,134281.0,149485.46300448428,150711.8891661104,135382.68392363595,-0.008170844786233644,-0.14701797231969357,0.13067628274722629,3.5,0.0,0.2454954954954955,0.0124472800433808,0.0058684079424509
East Midlands,2010-05-01,136505.0,151621.3255033557,150292.5264165395,135308.67937199026,0.00880256178066574,-0.1300445657527942,0.14764968931412567,3.5,0.0,0.1056286549707601,0.0091189153034636,0.0141869821877609
East Midlands,2010-06-01,136874.0,151861.32067039103,150207.3799883029,135383.28810627502,0.01095086784587096,-0.12789625968758897,0.1497979953793309,3.5,0.0,0.1359284256788573,0.0115444547596323,0.0015816075158827
East Midlands,2010-07-01,137673.0,153089.90929451288,150313.04330504802,135175.77811823552,0.018305316449037434,-0.1205418110844225,0.15715244398249736,3.5,0.0,0.0383676789587852,0.0139226202608133,0.0080576508677001
East Midlands,2010-08-01,138671.0,153341.09465478844,150119.77637437836,135757.86423382856,0.021231332227905853,-0.11761579530555408,0.16007845976136578,3.5,0.0,0.0329024676850764,0.0161934435984634,0.0016394256018337
East Midlands,2010-09-01,136820.0,151294.27616926504,149839.84592643136,135504.71464444647,0.009659759194448725,-0.1291873683390112,0.14850688672790865,3.5,0.0,-0.0266627600351596,0.0140320130420315,-0.0134380277720307
East Midlands,2010-10-01,135867.0,149906.59,149531.36349757347,135526.91555671312,0.002506206674507183,-0.13634092085895275,0.1413533342079671,3.5,0.0,-0.1171383647798741,0.0151975670800106,-0.0092144222918406
East Midlands,2010-11-01,134748.0,148178.03322259136,149563.94662057934,136008.3019117655,-0.009309559963437408,-0.14815668749689734,0.12953756757002252,3.5,0.0,-0.0853127196064652,0.0141045364043947,-0.0115978887773948
East Midlands,2010-12-01,133946.0,145842.5197368421,151211.73175642733,138877.24004215683,-0.0361536440902519,-0.17500077162371183,0.10269348344320803,3.5,0.0,-0.2699065836298933,0.0142127190944314,-0.0158870703797688
East Midlands,2011-01-01,131361.0,142871.27382256297,151246.91305912216,139061.8646757085,-0.056969645383386336,-0.19581677291684627,0.0818774821500736,3.5,0.0,0.0431454418928323,-0.0445557997304711,-0.0205833658339962
East Midlands,2011-02-01,132133.0,142617.46630434782,150626.2740108511,139553.0433937392,-0.05463577729018709,-0.19348290482364702,0.08421135024327284,3.5,0.0,-0.0606834249803613,-0.0477713741573466,-0.0017780567105347
East Midlands,2011-03-01,131333.0,141446.4956616052,150461.09237894297,139703.04851297627,-0.06178300532308789,-0.20063013285654782,0.07706412221037204,3.5,0.0,-0.0745834007442161,-0.0507114283725238,-0.0082444620381725
East Midlands,2011-04-01,132018.0,140658.66309012874,149980.98233393082,140767.64907877496,-0.06417237533232978,-0.2030195028657897,0.07467475220113015,3.5,0.0,-0.0350156172940983,-0.0474008416204474,-0.0055853967584766
East Midlands,2011-05-01,132368.0,140729.5760171306,150011.41756416296,141098.35247223385,-0.06387126002976196,-0.20271838756322189,0.07497586750369797,3.5,0.0,-0.0608264462809917,-0.0523096972589947,0.0005040219785161
East Midlands,2011-06-01,132685.0,141217.79742765275,150263.87018487477,141184.48225829622,-0.06208952197562745,-0.20093664950908738,0.07675760555783248,3.5,0.0,-0.0672930772419511,-0.0522186965673613,0.0034632129572838
East Midlands,2011-07-01,134868.0,143541.18327974278,150644.35171853984,141541.97397119604,-0.04829978661029166,-0.1871469141437516,0.09054734092316827,3.5,0.0,-0.0658049353701527,-0.0501415594514271,0.0163186243005188
East Midlands,2011-08-01,135410.0,143349.81876332624,150441.87013494165,142109.23885858536,-0.048288836592904616,-0.18713596412636455,0.09055829094055531,3.5,0.0,0.0483503981797497,-0.0522641481453903,-0.0013340574882789
East Midlands,2011-09-01,133771.0,140714.6218220339,150193.60051772874,142782.2345304491,-0.06519125131885062,-0.20403837885231055,0.07365587621460931,3.5,0.0,0.1034015653220952,-0.0520378593720469,-0.0185540473367744
East Midlands,2011-10-01,132402.0,139127.18095238094,150561.58740550678,143283.68589950041,-0.07898373344263021,-0.21783086097609014,0.05986339409082972,3.5,0.0,-0.0051944197091124,-0.0580630424692585,-0.0113453950164768
East Midlands,2011-11-01,132729.0,139323.35835095137,150737.51325179837,143602.90789144134,-0.07874245083153042,-0.21758957836499035,0.06010467670192951,3.5,0.0,0.0714505224339274,-0.0569641659677377,0.0014090648308293
East Midlands,2011-12-01,133580.0,139479.43217665615,151683.26837821942,145267.66186071167,-0.08387743532947489,-0.22272456286293482,0.05496969220398504,3.5,0.0,0.1238385376999238,-0.0548209027085736,0.0011196002860138
East Midlands,2012-01-01,131314.0,137838.05708245243,153115.29793882213,145868.14889237235,-0.10511172222699727,-0.2439588497604572,0.03373540530646266,3.5,0.0,0.1703357794084945,-0.0456219068025949,-0.0118376541321598
East Midlands,2012-02-01,131057.0,136845.00630914827,152789.42172120733,146327.02926170008,-0.11021170019280468,-0.24905882772626461,0.028635427340655245,3.5,0.0,0.1381977838176875,-0.0395256269080123,-0.0072305520952262
East Midlands,2012-03-01,131946.0,137340.01886792452,152589.98499412666,146597.0248584057,-0.10529474698885721,-0.24414187452231714,0.03355238054460272,3.5,0.0,0.3104895104895104,-0.0372501691429685,0.0036107960037661
East Midlands,2012-04-01,133308.0,137890.4625,152579.9915845171,147509.3574230981,-0.10122937353664518,-0.2400765010701051,0.037617753996814746,3.5,0.0,-0.087052810902896,-0.0381913314742001,0.0039998793972237
East Midlands,2012-05-01,133126.0,137845.79562043794,153175.1767929481,147930.50810114527,-0.1054465754660665,-0.24429370299952644,0.033400552067393424,3.5,0.0,0.1432594156986977,-0.0338360698786522,-0.0003239826365764
East Midlands,2012-06-01,134289.0,139632.43664921465,153595.0987804183,147717.3407203419,-0.09530639366387028,-0.2341535211973302,0.04354073386958965,3.5,0.0,0.0754074074074073,-0.0307531245619708,0.0128778802246465
East Midlands,2012-07-01,135757.0,141011.19351464437,154073.9912195352,148333.06707540347,-0.08859367563711018,-0.2274408031705701,0.05025345189634975,3.5,0.0,-0.0043326345213137,-0.0277355358839981,0.009825756296955
East Midlands,2012-08-01,134611.0,139093.36420395423,153782.2026645354,148826.4821355675,-0.10039194040816035,-0.23923906794162028,0.03845518712529958,3.5,0.0,0.0538524145415084,-0.0287525489217762,-0.0136938812840288
East Midlands,2012-09-01,134099.0,137989.95544041452,153734.29088232442,149399.38640628709,-0.10804483249904173,-0.24689196003250166,0.030802295034418198,3.5,0.0,-0.1242668121675077,-0.0286279762724011,-0.0079644967274088
East Midlands,2012-10-01,134228.0,137410.72577319588,153784.5011865838,150222.52381771026,-0.11257784033725748,-0.25142496787071744,0.026269287196202445,3.5,0.0,0.0665373713262718,-0.0264666770073046,-0.0042064567070294
East Midlands,2012-11-01,134340.0,137242.4074074074,153737.5157052456,150486.26914954555,-0.11349794530131696,-0.2523450728347769,0.02534918223214297,3.5,0.0,0.1029685931449877,-0.0304589206162484,-0.0012256797139826
East Midlands,2012-12-01,133825.0,136155.96823770492,149112.99836026743,146560.20785460324,-0.0909033428672803,-0.22975047040074023,0.04794378466617963,3.5,0.0,-0.0634318243426402,-0.0314300027607746,-0.0079477055119259
East Midlands,2013-01-01,132438.0,135438.6549948507,151739.0322476741,148377.24099948796,-0.1136433450477714,-0.25249047258123136,0.025203782485688525,3.5,0.0,0.0258407752232567,-0.0002828486970347,-0.0052822467705482
East Midlands,2013-02-01,132498.0,134530.17791411042,151201.80128933393,148917.78616411742,-0.11682683198062627,-0.2556739595140862,0.022020295552833663,3.5,0.0,0.0308596620132255,-0.0004181766177913,-0.0067302621578875
East Midlands,2013-03-01,133425.0,135057.11009174312,150670.25682378237,148849.46822168227,-0.1093959926568413,-0.24824312019030123,0.02945113487661863,3.5,0.0,-0.0963180362860192,-0.0023272600493926,0.0039091817167289
East Midlands,2013-04-01,134150.0,135514.6998982706,151023.99735011556,149503.11117337726,-0.10835862626683479,-0.24720575380029472,0.03048850126662514,2.3,0.0,0.1528270199664116,-0.0022406389681592,0.0033823940698205
East Midlands,2013-05-01,135785.0,136887.82233502538,150984.9048136906,149768.51081720568,-0.09801808835337411,-0.23686521588683404,0.04082903918008582,2.3,0.0,0.2033559113300491,0.0019917804408127,0.0100816545735114
East Midlands,2013-06-01,136126.0,137510.8016276704,150913.9625764935,149394.18450422268,-0.09300741885123998,-0.2318545463846999,0.045839708682219954,2.3,0.0,0.0724617715938835,-0.0010843428022282,0.0045406959701619
East Midlands,2013-07-01,137251.0,138647.2461851475,151417.25801294282,149892.41150727373,-0.08810641378888917,-0.2269535413223491,0.05074071374457076,2.3,0.0,0.1975014037057831,-0.0032269267489831,0.0082304389222898
East Midlands,2013-08-01,138691.0,139534.10638297873,151364.95114285854,150450.35929305275,-0.08138475422841651,-0.22023188176187644,0.05746237330504342,2.3,0.0,0.1693911700347534,-0.0021831853110241,0.0063761513435238
East Midlands,2013-09-01,138231.0,138509.97275479315,151392.21714978092,151087.2982834168,-0.088931605317212,-0.22777873285067193,0.049915522216247926,2.3,0.0,0.2560747663551401,-0.00102946503867,-0.0073667330942299
East Midlands,2013-10-01,139089.0,139369.70433905147,151455.0080307827,151149.96269738735,-0.08315845842970582,-0.22200558596316575,0.05568866910375411,2.3,0.0,0.2271646384109666,-0.0009203740253398,0.0061878172340072
East Midlands,2013-11-01,138201.0,138340.31552419355,152195.09527445774,152041.8273033858,-0.09544651542143967,-0.2342936429548996,0.04340061211202026,2.3,0.0,0.2224678195293199,0.004256204347586,-0.0074134417611979
East Midlands,2013-12-01,140532.0,140108.71084337353,149987.27068537037,150440.40443366452,-0.06813180108915873,-0.20697892862261866,0.0707153264443012,2.3,0.0,0.3173661360347322,0.005312393322062,0.0127019233508693
East Midlands,2014-01-01,139876.0,140299.86666666667,150702.64928953565,150247.35427657634,-0.07152664860520908,-0.210373776138669,0.06732047892825085,2.3,0.0,0.4030375995554731,-0.0084610349136331,0.0013634094548891
East Midlands,2014-02-01,141302.0,141017.97587939698,150300.6637285568,150603.38409860426,-0.06375034201561292,-0.20259746954907284,0.07509678551784701,2.3,0.0,0.3382038488952246,-0.0075620986934233,0.0051053339950968
East Midlands,2014-03-01,141019.0,140453.2266800401,150629.46199604735,151236.22720046245,-0.0699483998600865,-0.20879552739354643,0.06889872767337343,2.3,0.0,0.1703572483023323,-0.0054306291467082,-0.0040128436022133
East Midlands,2014-04-01,143784.0,142634.8771228771,150434.9897356629,151646.95339919292,-0.053242970797549916,-0.19209009833100985,0.08560415673591001,2.3,0.0,0.3133700226610554,-0.0043810469824157,0.0154135310233378
East Midlands,2014-05-01,144447.0,143435.871,150701.63234727143,151763.98020873257,-0.04941389401305507,-0.188261021546515,0.08943323352040486,2.3,0.0,0.1248560828962517,-0.0063378512172468,0.0055999851479437
East Midlands,2014-06-01,145839.0,144529.06886227545,151325.2120261999,152696.73962764585,-0.0459505869902479,-0.18479771452370783,0.09289654054321203,2.3,0.0,0.1939627488760436,-0.00332047429546,0.0075926125902316
East Midlands,2014-07-01,146999.0,146116.1231231231,151108.35276114804,152021.39416755983,-0.03359547800962659,-0.17244260554308652,0.10525164952383334,2.3,0.0,0.1186261868479663,-0.0073295300084472,0.0109210135132684
East Midlands,2014-08-01,149286.0,147945.10778443114,150963.42052708313,152331.6690514978,-0.02019624768535877,-0.1590433752188187,0.11865087984810116,2.3,0.0,0.0836543753439735,-0.0043485376060703,0.0124396421865977
East Midlands,2014-09-01,149507.0,148016.40179461613,151042.6890247221,152563.76343584718,-0.02023941507301963,-0.15908654260647956,0.1186077124604403,2.3,0.0,0.1305803571428572,-0.0032901791641276,0.000481778942575
East Midlands,2014-10-01,148455.0,146828.50099601594,151426.83262519233,153104.26984460535,-0.03083730951078678,-0.1696844370442467,0.10800981802267315,2.3,0.0,0.1242448421292601,-0.0002485842237762,-0.0080578447500396
East Midlands,2014-11-01,148299.0,147113.7932067932,152214.41737236068,153440.71680738474,-0.03408377667237161,-0.17293090420583154,0.10476335086108832,2.3,0.0,-0.1049776643267389,-0.001244352566183,0.0019411449525073
East Midlands,2014-12-01,148199.0,147014.5924075924,151882.0593135221,153105.68114082137,-0.03257244416044358,-0.1714195716939035,0.10627468337301635,2.3,0.0,-0.0041744479841809,0.002759767642412,-0.0006745408319233
East Midlands,2015-01-01,147972.0,147972.0,153130.62037630603,153130.62037630603,-0.034268218447328636,-0.17311534598078857,0.1045789090861313,2.3,0.0,-0.1188118811881188,-0.0017206487228159,0.0064912167455482
East Midlands,2015-02-01,148493.0,148194.5216080402,153349.80166468586,153658.66329945865,-0.03419585123766389,-0.17304297877112382,0.10465127629579604,2.3,0.0,-0.0893475366178429,0.0002597037921845,0.0015026792947683
East Midlands,2015-03-01,148992.0,148394.23871614842,153459.86806865927,154078.03470740514,-0.03356657972536148,-0.1724137072588214,0.10528054780809845,2.3,0.0,-0.0131180625630675,0.0032907938036761,0.0013467613410345
East Midlands,2015-04-01,149909.0,149008.64564564562,153492.10969466917,154419.5544662382,-0.02964483433597387,-0.1684919618694338,0.10920229319748606,2.3,0.0,-0.0918166132610303,0.0032907938036759,0.004131821417328
East Midlands,2015-05-01,151863.0,150649.3096903097,153794.69799646415,155033.72879603284,-0.020663899754884696,-0.15951102728834463,0.11818322777857523,2.3,0.0,-0.0525417946093483,0.005299383981461,0.010950354627921
East Midlands,2015-06-01,153067.0,151692.14670658682,154237.21153243227,155635.13187864766,-0.016638635505655586,-0.15548576303911552,0.12220849202780434,2.3,0.0,0.0564819795589026,0.0022885052983776,0.00689843307814
East Midlands,2015-07-01,155205.0,154118.565,155007.4890745031,156100.1904073546,-0.0057512235736751904,-0.14459835110713512,0.13309590395978474,2.3,0.0,0.081001781410458,0.0032907938036761,0.0158690923524726
East Midlands,2015-08-01,157157.0,155590.13060817547,155399.2430474089,156964.19010730225,0.001227614837739921,-0.13761951269572,0.14007474237119985,2.3,0.0,-0.0425596749619096,0.0022875030098725,0.0095029729765698
East Midlands,2015-09-01,156162.0,154759.3473053892,156282.0702865667,157698.5240958105,-0.009791205029491934,-0.14863833256295186,0.129055922503968,2.3,0.0,0.0303828013600964,0.0022905038796443,-0.0053538694044483
East Midlands,2015-10-01,157700.0,156127.71684945162,156873.3496650727,158453.14170600998,-0.004764419715201029,-0.14361154724866096,0.1340827078182589,2.3,0.0,0.0396431106154313,0.004292082021045,0.0088030576920488
East Midlands,2015-11-01,158364.0,156785.09670987038,156868.11184660438,158447.85114012507,-0.0005293434685675891,-0.13937647100202752,0.13831778406489234,2.3,0.0,0.110992275698158,0.0042910837277077,0.0042016868537011
East Midlands,2015-12-01,158962.0,157377.13459621137,156882.6912561543,158462.57737152342,0.0031467194173337987,-0.13570040811612613,0.14199384695079373,2.3,0.0,0.0854936569222284,0.0012902139556127,0.0037689991232987
East Midlands,2016-01-01,158831.0,158511.74170854272,158455.23164705766,158774.3761216741,0.00035656750913659607,-0.13849056002432333,0.13920369504259653,2.3,0.0,0.0898876404494382,-0.0018742572283151,0.0071836147243846
East Midlands,2016-02-01,158290.0,157496.96392785572,158035.6301637104,158831.37855325575,-0.003414333537904213,-0.14226146107136414,0.13543279399555572,2.3,0.0,0.1713700833455183,-0.0018902914572864,-0.0064224893222579
East Midlands,2016-03-01,159052.0,157623.3892215569,158116.30888593532,159549.38721420662,-0.003122319225514758,-0.1419694467589747,0.13572480830794517,2.3,0.0,0.9134713701431494,-0.0028863727454908,0.0008023937471559
East Midlands,2016-04-01,161689.0,160236.70359281436,158600.25167374028,160037.7161904207,0.010265223413316704,-0.12858190412014323,0.14911235094677663,2.3,0.0,-0.1566019812729,-0.0048706187624749,0.0164435442800723
East Midlands,2016-05-01,162514.0,160733.46812749002,159325.15323427305,161090.0844382781,0.008800412726838402,-0.13004671480662153,0.14764754026029833,2.3,0.0,-0.1540031208738447,-0.0028743712574847,0.0030953962398303
East Midlands,2016-06-01,163785.0,161668.4940357853,159971.6095396472,162065.9005003878,0.010551546407411294,-0.12829558112604864,0.14939867394087122,2.3,0.0,-0.115682281059063,-0.0028684063745021,0.0058003898212124
East Midlands,2016-07-01,165414.0,163276.44333996024,161102.4082714709,163211.50324380636,0.013404496687991596,-0.12544263084546833,0.15225162422145153,2.3,0.0,-0.125436215587437,-0.0038566202783298,0.0098968301624076
East Midlands,2016-08-01,166249.0,163612.74231912784,161854.96482985595,164462.89981200872,0.01080165276895606,-0.12804547476450387,0.149648780302416,2.3,0.0,-0.0169743263314237,-0.0058449304174948,0.0020575724898073
East Midlands,2016-09-01,166849.0,163878.3946587537,162608.80667350572,165556.39833526112,0.007777299566171791,-0.13106982796728814,0.14662442709963172,2.3,0.0,-0.0512028954651905,-0.0058271952428146,0.0016223486250304
East Midlands,2016-10-01,166085.0,162966.80335968378,163468.58738700947,166596.3851315746,-0.003074326110258596,-0.14192145364371853,0.13577280142320133,2.3,0.0,-0.1879266627657499,-0.0087831454005934,-0.0055781371017378
East Midlands,2016-11-01,167427.0,163959.5769230769,164509.14620594427,167988.19159398542,-0.003346253429821644,-0.14219338096328157,0.13550087410363829,2.3,0.0,-0.070167932399187,-0.0087743478260868,0.0060733955709793
East Midlands,2016-12-01,168191.0,163899.57114818448,161145.85269899532,165365.18016140608,0.01694399692678239,-0.12190313060667754,0.15579112446024232,2.05,0.0,-0.0490853658536585,-0.0107294280078895,-0.0003660460653023
East Midlands,2017-01-01,166547.0,163097.8017751479,162750.92490021506,166192.78736034047,0.0021290677395189306,-0.136718059793941,0.14097619527297886,2.05,0.0,-0.0498969072164948,0.0028402872322643,-0.0049038374381336
East Midlands,2017-02-01,168619.0,163994.7766895201,163190.04161189054,167791.5735002419,0.004919156729592089,-0.13392797080386784,0.14376628426305202,2.05,0.0,-0.096242666333791,-0.0002529085069949,0.0054845461001704
East Midlands,2017-03-01,168470.0,163210.4487804878,162893.95010592588,168143.3019723807,0.0019410886514794612,-0.13690603888198047,0.1407882161849394,2.05,0.0,-0.4064524747845836,-0.0041135514276974,-0.0047941129920712
East Midlands,2017-04-01,171346.0,165351.387755102,163843.1764854607,169783.1103761723,0.009163102834737202,-0.12968402469872273,0.14801023036819713,2.05,0.0,0.1922767497988737,-0.0040239854144331,0.0130323673558052
East Midlands,2017-05-01,172332.0,165658.931268151,163778.24676191798,170375.5578097294,0.011417684843525677,-0.12742944268993425,0.1502648123769856,2.05,0.0,0.15394438138479,-0.0078956122932888,0.0018582115654339
East Midlands,2017-06-01,173524.0,166804.77444336883,164458.13146001776,171082.82960543642,0.014168095466375874,-0.12467903206708406,0.1530152229998358,2.05,0.0,0.1407185628742515,-0.0097646752864002,0.0068930694841817
East Midlands,2017-07-01,176382.0,169716.4011627907,165214.85223771704,171703.65308089022,0.026882053921143623,-0.11196507361231631,0.16572918145460355,2.05,0.0,-0.0033252050543116,-0.0077920949582857,0.0173047022773129
East Midlands,2017-08-01,175988.0,168358.46242774566,165532.49941901796,173033.97220235714,0.01692786456409756,-0.12191926296936237,0.1557749920975575,2.05,0.0,0.0321605870925965,-0.0068306531898344,-0.008033404338688
East Midlands,2017-09-01,177002.0,168840.52449567724,166029.76337022652,174055.37126727676,0.016787557679537102,-0.12205956985392283,0.15563468521299703,2.05,0.0,0.021541568495456,-0.0096268987220569,0.0028592161604006
East Midlands,2017-10-01,177222.0,168888.14395393472,166725.48330824845,174952.62196092136,0.01288797834623523,-0.1259591491872247,0.15173510587969516,2.05,0.0,0.09343100756575,-0.0105235786691187,0.0002819983200801
East Midlands,2017-11-01,177154.0,168177.74569789675,167883.24158195997,176843.77713467283,0.0017526830097782664,-0.13709444452368166,0.1405998105432382,2.05,0.0,0.0408374554239043,-0.0104954008206156,-0.0042151954837486
East Midlands,2017-12-01,178086.0,168579.02573879884,164779.72946256894,174072.44330940064,0.022795026254673445,-0.11605210127878648,0.16164215378813337,2.05,0.0,-0.0350539702896227,-0.0123312927114136,0.0023832051193402
East Midlands,2018-01-01,177732.0,169049.6896551724,165193.85464283766,173678.13116527948,0.02307303243902581,-0.11577409509443412,0.16192015997248574,2.05,0.0,-0.0034722222222222,-0.0130403806928359,0.002788058004528
East Midlands,2018-02-01,180294.0,170669.15347950428,165681.93680115452,175025.53041733243,0.02965700040341268,-0.10919012713004725,0.1685041279368726,2.05,0.0,-0.0251381215469613,-0.013179541186461,0.009534214098787
East Midlands,2018-03-01,177993.0,168330.52285714285,166211.3305371921,175752.16219944783,0.012669390361450539,-0.1261777371720094,0.15151651789491047,2.3,0.0,-0.0719108710330858,-0.0111032666215757,-0.0137974628645007
East Midlands,2018-04-01,180334.0,169897.21252371912,166547.41158598074,176778.4207569222,0.0199135988172241,-0.11893352871623583,0.15876072635068403,2.3,0.0,-0.0412955465587044,-0.0081745346328844,0.0092641774033648
East Midlands,2018-05-01,181826.0,170655.21550094517,167126.6024273254,178066.4102397888,0.020893613873612438,-0.11795351365984749,0.15974074140707237,2.3,0.0,-0.0111889831550473,-0.0080827286935714,0.0044516154730906
East Midlands,2018-06-01,182243.0,171046.59640831756,167979.94652306964,178975.61271038034,0.018091406654441755,-0.12075572087901817,0.15693853418790168,2.3,0.0,-0.0569351907934585,-0.0079916169390548,0.0022907755527441
East Midlands,2018-07-01,184142.0,172828.9281663516,168824.7673463004,179875.73399031805,0.023440953344982418,-0.11540617418847751,0.16228808087844235,2.3,0.0,-0.0262455516014235,-0.0079916169390548,0.0103662377299187
East Midlands,2018-08-01,185470.0,172931.18309859154,168976.57658164692,181228.65464194762,0.023133624594249724,-0.1157135029392102,0.16198075212770965,2.3,0.0,0.0320995399414469,-0.0089519348316597,0.0005914790740142
East Midlands,2018-09-01,186856.0,174060.0450281426,172087.59182249728,184738.54268155296,0.011396724085354748,-0.12745040344810518,0.15024385161881468,2.3,0.0,-0.1042284459088412,-0.0097418301123377,0.0065065962517163
East Midlands,2018-10-01,184561.0,171761.08059981253,173346.4794616306,186264.54540338356,-0.009187918192900213,-0.14803504572636014,0.12965920934055972,2.3,0.0,0.0120812740252609,-0.0078114447265583,-0.0132958811681653
East Midlands,2018-11-01,185825.0,172452.54672897197,175124.04190331066,188703.65038926728,-0.015372426511209625,-0.15421955404466955,0.1234747010222503,2.3,0.0,0.0721706454465074,-0.0077891131660126,0.0040176623141849
East Midlands,2018-12-01,184588.0,171144.6162464986,168588.95164339276,181831.58832837225,0.015045394707280835,-0.1238017328261791,0.15389252224074076,2.55,0.0,-0.0709934655000553,-0.0067728209594682,-0.0076131990644654
East Midlands,2019-01-01,184148.0,172021.60301034807,170358.32787127432,182367.47485112245,0.009716038083160683,-0.12913108945029925,0.1485631656166206,2.55,0.0,-0.0319396051103367,0.0108304867937953,0.0051111596878321
East Midlands,2019-02-01,183910.0,170994.97191011236,170135.64924367846,182985.77380891095,0.005038096440403095,-0.13380903109305683,0.14388522397386302,2.55,0.0,-0.0062340606404081,0.0135835385183631,-0.0059859157880222
East Midlands,2019-03-01,183521.0,170314.34859813083,170435.6748590994,183651.7342389087,-0.0007121130315095314,-0.13955924056496946,0.1381350145019504,2.55,0.0,-0.0240087304474354,0.0136698982735534,-0.0039883130831022
East Midlands,2019-04-01,184470.0,170240.436802974,170236.29243264458,184465.50922208012,2.4344514462981692e-05,-0.13882278301899695,0.1388714720479229,2.55,0.0,0.0387105855855856,0.0127397021854036,-0.0004340669958899
East Midlands,2019-05-01,184812.0,170081.8498609824,170638.55250001446,185416.91656345982,-0.0032678004050890053,-0.14211492793854894,0.13557932712837092,2.55,0.0,-0.0024869435463814,0.0109289974603068,-0.0009319810055643
East Midlands,2019-06-01,184910.0,170172.0389249305,170876.56308682467,185675.5403531559,-0.004131523541770932,-0.14297865107523086,0.134715603991689,2.55,0.0,-0.1023335474202525,0.0119441345655217,0.0005301280545655
East Midlands,2019-07-01,186307.0,171457.69323447638,171378.3675985306,186220.80426869538,0.0004627613394472263,-0.1383843661940127,0.13930988887290716,2.55,0.0,0.0114207400639561,0.0119441345655217,0.00752663048846
East Midlands,2019-08-01,188104.0,172312.98154981548,171427.54591967966,187137.42172903602,0.005151778843202948,-0.13369534869025698,0.14399890637666288,2.55,0.0,-0.0541991692837605,0.0119441345655217,0.0049759339164943
East Midlands,2019-09-01,187643.0,171732.25714285715,172158.20035885513,188108.40623298872,-0.0024772041475653594,-0.1413243316810253,0.13636992338589457,2.55,0.0,0.0246444335458557,0.0139408958226818,-0.0033758639455765
East Midlands,2019-10-01,187487.0,171906.36288088645,173606.07814497105,189340.768007053,-0.009838887251508055,-0.14868601478496798,0.12900824028195187,2.55,0.0,-0.0232230059685295,0.013957567791718,0.0010133072523377
East Midlands,2019-11-01,187649.0,171737.74838709677,173952.77165058398,190069.2419344246,-0.012815240508611936,-0.15166236804207187,0.126031887024848,2.55,0.0,-0.0508195031440057,0.0167830018801862,-0.0009813321502818
East Midlands,2019-12-01,187279.0,171399.12165898617,164119.516548765,179324.9501061531,0.04339995978888567,-0.09544716774457426,0.1822470873223456,2.55,0.0,0.0376728659990461,0.0177622866202049,-0.0019737129268158
East Midlands,2020-01-01,187868.0,172414.9020332717,164196.23455791367,178912.71479522923,0.048841528493481334,-0.0900055990399786,0.18768865602694126,2.55,0.0,0.065236952609478,0.0363573784389903,0.0059089115615051
East Midlands,2020-02-01,186308.0,170353.44751381216,164697.17799255924,180121.98922449077,0.03376687892082941,-0.10508024861263052,0.17261400645428934,2.55,0.0,0.0116909039064727,0.0314681324737546,-0.0120284114729631
East Midlands,2020-03-01,188446.0,172308.3591160221,164904.30758835256,180348.5176646031,0.043920305597611176,-0.09492682193584875,0.1827674331310711,2.55,0.0,-0.0745434215430488,0.0325028011097294,0.0114102755207401
East Midlands,2020-04-01,187949.0,172012.31059907834,166787.95306076395,182240.61336448023,0.030842784042620863,-0.10800434349083907,0.1696899115760808,2.55,0.0,-0.5603740344220084,0.0344363269545044,-0.0017196097471661
East Midlands,2020-05-01,187382.0,171493.38801843318,167162.5044955606,182649.86644278272,0.025578291942128573,-0.11326883559133136,0.1644254194755885,2.55,0.0,-0.4977561705310396,0.0411956481796018,-0.0030213354682668
East Midlands,2020-06-01,191136.0,174768.0,167366.5273954968,183041.3381183379,0.04327319786104766,-0.09557392967241227,0.1821203253945076,2.55,0.0,-0.2907226329596947,0.0440986100239688,0.0189146680667882
East Midlands,2020-07-01,193004.0,175667.25206232816,167029.97934078492,183514.307614095,0.05041827897462525,-0.08842884855883468,0.18926540650808518,1.9,0.0,-0.2028003613369466,0.0431371932559909,0.0051322121896326
East Midlands,2020-08-01,193470.0,176902.1270718232,168087.60811530164,183829.9520777619,0.05111130488344706,-0.08773582265001287,0.189958432416907,1.9,0.0,-0.2152956298200514,0.0383565461741579,0.0070050329508681
East Midlands,2020-09-01,194142.0,176703.0302474794,168416.44472788597,185037.60442912747,0.048030778468222124,-0.0908163490652378,0.18687790600168205,1.9,0.0,-0.0136412588249371,0.047971007867928,-0.0011260969545396
East Midlands,2020-10-01,196846.0,179164.14115490377,169294.62577664174,186002.4538996134,0.056661830507803046,-0.08218529702565688,0.19550895804126298,1.9,0.0,0.1153205199422287,0.0441305399434304,0.013831847067605
East Midlands,2020-11-01,199379.0,181802.88980716252,169853.68351537353,186274.58343226765,0.06798569590158898,-0.07086143163187095,0.2068328234350489,1.9,0.0,0.0907906168549088,0.0422058753536729,0.0146207017912391
East Midlands,2020-12-01,201798.0,183503.12637362635,163585.49331581657,179894.62104820917,0.11489595623457305,-0.02395117129888688,0.253743083768033,1.9,0.0,0.2922794117647058,0.0460481350581105,0.0093086276619498
East Midlands,2021-01-01,202133.0,184145.01743119265,164199.35847963547,180238.97355770663,0.11464229533843628,-0.024204832195023646,0.25348942287189624,1.9,0.0,0.1796424046177671,0.028983986702215,0.0034918805962167
East Midlands,2021-02-01,204514.0,186143.35655362057,165230.72517142398,181537.48354685152,0.11917427949561521,-0.01967284803784472,0.25802140702907517,1.9,0.0,0.5025366403607667,0.0280216933023991,0.010793525605246
East Midlands,2021-03-01,205588.0,186607.7550274223,165693.6953846477,182546.72985982333,0.11886797184617137,-0.019979155687288558,0.25771509937963133,1.9,0.0,1.0385286615653109,0.0308763850338105,0.0024917361727485
East Midlands,2021-04-01,202601.0,182727.33242506813,166019.30763026202,184075.78821844762,0.09589096234043559,-0.04295616519302434,0.23473808987389552,1.9,0.0,2.0499383477188657,0.0280494845264049,-0.021013792223103
East Midlands,2021-05-01,203546.0,182419.83574007225,166926.29832068537,186258.14555822697,0.08875843272038964,-0.050088694813070295,0.22760556025384956,1.9,0.0,1.160337552742616,0.0205726734594178,-0.0016842346565599
East Midlands,2021-06-01,215392.0,192169.14285714284,166718.82998746284,186866.1206203889,0.14206719588707095,0.003220068353611022,0.2809143234205309,1.9,0.0,2.216207128446537,0.0141250121649991,0.0520651162954397
East Midlands,2021-07-01,202813.0,180946.3692722372,167496.51580473434,187737.78659684726,0.07723813511326583,-0.0616089924201941,0.21608526264672576,1.9,0.0,-0.0728045325779036,0.0104996730205633,-0.0601752516016542
East Midlands,2021-08-01,209343.0,185439.42818911688,168022.18394852892,189680.6326347441,0.09863227805241159,-0.04021484948104834,0.23747940558587152,1.9,0.0,0.1814086814086815,0.015152065621947,0.0245276110545873
East Midlands,2021-09-01,217444.0,192101.3274021352,168816.73944625532,191087.6285373525,0.12920923512375282,-0.00963789240970711,0.2680563626572128,1.9,0.0,0.7786000242630111,0.0032882569775978,0.0352946836536265
East Midlands,2021-10-01,212790.0,186003.93485915495,168735.0393878521,193034.2444557905,0.09743815830306879,-0.04140896923039114,0.23628528583652872,1.9,0.0,-0.3247335391971312,0.0052173034139029,-0.0322551510583082
East Midlands,2021-11-01,216112.0,187422.89606986896,169025.97956546085,194899.03988162405,0.10331511152726769,-0.03553201600619224,0.24216223906072762,1.9,0.0,-0.1624850657108721,-0.0054011892277929,0.0075997112290586
East Midlands,2021-12-01,218318.0,188349.06516072975,174968.84169470286,202808.79837925782,0.07368906020428412,-0.06515806732917581,0.21253618773774405,1.9,0.0,-0.1698968705547653,-0.0150279442348549,0.0049294309413863
East Midlands,2022-01-01,219956.0,190092.52219321148,176949.1767091553,204747.83891119782,0.07164835844048234,-0.06719876909297759,0.21049548597394227,1.9,0.0,-0.1590881966821816,-0.0734731595588229,0.0092139417294845
East Midlands,2022-02-01,221012.0,189520.65284974093,177599.0041202609,207109.41265988132,0.06496978148701871,-0.07387734604644122,0.20381690902047864,1.9,0.0,-0.2422622397298818,-0.0735602955037377,-0.0030129079477099
East Midlands,2022-03-01,222760.0,188898.9581554227,177734.70606139596,209594.50231409332,0.060920236036071884,-0.07792689149738805,0.19976736356953181,1.9,0.0,-0.3804412248929865,-0.0799172651925734,-0.0032857454294781
East Midlands,2022-04-01,224769.0,185996.3475,176256.99789584905,212999.39322761213,0.053783891145824825,-0.0850632363876351,0.19263101867928475,1.55,0.0,-0.1518091772791591,-0.087629747028707,-0.0154852227453066
East Midlands,2022-05-01,226878.0,186498.22350993377,176561.05183669642,214789.2755475622,0.054754994302326665,-0.08409213323113326,0.1936021218357866,1.55,0.0,-0.03125,-0.1039819405708776,0.0026946771989813
East Midlands,2022-06-01,231038.0,188358.56650246304,176611.48599241732,216629.19429885628,0.06439508928308868,-0.07445203825037125,0.2032422168165486,1.8,0.0,-0.5382645060115003,-0.1042568076154722,0.0099257013100295
East Midlands,2022-07-01,233487.0,189267.4212244898,176237.80533237295,217413.203959876,0.07132669241210365,-0.06752043512135628,0.21017381994556358,2.05,0.0,0.4222425908952032,-0.1076020454807199,0.0048135271745852
East Midlands,2022-08-01,237151.0,191300.52233956137,177428.96910964683,219954.74418325804,0.07527525212156227,-0.06357187541189765,0.2141223796550222,2.05,0.0,0.1072212593876371,-0.1127014623636872,0.0106846648086662
East Midlands,2022-09-01,236940.0,190049.61227786753,177544.8928647416,221350.02755946634,0.0680616608421829,-0.07078546669127703,0.20690878837564283,2.3,0.0,-0.3390628197258031,-0.1106796099668233,-0.0065604515886352
East Midlands,2022-10-01,237264.0,186690.294770206,176475.87906157956,224282.53713566306,0.05626686168317718,-0.08258026585028275,0.1951139892166371,2.55,0.0,0.3732113881103407,-0.1133415513301899,-0.0178340891505168
East Midlands,2022-11-01,237753.0,186336.80268350433,179020.77682380387,228418.25199975783,0.04005393262012724,-0.09879319491333269,0.17890106015358717,2.55,0.0,0.1378982406086544,-0.1209174352276066,-0.0018952628102741
East Midlands,2022-12-01,237956.0,185762.820754717,164466.45161869517,210676.05887107778,0.12176409489686613,-0.017083032636593803,0.2606112224303261,3.05,0.0,-0.009853271928885,-0.1174495069377167,-0.0030851005907486
East Midlands,2023-01-01,235315.0,184863.7618670886,165020.89548035365,210056.80955404532,0.11354702628875835,-0.025300101244701584,0.2523941538222183,3.55,0.0,-0.077348850411581,-0.0318933815580888,-0.0048515713295707
East Midlands,2023-02-01,232456.0,180476.00312744328,164288.0035815655,211605.59575107988,0.09397681522317569,-0.04487031231028424,0.23282394275663562,3.55,0.0,-0.1979205347196435,-0.027458972221342,-0.0240213091737526
East Midlands,2023-03-01,229868.0,177082.17532971295,164271.0169248148,213238.0068641352,0.07509628613135177,-0.06375084140210815,0.2139434136648117,4.3,0.0,-0.1438137755102041,-0.0313363744576105,-0.0189839300378071
East Midlands,2023-04-01,230965.0,175880.5559815951,164095.11305327484,215488.4465473015,0.0693588880935927,-0.06948823943986723,0.20820601562705263,4.8,0.0,-0.3309103908484271,-0.0280611217090898,-0.0068087867853012
East Midlands,2023-05-01,229615.0,173653.99466869762,165068.65503550853,218262.98495631694,0.050703304581293906,-0.08814382295216602,0.18955043211475384,4.8,0.0,-0.2743121442125237,-0.0154480617083216,-0.0127403223850084
East Midlands,2023-06-01,232790.0,175787.42965779465,166105.63125494483,219968.6859015634,0.05665156019777484,-0.08219556733568509,0.19549868773123477,5.3,0.0,-0.1056266274199025,-0.0156780154486692,0.0122106959772594
East Midlands,2023-07-01,233810.0,177366.94423223834,167252.64153783282,220477.0471027424,0.058715225026425344,-0.08013190250703459,0.19756235255988527,5.55,0.0,-0.2306122448979591,-0.009039115250697,0.0089452388166968
East Midlands,2023-08-01,235914.0,178417.82330540745,168903.7421570856,223333.95111002357,0.05479914195630364,-0.08404798557715629,0.19364626948976357,5.55,0.0,-0.1681101951372221,0.0012243864445675,0.0059074037178206
East Midlands,2023-09-01,233437.0,175608.28863636364,170263.21581633313,226331.76724829784,0.030910313931496347,-0.10793681360196358,0.16975744146495628,5.8,0.0,-0.1963880288957687,0.0030632143896425,-0.0158722396873791
East Midlands,2023-10-01,232325.0,174771.76136363635,172420.12377488526,229198.9560753762,0.013546823258145935,-0.125300304275314,0.15239395079160586,6.3,0.0,-0.1816521645719196,0.0034175446243984,-0.0047749799805032
East Midlands,2023-11-01,233029.0,175700.6810933941,176144.6516553265,233617.8310473968,-0.002523670239408915,-0.14137079777286884,0.13632345729405101,6.3,0.0,-0.2274341830338487,0.0228699041324644,0.0053009697338062
East Midlands,2023-12-01,229757.0,172578.44251134645,168662.44822705496,224543.56148657264,0.022952502510035444,-0.11589462502342449,0.16179963004349537,6.55,0.0,-0.222714981070849,0.0292617101894998,-0.0179299993368733
East Midlands,2024-01-01,227053.0,171455.2311787072,170902.82174387874,226321.4608189331,0.0032270887716325802,-0.13562003876182735,0.1420742163050925,6.55,0.0,-0.1255191508998615,0.0045086647277938,-0.0065296824664233
East Midlands,2024-02-01,227623.0,170846.2879818594,172521.65753656914,229855.1388931329,-0.009758527968909192,-0.14860565550236912,0.12908859956455074,6.55,0.0,-0.0390432098765431,0.0035045644292162,-0.0035579382803891
East Midlands,2024-03-01,227703.0,170006.82631578945,173889.88415108627,232903.87303216994,-0.02258365813138674,-0.16143078566484667,0.11626346940207319,6.55,0.0,-0.0892613283674735,0.0092731770579381,-0.0049256605154379
East Midlands,2024-04-01,227940.0,169546.3820224719,175488.78272719233,235929.02813776612,-0.034448595140416316,-0.17329572267387625,0.10439853239304361,6.55,0.0,0.1554764024933215,0.0118107924284265,-0.0027120614044289
East Midlands,2024-05-01,230613.0,171022.18745332336,177638.2331699874,239534.3345565087,-0.03795578497264174,-0.17680291250610167,0.10089134256081819,6.55,0.0,0.2681810753391076,0.0197515093281197,0.0086667696363154
East Midlands,2024-06-01,228627.0,169296.5033557047,180986.60976596325,244413.94128515277,-0.06677141394969865,-0.20561854148315858,0.07207571358376128,6.55,0.0,-0.0363291139240505,0.0237223387356084,-0.010141663888767
East Midlands,2024-07-01,233319.0,173158.27130044842,183000.35817765698,246580.5430430061,-0.055282070820409146,-0.19412919835386908,0.08356505671305078,6.55,0.0,0.1451905626134302,0.023752572485765,0.0225544038880922
East Midlands,2024-08-01,234304.0,173241.90022338045,184865.01613878834,250023.88386142274,-0.06493703124694683,-0.20378415878040676,0.0739100962865131,6.55,0.0,0.1016056196688408,0.0213663940912687,0.0004828457456529
East Midlands,2024-09-01,234886.0,173801.63785394933,186319.60571491017,251803.53561874063,-0.06954887282970112,-0.20839600036316105,0.0692982547037588,6.55,0.0,0.0259406703480158,0.0206732774139832,0.0032257515528524
East Midlands,2024-10-01,236104.0,173667.60888888888,188978.91046068023,256919.96890424803,-0.08449224543507228,-0.2233393729685322,0.05435488209838765,6.55,0.0,0.2412706747177737,0.0268794113595294,-0.0007714580381676
East Midlands,2024-11-01,235874.0,173370.0088823094,190426.12547977938,259079.2502751077,-0.09383623636758465,-0.23268336390104458,0.04501089116587528,6.3,0.0,0.2058147396889791,0.0207942000329544,-0.0017150883033405
East Midlands,2024-12-01,237904.0,174217.30973451328,176773.5894867903,241394.75059827557,-0.014566331814608091,-0.15341345934806802,0.12428079571885184,6.3,0.0,0.1692179237406068,0.0177203462915187,0.0048753362686504
East Midlands,2025-01-01,236516.0,173456.71196454947,178659.88405908542,243610.7583242716,-0.029555839832724473,-0.1684029673661844,0.10929128770073546,6.3,0.0,0.2318381706244503,0.0454914651679032,-0.0043753570061841
East Midlands,2025-02-01,236724.0,172843.33235294116,180725.88857301208,247519.8473910337,-0.04459586472277266,-0.1834429922562326,0.09425126281068727,6.3,0.0,0.2725228842139071,0.0414917034077852,-0.0035424786287094
East Midlands,2025-03-01,240334.0,174836.3824175824,,,,,,6.05,0.0,1.0438931297709924,0.0432050050133689,0.0114649880994015
East Midlands,2025-04-01,230758.0,165805.13314037627,,,,,,6.05,0.0,-0.3213625154130702,0.0448831261331261,-0.0530373769088683
East Midlands,2025-05-01,235912.0,169263.45086705202,,,,,,6.05,0.0,-0.1416237113402062,0.0359098172389598,0.020643179944356
East Midlands,2025-06-01,237575.0,169843.03455723543,,,,,,5.8,0.0,0.0572704584263759,0.0375122020420972,0.0034183023885123
East Midlands,2025-07-01,240729.0,171974.02661870504,,,,,,5.8,0.0,0.0415701572595392,0.0353215606387853,0.0124687729915997
East Midlands,2025-08-01,243434.0,173531.91816223974,,,,,,5.8,0.0,-0.0019357777271692,0.0322622356660127,0.009018091440339
East Midlands,2025-09-01,242084.0,172569.5707106963,,,,,,5.55,0.0,0.0836149705845537,0.0338883042557667,-0.0055610851879279
East Midlands,2025-10-01,242147.0,171997.11802575106,202557.7361460193,285171.9185620695,-0.16354724167016066,-0.3023943692036206,-0.02470011413670073,5.55,0.0,0.0487521150592216,0.0331184693307808,-0.0033227426233821
East Midlands,2025-11-01,243924.0,173631.92258064516,202047.87036045484,283843.68494746677,-0.15156698015332815,-0.2904141076867881,-0.012719852619868216,5.55,0.0,0.0487521150592216,0.0355601346078813,0.0073117216074047
East Midlands,2025-12-01,242550.0,171914.4539614561,203067.79147561945,286503.5003598619,-0.1665428790498833,-0.30539000658334325,-0.027695751516423367,5.55,0.0,0.0487521150592216,0.038555876869049,0.0016628949338052
East Midlands,2026-01-01,241497.0,171904.31612903226,202575.0551582876,284584.2919897394,-0.16417244018758304,-0.303019567721043,-0.025325312654123106,5.55,0.0,0.0487521150592216,-0.0321199143468949,-0.0026879291021995
East of England,2005-01-01,173457.0,223691.94935064937,232899.78890061885,180597.01656946278,-0.040338391244368665,-0.1791855187778286,0.09850873628909126,,,,,
East of England,2005-02-01,171709.0,220864.03756476683,233045.61536204032,181179.4713590082,-0.053686910933954834,-0.19253403846741476,0.0851602165995051,,,,,-0.0127225816940672
East of England,2005-03-01,171895.0,220247.4,232390.04026904507,181371.88439930507,-0.05366570809493254,-0.19251283562839247,0.08518141943852739,,,,,-0.0027958375772083
East of England,2005-04-01,172440.0,220093.72750642677,232953.69835192696,182515.58642275847,-0.05678622455301863,-0.19563335208647856,0.0820609029804413,5.95,0.0,,,-0.0006979702335865
East of England,2005-05-01,175216.0,222777.83354673497,233979.48361250854,184026.15982010993,-0.049058421905346705,-0.18790554943880663,0.08978870562811322,5.95,0.0,,,0.0121215229931745
East of England,2005-06-01,176173.0,223994.6081946223,235703.56055209748,185382.15588236466,-0.05095293511043586,-0.1898000626438958,0.08789419242302407,5.95,0.0,,,0.0054469682667281
East of England,2005-07-01,177374.0,225233.2250639386,238167.98811395714,187560.28872619788,-0.05583983590941877,-0.1946869634428787,0.08300729162404116,5.95,0.0,,,0.0055144401854789
East of England,2005-08-01,177064.0,224266.0102040816,239272.38179992995,188911.93084707463,-0.06476968296601093,-0.20361681049947086,0.074077444567449,5.95,0.0,,,-0.0043035283565888
East of England,2005-09-01,177457.0,224191.85877862596,240721.6857222325,190541.0322030964,-0.07113923746921813,-0.20998636500267806,0.0677078900642418,5.95,0.0,,,-0.0003306951723232
East of England,2005-10-01,176487.0,222683.0889453621,241651.47945225512,191520.3568267118,-0.08174688566841226,-0.2205940132018722,0.05710024186504767,5.95,0.0,,,-0.0067525627646176
East of England,2005-11-01,176303.0,222450.9263024142,242268.40928356032,192009.30322876334,-0.0853397194621035,-0.22418684699556343,0.05350740807135643,5.95,0.0,,,-0.0010431135615167
East of England,2005-12-01,177602.0,223521.9087452471,235839.8496601709,187389.36695052855,-0.053643536580191054,-0.19249066411365098,0.08520359095326888,5.7,0.0,,,0.0048029136191711
East of England,2006-01-01,177088.0,224010.68025477705,237885.54922362184,188056.55200457518,-0.06009594196664381,-0.19894306950010374,0.07875118556681612,5.7,0.0,,,0.0021842954720039
East of England,2006-02-01,177314.0,223442.6421319797,237823.2845759454,188725.8290491893,-0.06237314973771291,-0.20122027727117284,0.07647397779574702,5.7,0.0,,0.0091603822916077,-0.0025389840661791
East of England,2006-03-01,178701.0,224905.06083650189,238804.24882097004,189744.76567950187,-0.059965812422861475,-0.1988129399563214,0.07888131511059845,5.7,0.0,,0.0079296177670906,0.006523614958878
East of England,2006-04-01,181493.0,226980.54030226695,238357.5996053016,190590.06453837812,-0.048907777102606076,-0.187754904636066,0.08993935043085385,5.7,0.0,0.1462179198559208,0.0105640010808631,0.0091859269461593
East of England,2006-05-01,183080.0,227532.46558197745,238274.27140100455,191723.20528640752,-0.04612947694753977,-0.1849766044809997,0.09271765058592016,5.7,0.0,0.2431066681313851,0.0080874746916048,0.0024286457982558
East of England,2006-06-01,183356.0,227306.5018726592,238862.1816437424,192677.34893921213,-0.04958740450875965,-0.18843453204221958,0.08925972302470028,5.7,0.0,0.3021215043394407,0.0056419436263674,-0.0009935988078275
East of England,2006-07-01,187016.0,232133.61,239735.25983396725,193140.18919151442,-0.032222119402909755,-0.17106924693636968,0.10662500813055018,5.7,0.0,0.1665584114317528,0.003130977474991,0.0210137758124702
East of England,2006-08-01,188674.0,233026.47014925373,239823.6160595643,194177.42931710946,-0.02875166715729094,-0.16759879469075087,0.11009546037616899,5.7,0.0,0.2348654708520179,0.0056709153853071,0.0038389418348572
East of England,2006-09-01,188742.0,232820.87701863353,240547.74919794075,195005.97996409095,-0.032649221451114485,-0.17149634898457441,0.10619790608234544,5.7,0.0,0.1780707455203787,0.0032268296141808,-0.0008826631522875
East of England,2006-10-01,190015.0,234100.3660049628,240390.9955346334,195120.98932619792,-0.026516807829549904,-0.16536393536300983,0.11233031970391003,5.7,0.0,0.2417287630402385,0.00453665802653,0.0054805481997206
East of England,2006-11-01,190676.0,234333.25247524751,240614.07287618384,195786.677627348,-0.02645003450061445,-0.16529716203407438,0.11239709303284548,5.7,0.0,0.2313411219465095,0.0045667854368918,0.0009943201353799
East of England,2006-12-01,192829.0,235521.76752767529,232365.45887117155,190244.83188546068,0.013491954289792218,-0.1253551732436677,0.15233908182325215,5.95,0.0,0.1617021276595744,0.0020802339877905,0.0050590822137213
East of England,2007-01-01,192919.0,237678.12282878417,234028.61052115457,189956.75738172262,0.015473958162031565,-0.12337316937142837,0.1543210856954915,5.95,0.0,0.1619433198380566,-0.0026320317391872,0.0091139929297572
East of England,2007-02-01,193326.0,237003.35555555555,233297.4411094417,190303.0486391216,0.015760088770640834,-0.1230870387628191,0.15460721630410076,5.95,0.0,0.1029126213592233,0.0009296942511205,-0.0028430337329705
East of England,2007-03-01,194938.0,237805.20147420143,234596.3730652335,192307.60088126897,0.013585381312145373,-0.12526174622131456,0.1524325088456053,6.2,0.0,0.0524578463734499,-0.0002068493350229,0.0033775578348596
East of England,2007-04-01,197352.0,240159.9705882353,235521.84250424974,193540.6077376312,0.019501586775005464,-0.11934554075845447,0.1583487143084654,6.2,0.0,0.0387901404301287,-0.0038572995134634,0.0098533880857498
East of England,2007-05-01,199249.0,241875.61980440095,235517.91319074022,194011.73513597733,0.026636651211658702,-0.11221047632180123,0.16548377874511863,6.45,0.0,0.0388829975256275,-1.6066383725643618e-06,0.007118380861808
East of England,2007-06-01,202727.0,245497.4524390244,234643.7094477501,193764.19108474834,0.04521833650380813,-0.0936287910296518,0.18406546403726806,6.45,0.0,-0.0048878027105088,0.0038352319928303,0.014862943870705
East of England,2007-07-01,204615.0,249303.92024539877,236248.26446093683,193899.63296642853,0.05378949526772736,-0.08505763226573257,0.1926366228011873,6.45,0.0,0.0233853006681514,0.0038934537621386,0.0153861452672199
East of England,2007-08-01,206015.0,250089.11369193153,235748.22127987875,194201.45519329386,0.05905293257214872,-0.07979419496131121,0.19790006010560865,6.45,0.0,0.034876683310637,0.0087913201564961,0.0031445936975611
East of England,2007-09-01,206877.0,250828.89010989008,236643.29898938013,195177.10158338604,0.05821705412254019,-0.08063007341091974,0.19706418165600012,6.7,0.0,-0.1390180471274332,0.0101170544708828,0.0029536848353508
East of England,2007-10-01,206703.0,249399.85297691377,237779.90888840065,197072.37161646903,0.047711950484316645,-0.09113517704914328,0.18655907801777658,6.7,0.0,-0.09521523443751,0.0101385307870471,-0.0057135502118157
East of England,2007-11-01,207394.0,249626.95999999996,238497.79467890074,198147.7146123798,0.04560757982651964,-0.09323954770694029,0.18445470735997957,6.95,0.0,-0.1157374735356386,0.0064777191640352,0.0009101997442204
East of England,2007-12-01,207181.0,247868.3530120482,231995.99676388683,193914.07584494064,0.06617765440420165,-0.07266947312925828,0.20502478193766158,6.95,0.0,-0.3186813186813186,0.00652918204463,-0.0070698728892573
East of England,2008-01-01,205481.0,247624.55461165047,230928.54819255735,191626.50927559644,0.06980535888636474,-0.06904176864709519,0.20865248641982467,6.95,0.0,-0.3111293297806927,0.0021764824318322,-0.0009840642169471
East of England,2008-02-01,203657.0,243652.29036144575,230259.93348455563,192462.98569202534,0.05653335308203644,-0.08231377445142349,0.19538048061549637,6.95,0.0,-0.2562137531068765,0.0007822269451018,-0.0161715369201367
East of England,2008-03-01,201237.0,239602.32733812943,230858.01242055246,193892.832184029,0.037177722933558144,-0.10166940459990179,0.17602485046701807,6.95,0.0,-0.4227345935407307,-0.0015215857690232,-0.0167615898311019
East of England,2008-04-01,199998.0,236426.2071428571,231089.79753867432,195483.81664902964,0.022829769787861665,-0.11601735774559827,0.1616768973213216,8.5,15.0,-0.3086594819436566,-0.0014033421814659,-0.0133444409195266
East of England,2008-05-01,201866.0,236942.0070921986,231343.6177365374,197096.37523173276,0.02391128745384208,-0.11493584007961785,0.162758414987302,8.5,15.0,-0.3665362368152433,-0.006100146398654,0.0021792766728676
East of England,2008-06-01,198801.0,231701.16549295772,231146.55455627598,198325.14046520359,0.0023965169454189805,-0.13645061058804095,0.1412436444788789,8.25,14.25,-0.4853762000446529,-0.0107303292794278,-0.0223669537719519
East of England,2008-07-01,198177.0,231245.31257344305,232616.31465817126,199351.94740594534,-0.005911271795286055,-0.14475839932874598,0.13293585573817387,8.25,14.25,-0.5150007772423442,-0.0152952983168104,-0.0019693553723474
East of England,2008-08-01,191127.0,221457.5390898483,232711.7197154524,200839.82255402088,-0.049569559096735105,-0.18841668663019503,0.08927756843672482,8.0,13.5,-0.577381387528328,-0.020149536048303,-0.0432482322367615
East of England,2008-09-01,186404.0,214981.61672473868,232657.14665301942,201729.91265684765,-0.0790133754268858,-0.21786050296034573,0.05983375210657413,8.0,13.5,-0.5324485125858124,-0.0234280730109638,-0.0296783531315014
East of England,2008-10-01,181730.0,210079.03376018623,233543.9250530343,202028.43063500148,-0.1058863641221155,-0.24473349165557542,0.032960763411344435,8.0,13.5,-0.4719667492041033,-0.0267766856773044,-0.0230687097120689
East of England,2008-11-01,176595.0,204380.92657342655,235514.8356464941,203496.20240150244,-0.1417883680925769,-0.28063549562603685,-0.002941240559116959,8.0,13.5,-0.5940409683426443,-0.0197464465182916,-0.0274982713986062
East of England,2008-12-01,174953.0,203191.02807017544,230107.36557312962,198128.69845420527,-0.1243994453108801,-0.26324657284434005,0.014447682222579833,8.0,13.5,-0.4485407066052227,-0.0162190363108847,-0.0058389782238901
East of England,2009-01-01,173660.0,203114.69964664307,234882.13161050942,200820.67445853224,-0.14531297833587153,-0.2841601058693315,-0.006465850802411605,8.0,13.5,-0.483040761678072,0.0065873021081164,-0.000375719165266
East of England,2009-02-01,169793.0,196967.81425233645,235373.2955842646,202899.83989942647,-0.17813240971306143,-0.3169795372465214,-0.039285282179601505,7.5,12.0,-0.4906711222500696,0.0063730343014605,-0.0307305064059733
East of England,2009-03-01,166473.0,192666.3041958042,236383.7450263476,204246.98210735776,-0.2044968240381504,-0.34334395157161035,-0.06564969650469046,6.0,7.5,-0.27856093979442,0.0054113823626631,-0.0220806372945094
East of England,2009-04-01,169102.0,195253.82093023253,237341.57561397523,205552.62339176104,-0.1951999928980861,-0.33404712043154605,-0.056352865364626165,5.0,4.5,-0.3321482291809107,0.0079018276100693,0.0133406592874827
East of England,2009-05-01,172064.0,197754.1111111111,235991.7111295711,205334.17765956643,-0.17677228620809693,-0.3156194137415569,-0.037925158674637,4.5,3.0,-0.265207466093729,0.0127920991510916,0.0127240379150599
East of England,2009-06-01,171951.0,196940.41868512108,235092.01499203307,205261.60825588388,-0.17707575089473515,-0.3159228784281951,-0.03822862336127522,4.0,1.5,-0.0786695589298626,0.015303984317637,-0.0041231560983057
East of England,2009-07-01,176546.0,202203.20415224912,235162.03074433302,205322.73983417597,-0.15100161617135655,-0.2898487437048165,-0.012154488637896615,3.5,0.0,0.182051282051282,0.0189666431729389,0.0263719131410322
East of England,2009-08-01,178649.0,203906.2724137931,233955.75743788425,204976.34337458137,-0.1374715873900847,-0.27631871492354465,0.0013755401433752368,3.5,0.0,0.1776509254454246,0.0177706729344728,0.008387286402101
East of England,2009-09-01,180764.0,206083.41216991964,233004.02783921364,204377.14828595676,-0.12277473999939481,-0.26162186753285477,0.01607238753406512,3.5,0.0,0.336335160532498,0.0214121961088364,0.0106205609672542
East of England,2009-10-01,181000.0,206115.82568807335,232143.23808173262,203855.89487137046,-0.1189163152726227,-0.25776344280608265,0.019930812260837233,3.5,0.0,0.2781778596549991,0.0250014183716273,0.0001572711215533
East of England,2009-11-01,182568.0,207188.59885714285,230932.1063751474,203490.0232409406,-0.10849427147469193,-0.24734139900815186,0.030352856058768002,3.5,0.0,0.5541721275666229,0.0214477328075544,0.0051912126486488
East of England,2009-12-01,183414.0,206966.025,223379.5831158538,197959.7514017637,-0.07631784149575971,-0.21516496902921964,0.06252928603770022,3.5,0.0,0.7890966971746916,0.0167605906416428,-0.0010748346909554
East of England,2010-01-01,185910.0,210260.3986332574,221235.99253447275,195614.50296602928,-0.05088321525300188,-0.1897303427864618,0.08796391228045805,3.5,0.0,0.2405755395683453,-0.0069514536928059,0.0157921066924693
East of England,2010-02-01,186038.0,209450.94557823127,220371.0900995589,195737.4637138076,-0.05082333656778282,-0.18967046410124275,0.08802379096567711,3.5,0.0,0.3920174958993985,-0.0116740200122142,-0.0038571940919531
East of England,2010-03-01,186186.0,208435.96166854564,219394.72606112438,195974.94664271636,-0.05124065376269549,-0.19008778129615542,0.08760647377076444,3.5,0.0,0.2580907795644209,-0.0080444378641272,-0.0048577061783507
East of England,2010-04-01,189108.0,210520.4529147982,218510.7800608272,196285.61512009858,-0.03725253808835838,-0.1760996656218183,0.10159458944510155,3.5,0.0,0.2454954954954955,-0.0113314814984688,0.0099509561112203
East of England,2010-05-01,189953.0,210988.06375838924,217858.65075372305,196138.6040018413,-0.03204489944426747,-0.1708920269777274,0.10680222808919246,3.5,0.0,0.1056286549707601,-0.0145816748678515,0.0022187501173789
East of England,2010-06-01,189548.0,210302.97653631287,218326.64597723208,196779.80679720314,-0.037443081014876256,-0.17629020854833619,0.10140404651858367,3.5,0.0,0.1359284256788573,-0.0122131026488666,-0.003252325639206
East of England,2010-07-01,192765.0,214351.2262038074,218762.37277708427,196731.92234636078,-0.020370171308979224,-0.15921729884243915,0.1184769562244807,3.5,0.0,0.0383676789587852,-0.0098907917402897,0.0190666772246164
East of England,2010-08-01,192039.0,212354.929844098,218270.0489492608,197388.22150698508,-0.027473980667435782,-0.1663211082008957,0.11137314686602415,3.5,0.0,0.0329024676850764,-0.0076733019121606,-0.009356841452222
East of England,2010-09-01,192988.0,213404.32516703787,218961.29246931855,198013.33397527496,-0.025706360930479732,-0.16455348846393966,0.1131407666029802,3.5,0.0,-0.0266627600351596,-0.0097839682038216,0.0049295344053721
East of England,2010-10-01,189904.0,209527.41333333333,219133.99410252963,198610.8707877912,-0.04482880589754856,-0.1836759334310085,0.09401832163591137,3.5,0.0,-0.1171383647798741,-0.0086457888569295,-0.0183340245140257
East of England,2010-11-01,189238.0,208098.93023255817,219222.23523872296,199353.15047388402,-0.05207239531708652,-0.19091952285054645,0.08677473221637341,3.5,0.0,-0.0853127196064652,-0.0097131481555706,-0.0068409892898753
East of England,2010-12-01,188378.0,205108.94078947368,220129.64618776148,202173.45148362385,-0.0706754171654147,-0.20952254469887463,0.06817171036804523,3.5,0.0,-0.2699065836298933,-0.0096075062895747,-0.014472336274288
East of England,2011-01-01,187409.0,203830.3800657174,220641.77949036175,202866.00672175255,-0.0792523014278288,-0.21809942896128873,0.05959482610563113,3.5,0.0,0.0431454418928323,-0.0396663226694187,-0.0062530787558543
East of England,2011-02-01,185272.0,199972.9304347826,220953.86810078268,204710.5323793757,-0.09977192854116268,-0.2386190560746226,0.03907519899229725,3.5,0.0,-0.0606834249803613,-0.0428983527693662,-0.019106168153387
East of England,2011-03-01,186529.0,200892.94685466375,220878.10916634026,205085.21314336933,-0.09483884366587603,-0.23368597119933596,0.0440082838675839,3.5,0.0,-0.0745834007442161,-0.0458534526854219,0.0045901539011481
East of England,2011-04-01,187388.0,199652.66523605149,219915.42778742386,206406.02084378555,-0.09666387033422374,-0.23551099786768367,0.042183257199236185,3.5,0.0,-0.0350156172940983,-0.0425259240355577,-0.006192980500673
East of England,2011-05-01,187664.0,199518.57815845823,220261.1015924032,207174.08749980322,-0.09890631245634829,-0.23775343998980822,0.03994081507711164,3.5,0.0,-0.0608264462809917,-0.0474599006984767,-0.0006718273666024
East of England,2011-06-01,187093.0,199124.70418006432,220760.55085313704,207421.5447592919,-0.10314735119616536,-0.2419944787296253,0.03569977633729457,3.5,0.0,-0.0672930772419511,-0.0473684343116261,-0.0019760729655455
East of England,2011-07-01,189751.0,201953.63665594856,221119.47019502564,207758.7771318821,-0.090664995017951,-0.22951212255141093,0.04818213251550893,3.5,0.0,-0.0658049353701527,-0.0452806674652712,0.0141068669219741
East of England,2011-08-01,190567.0,201740.9712153518,220982.71226129986,208742.98499607178,-0.09109991958764319,-0.22994704712110312,0.047747207945816744,3.5,0.0,0.0483503981797497,-0.0474141184876951,-0.0010535957435298
East of England,2011-09-01,188774.0,198572.6504237288,220709.2687226731,209818.2776175261,-0.10569127904833486,-0.2445384065817948,0.03315584848512507,3.5,0.0,0.1034015653220952,-0.0471866716835989,-0.0158295235448626
East of England,2011-10-01,188720.0,198305.77777777775,221272.79471806603,210576.82881024413,-0.10958613390458538,-0.2484332614380453,0.02926099362887455,3.5,0.0,-0.0051944197091124,-0.0532426886008642,-0.0013448586126667
East of England,2011-11-01,189577.0,198995.73044397464,221419.23835147795,210939.17369637275,-0.1067745411503207,-0.24562166868378063,0.03207258638313923,3.5,0.0,0.0714505224339274,-0.0521381886087768,0.003473197788077
East of England,2011-12-01,188765.0,197101.62460567823,216079.6333079744,206940.31347017488,-0.09192755579317691,-0.23077468332663684,0.04691957174028302,3.5,0.0,0.1238385376999238,-0.0499839572192514,-0.0095639127689235
East of England,2012-01-01,189852.0,199284.39323467232,216993.06049099867,206722.49267319712,-0.08513245747673359,-0.22397958501019352,0.05371467005672634,3.5,0.0,0.1703357794084945,-0.0193198554705615,0.0110134595782191
East of England,2012-02-01,188281.0,196596.24921135645,217287.5961148871,208097.18419461997,-0.100069674530058,-0.23891680206351792,0.038777453003401935,3.5,0.0,0.1381977838176875,-0.0130555659916594,-0.0135807869910209
East of England,2012-03-01,187072.0,194719.59748427672,217152.51409012615,208623.86550048375,-0.10903937449393197,-0.2478865020273919,0.029807753039527957,3.5,0.0,0.3104895104895104,-0.0107173980624086,-0.0095915671715332
East of England,2012-04-01,190794.0,197352.54375,217187.02299917865,209969.32737080715,-0.09576714793178276,-0.2346142754652427,0.04307997960167717,3.5,0.0,-0.087052810902896,-0.0116844982270044,0.0134311294764764
East of England,2012-05-01,191630.0,198423.97288842543,218070.74635245226,210604.0742719051,-0.09441351605278214,-0.23326064358624207,0.04443361148067779,3.5,0.0,0.1432594156986977,-0.0072092084006463,0.0054143270799933
East of England,2012-06-01,191456.0,199074.1445026178,218859.79944171535,210484.4999666044,-0.09475399884074776,-0.23360112637420768,0.044093128692712175,3.5,0.0,0.0754074074074073,-0.0040412990780313,0.003271322129926
East of England,2012-07-01,194079.0,201590.4257322176,219597.05675572917,211414.68908205142,-0.08555626313205877,-0.2244033906655187,0.053290864401401156,3.5,0.0,-0.0043326345213137,-0.0009405475813887,0.0125607028897469
East of England,2012-08-01,194117.0,200580.8335067638,219269.42367545833,212203.33952881716,-0.08908389364416358,-0.2279310211776235,0.04976323388929635,3.5,0.0,0.0538524145415084,-0.0019855888496088,-0.0050207185274633
East of England,2012-09-01,192957.0,198555.75233160623,218906.56952655298,212733.9774351698,-0.09757508676005422,-0.23642221429351415,0.04127204077340571,3.5,0.0,-0.1242668121675077,-0.0018575830574976,-0.0101473962738811
East of England,2012-10-01,193648.0,198239.65360824743,218348.21509372973,213290.80427081353,-0.09661443483495269,-0.23546156236841262,0.04223269269850724,3.5,0.0,0.0665373713262718,0.0003632802363835,-0.0015932583164737
East of England,2012-11-01,192932.0,197100.28395061727,218693.19297331176,214068.26139985805,-0.1039571474477281,-0.24280427498118803,0.034889980085731825,3.5,0.0,0.1029685931449877,-0.0037389870592741,-0.0057640157439546
East of England,2012-12-01,191994.0,195338.15778688525,216663.11518966302,212953.87756808772,-0.10361148348333593,-0.24245861101679586,0.035235644050124,3.5,0.0,-0.0634318243426402,-0.0047368316081295,-0.0089804556284676
East of England,2013-01-01,192142.0,196495.3717816684,220779.99486045568,215888.59517573257,-0.11652782955319374,-0.2553749570866537,0.02231929798026619,3.5,0.0,0.0258407752232567,-0.0184062630871821,0.0059066785864114
East of England,2013-02-01,190370.0,193289.7852760736,219864.46727412738,216543.2517563913,-0.12882075773782553,-0.2676678852712855,0.010026369795634399,3.5,0.0,0.0308596620132255,-0.01853913771004,-0.0164483368299279
East of England,2013-03-01,194147.0,196521.88685015292,220100.43425631235,217440.6102773841,-0.11331015295800562,-0.2521572804914656,0.025536974575454313,3.5,0.0,-0.0963180362860192,-0.0204136122424231,0.0165832676399233
East of England,2013-04-01,194595.0,196574.60325534077,219821.38498966055,217607.67517103357,-0.11177331059436746,-0.2506204381278274,0.02707381693909247,2.3,0.0,0.1528270199664116,-0.0203285614751012,0.0002682110211154
East of England,2013-05-01,193843.0,195417.35939086296,219294.46479790536,217527.7420200773,-0.11527783884227993,-0.2541249663757399,0.023569288691179996,2.3,0.0,0.2033559113300491,-0.0161728696592505,-0.0059044436457007
East of England,2013-06-01,196002.0,197995.91658189215,219763.45737938464,217550.33092037775,-0.10430536702876125,-0.24315249456222118,0.034541760504698676,2.3,0.0,0.0724617715938835,-0.0191932272728071,0.0131088312147031
East of England,2013-07-01,199137.0,201162.80874872836,220053.16057490726,217837.11666176622,-0.08975458217329368,-0.22860170970675361,0.049092545360166245,2.3,0.0,0.1975014037057831,-0.0212969692964419,0.0158681668078273
East of England,2013-08-01,200041.0,201257.0547112462,220011.94685267794,218682.56953030528,-0.08909887860366972,-0.22794600613712965,0.04974824892979021,2.3,0.0,0.1693911700347534,-0.0202721493690039,0.0004683961841767
East of England,2013-09-01,199877.0,200280.38446014127,219608.2566551058,219165.94395287998,-0.09212700046700917,-0.2309741280004691,0.04672012706645076,2.3,0.0,0.2560747663551401,-0.0191393443630918,-0.0048646630769493
East of England,2013-10-01,201547.0,201953.75479313824,219666.01331320885,219223.58428337358,-0.08406953701144992,-0.22291666454490985,0.054777590522010006,2.3,0.0,0.2271646384109666,-0.0190322310107812,0.0083204274504229
East of England,2013-11-01,200471.0,200673.08770161288,219903.32028506807,219681.8667903198,-0.09151084187300285,-0.23035796940646278,0.047336285660457084,2.3,0.0,0.2224678195293199,-0.0139494964564328,-0.0063615798817817
East of England,2013-12-01,205065.0,204447.33433734943,216325.38388466265,216978.93489337762,-0.05647327255232071,-0.19532040008578064,0.08237385498113922,2.3,0.0,0.3173661360347322,-0.0129124546481665,0.0186332538708491
East of England,2014-01-01,203602.0,204218.97575757577,217853.996228758,217195.82705586147,-0.064632267614396,-0.20347939514785593,0.07421485991906393,2.3,0.0,0.4030375995554731,-0.0062501296062043,-0.0011175797852711
East of England,2014-02-01,205151.0,204738.63618090452,217375.95434899782,217813.77097407135,-0.059894142754496116,-0.19874127028795605,0.07895298477896381,2.3,0.0,0.3382038488952246,-0.0053491889636468,0.002541391517612
East of England,2014-03-01,206108.0,205281.08726178535,217672.58291957286,218549.41104815123,-0.05861182323877934,-0.19745895077223927,0.08023530429468059,2.3,0.0,0.1703572483023323,-0.0032129667269219,0.0026459770901272
East of England,2014-04-01,210280.0,208599.44055944055,217453.53394163426,219205.42545375216,-0.04156932997393703,-0.18041645750739696,0.0972777975595229,2.3,0.0,0.3133700226610554,-0.0021610442342518,0.0160356633460914
East of England,2014-05-01,213895.0,212397.735,217361.84573004508,218894.104461274,-0.023102831193916984,-0.1619499587273769,0.11574429633954295,2.3,0.0,0.1248560828962517,-0.0041222116953613,0.018044764787918
East of England,2014-06-01,215704.0,213766.53892215568,217744.01691994502,219717.52764731614,-0.018435658625648443,-0.15728278615910837,0.12041146890781149,2.3,0.0,0.1939627488760436,-0.0010981067125644,0.0064238544288688
East of England,2014-07-01,219457.0,218138.9399399399,218749.16823810674,220070.9154782162,-0.0027935239416425617,-0.1416406514751025,0.13605360359181737,2.3,0.0,0.1186261868479663,-0.0051161017036494,0.0202477190507828
East of England,2014-08-01,221782.0,219789.94610778443,218539.81085030249,220520.5342114835,0.005704101203484413,-0.13314302632997552,0.14455122873694434,2.3,0.0,0.0836543753439735,-0.0021284623694263,0.0075401008817141
East of England,2014-09-01,223836.0,221604.33499501497,218836.23498461128,221040.02385656105,0.01256985230656582,-0.1262772752268941,0.15141697984002575,2.3,0.0,0.1305803571428572,-0.0010677440300121,0.0082212171031805
East of England,2014-10-01,224885.0,222421.12051792827,219275.02845727932,221704.05696989773,0.014245744608611943,-0.12460138292484799,0.15309287214207187,2.3,0.0,0.1242448421292601,0.001980632971996,0.0036790072913355
East of England,2014-11-01,223944.0,222154.23776223775,220734.8038491457,222513.1305669636,0.006409906950674227,-0.1324372205827857,0.14525703448413416,2.3,0.0,-0.1049776643267389,0.000982644293737,-0.0012006188952167
East of England,2014-12-01,224758.0,222961.73226773227,219415.6925552815,221183.39199177924,0.01603208240596743,-0.1228150451274925,0.15487920993942736,2.3,0.0,-0.0041744479841809,0.0049956927753829,0.003628247224082
East of England,2015-01-01,225847.0,225847.0,221419.0134175665,221419.0134175665,0.01980088414451231,-0.11904624338894762,0.15864801167797224,2.3,0.0,-0.1188118811881188,0.0063758373330673,0.0128576263059922
East of England,2015-02-01,226943.0,226486.83316582913,223313.22878841273,223763.00367016182,0.014111412200744411,-0.12473571533271552,0.15295853973420434,2.3,0.0,-0.0893475366178429,0.008372251380847,0.0028290326553239
East of England,2015-03-01,227055.0,226144.04714142423,224496.69762815456,225401.01463773428,0.00731117578871654,-0.1315359517447434,0.14615830332217647,2.3,0.0,-0.0131180625630675,0.01142792486988,-0.0015146385492084
East of England,2015-04-01,229445.0,228066.95195195192,225567.05626613763,226929.99920430165,0.011021752988316535,-0.1278253745451434,0.14986888052177647,2.3,0.0,-0.0918166132610303,0.01142792486988,0.0084670617941355
East of England,2015-05-01,232551.0,230692.45054945056,227045.90961239094,228875.08108963075,0.015933198520171388,-0.12291392901328854,0.15478032605363132,2.3,0.0,-0.0525417946093483,0.01345280560035,0.0114462057812101
East of England,2015-06-01,233631.0,231532.51796407183,228496.39678090118,230567.36110217823,0.01319988883073897,-0.12564723870272096,0.1520470163641989,2.3,0.0,0.0564819795589026,0.0104175073625174,0.0036348894879747
East of England,2015-07-01,239245.0,237570.285,230135.76582384147,231758.07233015253,0.03179409557268542,-0.10705303196077451,0.17064122310614535,2.3,0.0,0.081001781410458,0.0114279248698798,0.0257431865068387
East of England,2015-08-01,241945.0,239532.78664007975,231387.95902167534,233718.14994837902,0.03459452561940424,-0.10425260191405569,0.17344165315286417,2.3,0.0,-0.0425596749619096,0.0104164969450102,0.0082267871461585
East of England,2015-09-01,244652.0,242454.52694610777,233426.77829465148,235542.4288532133,0.03794573043500726,-0.10090139709845267,0.1767928579684672,2.3,0.0,0.0303828013600964,0.0104195221531602,0.0121238713635882
East of England,2015-10-01,245823.0,243372.12263210368,235631.6316590849,238004.55846330532,0.03232193806888972,-0.10652518946457021,0.17116906560234965,2.3,0.0,0.0396431106154313,0.0124373339765366,0.0037774658014697
East of England,2015-11-01,249124.0,246640.21136590227,237242.4457906641,239631.59428805247,0.03884804428960109,-0.09999908324385884,0.17769517182306102,2.3,0.0,0.110992275698158,0.0124363275865997,0.0133389997116193
East of England,2015-12-01,250225.0,247730.23429710863,233873.23263303845,236228.45149137723,0.05756116150968005,-0.08128596602377988,0.19640828904313998,2.3,0.0,0.0854936569222284,0.0094111194364405,0.0044097486293512
East of England,2016-01-01,252519.0,252011.424120603,236718.41797165107,237195.1922273845,0.06260309534694208,-0.07624403218651785,0.201450222880402,2.3,0.0,0.0898876404494382,0.0159810310649881,0.0171340311074743
East of England,2016-02-01,252732.0,251465.80761523047,238325.0110250028,239525.03625675003,0.05367169184104448,-0.08517543569241545,0.1925188193745044,2.3,0.0,0.1713700833455183,0.0159647100026363,-0.0021673938147372
East of England,2016-03-01,256923.0,254615.30838323353,239860.9434492681,242034.9097040953,0.05969445837943077,-0.07915266915402916,0.1985415859128907,2.3,0.0,0.9134713701431494,0.0149508099990114,0.012446785027274
East of England,2016-04-01,256970.0,254661.8862275449,241779.53253385765,243970.8878136207,0.05191044062838479,-0.08693668690507514,0.19075756816184472,2.3,0.0,-0.1566019812729,0.0129310681690653,0.0001829174560885
East of England,2016-05-01,261564.0,258698.2589641434,243117.98085337336,245811.13069162826,0.062115515797895426,-0.0767316117355645,0.20096264333135536,2.3,0.0,-0.1540031208738447,0.0149630261794346,0.0157256302634554
East of England,2016-06-01,264489.0,261071.1500994036,244896.63912300102,248102.7381246113,0.06395673552010095,-0.07489039201335898,0.20280386305356088,2.3,0.0,-0.115682281059063,0.0149690977671146,0.0091306166894664
East of England,2016-07-01,267798.0,264337.3896620278,246559.89476631637,249787.76851451586,0.06962133359066947,-0.06922579394279046,0.2084684611241294,2.3,0.0,-0.125436215587437,0.0139632058860621,0.0124333024374365
East of England,2016-08-01,268266.0,264012.0297324083,247829.6453404264,251822.87225427013,0.06325307309477424,-0.07559405443868569,0.20210020062823417,2.3,0.0,-0.0169743263314237,0.0119393272315988,-0.001231609078399
East of England,2016-09-01,270191.0,265380.4777448071,250245.54028296284,254781.7132186057,0.05872196434637189,-0.08012516318708804,0.19756909187983182,2.3,0.0,-0.0512028954651905,0.0119573796675651,0.005169892059424
East of England,2016-10-01,269689.0,264625.668972332,252065.73434780168,256888.74437056933,0.04862635337075005,-0.09022077416270988,0.18747348090420998,2.3,0.0,-0.1879266627657499,0.0089485510597213,-0.0028483038827129
East of England,2016-11-01,270473.0,264871.48816568044,253367.9795600392,258726.21477732106,0.04440186135911439,-0.09444526617434554,0.18324898889257432,2.3,0.0,-0.070167932399187,0.008957506012424,0.0009285005885111
East of England,2016-12-01,273009.0,266043.11776251224,247311.85132838815,253787.28751624122,0.0730082962372034,-0.06583883129625653,0.21185542377066333,2.05,0.0,-0.0490853658536585,0.006967451759934,0.0044136344553731
East of England,2017-01-01,272123.0,266487.3165680473,250345.28809484004,255639.59932343187,0.06248553253015565,-0.07636159500330428,0.20133266006361558,2.05,0.0,-0.0498969072164948,0.0056428229931664,0.001668257361155
East of England,2017-02-01,274329.0,266805.77571008814,250685.0460923797,257753.70801643468,0.06232360712510143,-0.0765235204083585,0.20117073465856136,2.05,0.0,-0.096242666333791,0.0025409830143556,0.0011943120378106
East of England,2017-03-01,272504.0,263996.5580487805,251546.01318248315,259652.22911585623,0.048310137561809796,-0.09053698997165013,0.18715726509526973,2.05,0.0,-0.4064524747845836,-0.001330448852486,-0.010584896528627
East of England,2017-04-01,276523.0,266848.7259475218,252303.03395905855,261449.97174609394,0.05605104757510837,-0.08279607995835156,0.1948981751085683,2.05,0.0,0.1922767497988737,-0.0012406325381935,0.0107458629868606
East of England,2017-05-01,279053.0,268247.4627299129,252312.35444453717,262475.99409990624,0.06124210113636508,-0.07760502639709485,0.200089228669825,2.05,0.0,0.15394438138479,-0.0051230790589392,0.0052279945095268
East of England,2017-06-01,280366.0,269509.62052274926,253466.9608923615,263677.1103744304,0.061370604632687176,-0.07747652290077275,0.2002177321661471,2.05,0.0,0.1407185628742515,-0.0069973653323121,0.0046941645207443
East of England,2017-07-01,284682.0,273923.6686046512,254729.77128354076,264734.2638112931,0.07264622304112756,-0.06620090449233237,0.21149335057458749,2.05,0.0,-0.0033252050543116,-0.0050192724345679,0.0162453984576771
East of England,2017-08-01,284475.0,272142.26878612716,254712.30634931455,266255.16011136805,0.0661902787072659,-0.07265684882619403,0.20503740624072583,2.05,0.0,0.0321605870925965,-0.0040551438225858,-0.0065245092797106
East of England,2017-09-01,285274.0,272120.15561959654,255541.3450101062,267893.7967326491,0.06285950080253677,-0.07598762673092316,0.2017066283359967,2.05,0.0,0.021541568495456,-0.0068592037378163,-8.125920714263657e-05
East of England,2017-10-01,285404.0,271982.89059500955,256616.77856494466,269279.6407499218,0.058155324033354105,-0.08069180350010582,0.19700245156681404,2.05,0.0,0.09343100756575,-0.007758389545133,-0.0005045552619282
East of England,2017-11-01,284088.0,269693.48374760995,256445.17837785688,270132.5846759701,0.05037115649361823,-0.0884759710398417,0.18921828402707816,2.05,0.0,0.0408374554239043,-0.0077301329508623,-0.0084530933533333
East of England,2017-12-01,285947.0,270681.9551954242,250309.13970099177,264425.2643971202,0.07824782185346812,-0.060599305679991805,0.21709494938692805,2.05,0.0,-0.0350539702896227,-0.0095711554220156,0.0036584658705187
East of England,2018-01-01,285873.0,271907.9396551724,251458.8886096722,264373.6955775406,0.07818404045105076,-0.06066308708240917,0.2170311679845107,2.05,0.0,-0.0034722222222222,-0.0089561029147288,0.0045190172458227
East of England,2018-02-01,285219.0,269992.81887511915,251993.27441980876,266204.3754948433,0.06899296354086637,-0.06985416399259356,0.2078400910743263,2.05,0.0,-0.0251381215469613,-0.0090958392881573,-0.0070681899704911
East of England,2018-03-01,283450.0,268062.71428571426,252333.11157565625,266817.48958150967,0.060470875723272144,-0.07837625181018779,0.19931800325673207,2.3,0.0,-0.0719108710330858,-0.0070109725966027,-0.00717440022194
East of England,2018-04-01,284595.0,268124.13187855785,252330.08613597412,267830.72586839553,0.06071195592327605,-0.07813517161018388,0.19955908345673598,2.3,0.0,-0.0412955465587044,-0.0040701208061024,0.0002290902641561
East of England,2018-05-01,285156.0,267636.96408317576,251971.61542016186,268465.225694392,0.06031500661938338,-0.07853212091407655,0.1991621341528433,2.3,0.0,-0.0111889831550473,-0.0039779349515929,-0.001818601362892
East of England,2018-06-01,286389.0,268794.2126654064,252532.47188847474,269062.7948217586,0.062406236169131546,-0.07644089136432838,0.20125336370259148,2.3,0.0,-0.0569351907934585,-0.0038864461545844,0.0043146275894105
East of England,2018-07-01,290809.0,272942.66257088847,253082.5139454942,269648.8416458539,0.07554616828148752,-0.0633009592519724,0.21439329581494745,2.3,0.0,-0.0262455516014235,-0.0038864461545844,0.0153156677587027
East of England,2018-08-01,290907.0,271240.04788732395,252905.9142462369,271243.50319460453,0.06998667525208369,-0.06886045228137624,0.20883380278554362,2.3,0.0,0.0320995399414469,-0.0048507380750543,-0.0062575315480284
East of England,2018-09-01,289461.0,269638.6238273922,253168.47228651712,271780.0518201684,0.06302746675038229,-0.07581966078307764,0.20187459428384222,2.3,0.0,-0.1042284459088412,-0.0056439021335817,-0.0059215821336238
East of England,2018-10-01,289927.0,269819.5979381443,253530.2094356554,272423.69936338806,0.062270594595615236,-0.0765765329378447,0.20111772212907517,2.3,0.0,0.0120812740252609,-0.0037055283458655,0.0006709476665278
East of England,2018-11-01,290306.0,269414.82056074764,253959.9114979648,273652.6740209691,0.05907584986631953,-0.0797712776671404,0.19792297739977946,2.3,0.0,0.0721706454465074,-0.0036831043719173,-0.0015013042177507
East of England,2018-12-01,287775.0,266816.59663865546,246950.34335143646,266348.25551801454,0.07737424104464452,-0.06147288648881541,0.21622136857810445,2.55,0.0,-0.0709934655000553,-0.0026626065022496,-0.0096907572818683
East of England,2019-01-01,285588.0,266781.64063969895,248854.7920521048,266397.42593291786,0.06956093657039553,-0.0692861909630644,0.20840806410385546,2.55,0.0,-0.0319396051103367,0.0034492618151187,-0.0001310199193493
East of England,2019-02-01,286748.0,266611.20224719105,249402.17926302872,268239.2018659765,0.0667246545624085,-0.07212247297105143,0.20557178209586843,2.55,0.0,-0.0062340606404081,0.0061822103726147,-0.0006390726856633
East of England,2019-03-01,283751.0,263331.5355140187,249373.0409783444,268710.12471986754,0.054463897720363974,-0.08438322981309596,0.1933110252538239,2.55,0.0,-0.0240087304474354,0.0062679395168465,-0.0123775961858392
East of England,2019-04-01,284922.0,262943.81598513015,248996.05343937012,269808.41238747456,0.05450333522519202,-0.08434379230826791,0.19335046275865195,2.55,0.0,0.0387105855855856,0.0053445358500681,-0.0014734476844893
East of England,2019-05-01,285640.0,262873.5125115848,249606.9513609096,271224.47182116966,0.0517854893568348,-0.08706163817662513,0.19063261689029473,2.55,0.0,-0.0024869435463814,0.003547053143025,-0.0002674064552614
East of England,2019-06-01,285274.0,262536.6839666358,249992.42275781042,271643.32744781213,0.04896021227793668,-0.08988691525552325,0.1878073398113966,2.55,0.0,-0.1023335474202525,0.0045547775757341,-0.001282154755847
East of England,2019-07-01,288264.0,265288.3707136237,250747.5797256642,272463.8857240601,0.05637065105279504,-0.08247647648066489,0.19521777858625497,2.55,0.0,0.0114207400639561,0.0045547775757341,0.0104266049952368
East of England,2019-08-01,287428.0,263298.89667896676,251044.3244432683,274050.4005000029,0.04766036118755146,-0.09118676634590847,0.1865074887210114,2.55,0.0,-0.0541991692837605,0.0045547775757341,-0.0075275495709874
East of England,2019-09-01,288709.0,264228.6055299539,251931.8596706844,275272.97859284247,0.04765600566784656,-0.09119112186561337,0.1865031332013065,2.55,0.0,0.0246444335458557,0.0065369582041334,0.0035247823465489
East of England,2019-10-01,287808.0,263890.4376731302,252661.55161409877,275561.3901289718,0.0434831556944566,-0.09536397183900333,0.18233028322791653,2.55,0.0,-0.0232230059685295,0.0065535084321302,-0.0012806502904751
East of England,2019-11-01,285806.0,261571.7585253456,252848.34483186534,276274.3747659354,0.033918775590931816,-0.10492835194252811,0.17276590312439175,2.55,0.0,-0.0508195031440057,0.0093583108074257,-0.0088253511445195
East of England,2019-12-01,287478.0,263101.9852534562,241431.68923607582,263799.98270004254,0.08595516086695021,-0.05289196666650972,0.22480228840041014,2.55,0.0,0.0376728659990461,0.010330444673902,0.0058330765930456
East of England,2020-01-01,285803.0,262294.2504621072,242479.59543539106,264212.40912496793,0.07854940262747867,-0.06029772490598126,0.2173965301609386,2.55,0.0,0.065236952609478,0.0276262167452472,-0.0030747667105845
East of England,2020-02-01,285943.0,261456.1685082873,242697.67844378998,265427.672497438,0.07445010666058138,-0.06439702087287855,0.2132972341940413,2.55,0.0,0.0116909039064727,0.0227781619732923,-0.0032003131215443
East of England,2020-03-01,285012.0,260604.8950276243,242718.81060496575,265450.7838036181,0.0711018328846631,-0.06774529464879683,0.20994896041812303,2.55,0.0,-0.0745434215430488,0.0238041136749853,-0.003261205612123
East of England,2020-04-01,287501.0,263123.0350230415,244577.28209330962,267237.0101422366,0.0730903954101354,-0.06575673212332453,0.21193752294359533,2.55,0.0,-0.5603740344220084,0.025721349842916,0.009616288366141
East of England,2020-05-01,287030.0,262691.97235023044,244902.05231840812,267591.869854454,0.07012379383077949,-0.06872333370268044,0.20897092136423942,2.55,0.0,-0.4977561705310396,0.0324237247599308,-0.0016395985787198
East of England,2020-06-01,288667.0,263946.89779005526,244890.34357970703,267825.6929784107,0.07493740505290347,-0.06390972248055646,0.2137845325863634,2.55,0.0,-0.2907226329596947,0.035302229568741,0.0047658001952424
East of England,2020-07-01,289067.0,263101.3116406966,244062.89121964676,268149.6619543148,0.07511323038390394,-0.06373389714955599,0.21396035791736387,1.9,0.0,-0.2028003613369466,0.0343489125986042,-0.0032087648141203
East of England,2020-08-01,292992.0,267901.5248618785,245348.38114256156,268326.62831905525,0.08794030408263964,-0.05090682345082029,0.22678743161609957,1.9,0.0,-0.2152956298200514,0.0296085417800955,0.018080295076098
East of England,2020-09-01,296829.0,270166.08340971585,245237.21093996664,269439.8762693893,0.09681094357500974,-0.042036183958450185,0.23565807110846967,1.9,0.0,-0.0136412588249371,0.039142003018431,0.0084174251856641
East of England,2020-10-01,295661.0,269103.0,246040.95697374782,270322.94467105623,0.08959619210538428,-0.049250935428075654,0.2284433196388442,1.9,0.0,0.1153205199422287,0.0353338904832285,-0.0039426876842671
East of England,2020-11-01,296868.0,270697.8181818182,246517.59288866335,270350.10942170635,0.09356977499470354,-0.045277352538756394,0.23241690252816347,1.9,0.0,0.0907906168549088,0.0334254409155174,0.0059089307330264
East of England,2020-12-01,300749.0,273483.2939560439,241313.96583748184,265372.457899829,0.1251416891261936,-0.013705438407266318,0.26398881665965357,1.9,0.0,0.2922794117647058,0.0372353301351717,0.0102374008930379
East of England,2021-01-01,298036.0,271513.5302752293,242677.5625742588,266383.22578644723,0.11227831416146472,-0.02656881337199521,0.2511254416949247,1.9,0.0,0.1796424046177671,0.0153930638279895,-0.0072285641686669
East of England,2021-02-01,299321.0,272434.2373968836,245726.29242008785,269977.2256095829,0.10317897026602019,-0.03566815726743974,0.24202609779948012,1.9,0.0,0.5025366403607667,0.0144434804951409,0.0033852809245988
East of England,2021-03-01,301495.0,273660.45246800734,246599.76351682356,271681.9146902366,0.10412148159002577,-0.034725645943434164,0.2429686091234857,1.9,0.0,1.0385286615653109,0.0172604671741387,0.0044908590203149
East of England,2021-04-01,298764.0,269457.44959128066,247096.10117456233,273970.60160442407,0.08663315685521233,-0.052213970678247595,0.22548028438867226,1.9,0.0,2.0499383477188657,0.0144709046498952,-0.0154776219501329
East of England,2021-05-01,299192.0,268138.678700361,247688.90344628668,276373.92247581633,0.07933076738081013,-0.0595163601526498,0.21817789491427006,1.9,0.0,1.160337552742616,0.0070928480473795,-0.0049061868820299
East of England,2021-06-01,312775.0,279052.628032345,248658.85045326236,278708.2583630222,0.11531851642503455,-0.023528611108425385,0.2541656439584945,1.9,0.0,2.216207128446537,0.0007303481048419,0.039896090460207
East of England,2021-07-01,299492.0,267201.7574123989,249854.50756548397,280048.4057607087,0.067125240069009,-0.07172188746445093,0.20597236760246893,1.9,0.0,-0.0728045325779036,-0.0028471071994743,-0.0433963761900191
East of England,2021-08-01,309904.0,274517.9946476361,250546.62883385477,282842.66961002134,0.09137176682112447,-0.04747536071233546,0.2302188943545844,1.9,0.0,0.1814086814086815,0.0017438361375445,0.0270127942898241
East of England,2021-09-01,316815.0,279890.8318505338,251894.69399120967,285125.5146486603,0.10538852170818203,-0.033458605825277904,0.24423564924164196,1.9,0.0,0.7786000242630111,-0.0099632741418507,0.019382827822854
East of England,2021-10-01,312253.0,272946.5044014085,252352.85720802716,288693.70170022035,0.07844748628605203,-0.060399641247407904,0.21729461381951196,1.9,0.0,-0.3247335391971312,-0.0080597067428049,-0.0251238194859926
East of England,2021-11-01,319183.0,276811.1082969432,253087.28632151816,291827.73699711816,0.08960091961856165,-0.04924620791489828,0.22844804715202158,1.9,0.0,-0.1624850657108721,-0.0185379492772118,0.0140595326590986
East of England,2021-12-01,319855.0,275947.8844483058,256846.69591706933,297714.5488424439,0.07173263045627642,-0.0671144970771835,0.21057975798973635,1.9,0.0,-0.1698968705547653,-0.0280375531463349,-0.0031233306439499
East of England,2022-01-01,322537.0,278746.07571801567,259551.64837347262,300327.1339185499,0.07134553139061595,-0.06750159614284398,0.21019265892407588,1.9,0.0,-0.1590881966821816,-0.0598552088359092,0.0100892211086769
East of England,2022-02-01,326141.0,279670.1321243523,260138.49255254876,303363.92182865203,0.07239665624432234,-0.06645047128913759,0.21124378377778227,1.9,0.0,-0.2422622397298818,-0.0599436254917027,0.0033095645749821
East of England,2022-03-01,325283.0,275837.76174210076,259241.65965046236,305711.9672212401,0.06205219758484937,-0.07679492994861056,0.2008993251183093,1.9,0.0,-0.3804412248929865,-0.0663940289551374,-0.0137979360001896
East of England,2022-04-01,328825.0,272102.6875,256690.45181133912,310199.9417659687,0.058308631343019,-0.08053849619044093,0.19715575887647893,1.55,0.0,-0.1518091772791591,-0.0742198676774522,-0.0136333504844525
East of England,2022-05-01,332450.0,273280.5049668874,257188.29297787,312873.5729277613,0.06069028426470169,-0.07815684326875824,0.19953741179816162,1.55,0.0,-0.03125,-0.0908124032757285,0.0043192357749521
East of England,2022-06-01,335070.0,273172.83251231525,257113.50142608673,315371.8476706683,0.060587053804882274,-0.07826007372857766,0.1994341813383422,1.8,0.0,-0.5382645060115003,-0.0910913102743808,-0.0003940774027011
East of England,2022-07-01,340723.0,276194.23591836734,257405.89005756885,317545.03053426166,0.07045019372955963,-0.0683969338039003,0.20929732126301956,2.05,0.0,0.4222425908952032,-0.0944857159374915,0.0109996905301414
East of England,2022-08-01,344145.0,277608.43623070675,257662.6055795361,319418.5976519727,0.07456061926670365,-0.06428650826675628,0.21340774680016358,2.05,0.0,0.1072212593876371,-0.0996600832749916,0.0051072465246377
East of England,2022-09-01,344762.0,276533.65589660744,256718.06501019906,320057.366044941,0.07435407528192961,-0.06449305225153032,0.21320120281538954,2.3,0.0,-0.3390628197258031,-0.097608513998802,-0.0038790833509274
East of England,2022-10-01,344144.0,270788.4247226624,254052.36779688566,322874.2076129605,0.06379737718148526,-0.07504975035197467,0.2026445047149452,2.55,0.0,0.3732113881103407,-0.1003095801718679,-0.0209947393219351
East of England,2022-11-01,345454.0,270746.5051302289,255014.47957835736,325381.01271478226,0.059862651484948515,-0.07898447604851142,0.19870977901840844,2.55,0.0,0.1378982406086544,-0.1079968132597174,-0.0001548176865657
East of England,2022-12-01,342442.0,267330.9009433962,237405.57612029172,304108.6533988027,0.1187172502507785,-0.020129877282681424,0.25756437778423846,3.05,0.0,-0.009853271928885,-0.1044779138867451,-0.0126957572499897
East of England,2023-01-01,340655.0,267618.99920886074,238865.5252642502,304054.40476738394,0.11366358648892039,-0.025183541044539542,0.25251071402238034,3.55,0.0,-0.077348850411581,-0.039776395501001,0.0010771038306049
East of England,2023-02-01,340888.0,264661.28537920245,238904.86538392003,307713.31603830185,0.10238542015140162,-0.03646170738205831,0.24123254768486155,3.55,0.0,-0.1979205347196435,-0.0353780942849553,-0.0111134842202123
East of England,2023-03-01,335589.0,258525.89371605896,239086.46527435764,310354.93830679456,0.07817059215049937,-0.060676535382960556,0.2170177196839593,4.3,0.0,-0.1438137755102041,-0.0392239239492482,-0.0234549820056866
East of England,2023-04-01,331572.0,252493.09509202457,238638.4756672545,313378.2198087612,0.05643414956795034,-0.08241297796550959,0.19528127710141027,4.8,0.0,-0.3309103908484271,-0.0359753406424927,-0.0236119558749408
East of England,2023-05-01,330394.0,249871.4714394516,239575.58368489533,316780.2027978526,0.04207771485641487,-0.09676941267704506,0.1809248423898748,4.8,0.0,-0.2743121442125237,-0.0234649851640933,-0.010437230753288
East of England,2023-06-01,332033.0,250729.10190114068,240686.25462716175,318733.5597529886,0.04087884367027783,-0.0979682838631821,0.17972597120373776,5.3,0.0,-0.1056266274199025,-0.0236930664572257,0.0034264095825307
East of England,2023-07-01,336474.0,255247.27425515655,242860.9035676066,320145.9443806617,0.04974391211415252,-0.08910321541930741,0.18859103964761245,5.55,0.0,-0.2306122448979591,-0.0171082249154276,0.0178596972610876
East of England,2023-08-01,335770.0,253937.25057121096,244758.93869404093,323633.9239730874,0.03681338902639908,-0.10203373850706085,0.175660516559859,5.55,0.0,-0.1681101951372221,-0.0069282959645547,-0.0051455867589691
East of England,2023-09-01,334941.0,251966.97954545455,245805.53913014533,326750.5656110693,0.024757313387535618,-0.11408981414592431,0.16360444092099555,5.8,0.0,-0.1963880288957687,-0.0051044410669245,-0.007789146126667
East of England,2023-10-01,331860.0,249649.2272727273,248463.05742878243,330283.21833433316,0.004762669472464509,-0.13408445806099542,0.14360979700592444,6.3,0.0,-0.1816521645719196,-0.0047529960414295,-0.0092412036765967
East of England,2023-11-01,329462.0,248409.8451025057,250995.78889945045,332891.695851537,-0.01035617835604441,-0.14920330588950434,0.12849094917741552,6.3,0.0,-0.2274341830338487,0.0145409684941164,-0.0049768583574252
East of England,2023-12-01,326075.0,244926.2291981846,233836.02477421088,311310.3975342465,0.04633693899956448,-0.09251018853389545,0.1851840665330244,6.55,0.0,-0.222714981070849,0.0208807279115479,-0.0141229234520849
East of England,2024-01-01,328802.0,248289.2669201521,236664.10080509717,313407.142556599,0.04795262568201686,-0.09089450185144307,0.1867997532154768,6.55,0.0,-0.1255191508998615,0.0285560021179567,0.0136374054320054
East of England,2024-02-01,324976.0,243916.2267573696,239495.24887747187,319085.81496968307,0.018291254397498236,-0.1205558731359617,0.15713838193095817,6.55,0.0,-0.0390432098765431,0.0275278642580303,-0.0177696319425475
East of England,2024-03-01,322950.0,241119.8120300752,240554.54412840106,322192.8939484123,0.0023470967633851814,-0.13650003077007475,0.1411942242968451,6.55,0.0,-0.0892613283674735,0.0334345740272024,-0.0115308780714915
East of England,2024-04-01,325736.0,242289.02471910111,242273.234297274,325714.7711851569,6.517396490934857e-05,-0.13878195356855058,0.13891230149836928,6.55,0.0,0.1554764024933215,0.0360329383938153,0.0048373752406849
East of England,2024-05-01,326196.0,241906.3689320388,244107.0752926539,329163.5184459855,-0.00905621615066643,-0.14790334368412636,0.1297909113827935,6.55,0.0,0.2681810753391076,0.0441637513126986,-0.0015805844985052
East of England,2024-06-01,325834.0,241277.52572706935,246506.53345169497,332895.53006920737,-0.021440668017907782,-0.1602877955513677,0.11740645951555215,6.55,0.0,-0.0363291139240505,0.0482296400042268,-0.0026029160614164
East of England,2024-07-01,330577.0,245338.53587443943,250142.20128877493,337049.6126126696,-0.019390525463146346,-0.15823765299660628,0.11945660207031358,6.55,0.0,0.1451905626134302,0.0482605975323022,0.0166912058572474
East of England,2024-08-01,332456.0,245814.45122859263,253396.10286351517,342709.9356955699,-0.03037690034821061,-0.16922402788167054,0.10847022718524932,6.55,0.0,0.1016056196688408,0.0458172954524258,0.001937952188415
East of England,2024-09-01,333803.0,246994.3211624441,257462.3032631602,347950.0614090242,-0.041507969173951054,-0.18035509670741098,0.09733915835950888,6.55,0.0,0.0259406703480158,0.0451075859759193,0.0047883570842284
East of England,2024-10-01,333824.0,245546.0977777778,259766.33556130686,353156.6495546468,-0.05629781695782121,-0.19514494449128114,0.08254931057563872,6.55,0.0,0.2412706747177737,0.0514622910608866,-0.0058806445217864
East of England,2024-11-01,332235.0,244196.41376757956,263791.89303727483,358895.11328636284,-0.07718763240510995,-0.21603475993856988,0.06165949512834998,6.3,0.0,0.2058147396889791,0.0452314034101555,-0.0055118246643992
East of England,2024-12-01,332966.0,243831.296460177,249037.05202778682,340074.7659110563,-0.021125110508636524,-0.15997223804209645,0.1177220170248234,6.3,0.0,0.1692179237406068,0.042083963446317,-0.001496297721923
East of England,2025-01-01,332546.0,243883.44017725257,251550.3195176269,343000.1335617994,-0.030952640167202006,-0.16979976770066194,0.10789448736625792,6.3,0.0,0.2318381706244503,0.0332009220562918,0.0002138287542159
East of England,2025-02-01,332257.0,242596.4713235294,253840.0332210291,347656.0374426985,-0.04530482698979732,-0.18415195452325725,0.09354230054366261,6.3,0.0,0.2725228842139071,0.0292481805215771,-0.005290955805588
East of England,2025-03-01,337012.0,245166.97142857144,,,,,,6.05,0.0,1.0438931297709924,0.0309413409706347,0.0105400432940907
East of England,2025-04-01,325428.0,233827.78871201156,,,,,,6.05,0.0,-0.3213625154130702,0.0325997345070916,-0.0473545957115391
East of England,2025-05-01,332777.0,238762.688583815,,,,,,6.05,0.0,-0.1416237113402062,0.0237319136474924,0.0208852251078628
East of England,2025-06-01,336989.0,240914.38228941688,,,,,,5.8,0.0,0.0572704584263759,0.0253154612050279,0.0089714863114664
East of England,2025-07-01,338161.0,241578.32589928055,,,,,,5.8,0.0,0.0415701572595392,0.0231505724486829,0.0027521411937208
East of England,2025-08-01,340408.0,242659.8305814788,,,,,,5.8,0.0,-0.0019357777271692,0.0201272121554154,0.0044668370964267
East of England,2025-09-01,339271.0,241849.32017229,,,,,,5.55,0.0,0.0836149705845537,0.0217341650787383,-0.0033457001337513
East of England,2025-10-01,341074.0,242265.00858369097,280751.4529012351,395257.33248330984,-0.1474375648867614,-0.28628469242022136,-0.008590437353301478,5.55,0.0,0.0487521150592216,0.0209733801456937,0.0017173154722804
East of England,2025-11-01,340014.0,242031.47096774197,280044.76273572707,393416.3585260214,-0.1458816942824317,-0.28472882181589165,-0.007034566748971766,5.55,0.0,0.0487521150592216,0.0233863418002853,-0.0031126693050998
East of England,2025-12-01,337142.0,238959.31905781585,281458.4057807925,397102.9471287918,-0.16369135315022376,-0.3025384806836837,-0.024844225616763832,5.55,0.0,0.0487521150592216,0.0263468668448245,-0.0115952559499383
East of England,2026-01-01,336455.0,239498.0752688172,280775.4576020659,394442.8633986726,-0.1590098862670608,-0.29785701380052076,-0.020162758733600877,5.55,0.0,0.0487521150592216,-0.0321199143468949,-0.0136350519650748
London,2005-01-01,248820.0,320880.8571428571,368855.4269677071,286020.82453689276,-0.1393348777488228,-0.27818200528228276,-0.00048775021536287544,,,,,
London,2005-02-01,247642.0,318534.33419689117,367920.2971231234,286036.7264643014,-0.14413606192817596,-0.2829831894616359,-0.005288934394716033,,,,,-0.0073396238052705
London,2005-03-01,247580.0,317221.85806451616,367267.9230611038,286639.1141715563,-0.14649022050155835,-0.2853373480350183,-0.007643092968098425,,,,,-0.0041288720830277
London,2005-04-01,251973.0,321605.64138817484,367453.1053795279,287893.77239201684,-0.13326962732045367,-0.2721167548539136,0.0055775002130062645,5.95,0.0,,,0.0137246819853658
London,2005-05-01,252313.0,320802.57234314986,366233.6765746259,288044.81511055666,-0.1324456957722866,-0.27129282330574656,0.006401431761173332,5.95,0.0,,,-0.0025001842946164
London,2005-06-01,252542.0,321093.733674776,366369.0438441236,288151.282217785,-0.13190805618356904,-0.270755183717029,0.006939071349890885,5.95,0.0,,,0.000907191235921
London,2005-07-01,254654.0,323364.98976982094,367287.51016528805,289243.537713248,-0.12736326325544844,-0.2662103907889084,0.011483864278011485,5.95,0.0,,,0.0070485988192299
London,2005-08-01,254761.0,322675.60331632645,368796.41590310674,291174.61235451733,-0.13359727891493378,-0.27244440644839374,0.005249848618526148,5.95,0.0,,,-0.0021341900881726
London,2005-09-01,253631.0,320426.9503816794,370974.56362502236,293641.49749170954,-0.14647917214335315,-0.2853262996768131,-0.007632044609893224,5.95,0.0,,,-0.0069931679972157
London,2005-10-01,250828.0,316483.1054637865,371242.6475539984,294227.55652064126,-0.1595860244542724,-0.29843315198773235,-0.02073889692081246,5.95,0.0,,,-0.0123844655578331
London,2005-11-01,253251.0,319540.33418043196,372143.34207342914,294941.4000118719,-0.15239560079160697,-0.2912427283250669,-0.013548473258147037,5.95,0.0,,,0.0096136465179217
London,2005-12-01,255195.0,321176.9771863118,356096.8985814511,282941.04026260314,-0.10321057884090123,-0.24205770637436116,0.035636548692558695,5.7,0.0,,,0.0051087945854177
London,2006-01-01,256767.0,324802.07770700636,360119.22506900225,284686.39645434724,-0.10321915222090716,-0.2420662797543671,0.03562797531255277,5.7,0.0,,,0.0112237031467312
London,2006-02-01,255985.0,322580.08248730964,360480.9211738327,286061.3956545621,-0.1110876088894841,-0.24993473642294403,0.027759518643975828,5.7,0.0,,0.0195132650235392,-0.006864581948065
London,2006-03-01,258410.0,325223.23193916347,360942.26723074587,286790.98574527545,-0.10420620692567795,-0.24305333445913788,0.03464092060778198,5.7,0.0,,0.0182698741999556,0.0081603908491594
London,2006-04-01,262793.0,328656.73677581863,361276.4906299023,288875.6632025604,-0.09462971437301704,-0.23347684190647697,0.04421741316044289,5.7,0.0,0.1462179198559208,0.0209312834077255,0.0105020387791405
London,2006-05-01,265059.0,329416.25406758446,361223.8740002817,290652.4424231874,-0.09217575471124739,-0.23102288224470732,0.04667137282221254,5.7,0.0,0.2431066681313851,0.0184293505640125,0.0023083081651353
London,2006-06-01,269156.0,333672.7940074907,361930.25451181934,291949.78234034975,-0.08129067203134532,-0.22013779956480525,0.057556455502114606,5.7,0.0,0.3021215043394407,0.0159587310224735,0.0128386931437045
London,2006-07-01,271795.0,337365.54375,364277.993263523,293476.73173294903,-0.0767502518639045,-0.21559737939736442,0.062096875669555435,5.7,0.0,0.1665584114317528,0.0134220051023177,0.0110061879084444
London,2006-08-01,274815.0,339417.0335820895,363856.6472696874,294602.9651609553,-0.06953042500714268,-0.2083775525406026,0.06931670252631725,5.7,0.0,0.2348654708520179,0.0159880000000001,0.0060624968317632
London,2006-09-01,275712.0,340101.88322981365,363067.17829831695,294329.38421968295,-0.06534265204485656,-0.2041897795783165,0.07350447548860337,5.7,0.0,0.1780707455203787,0.0135188405797104,0.0020156904029011
London,2006-10-01,277396.0,341754.6253101737,363020.35524932644,294657.00536853686,-0.06036589805507475,-0.19921302558853468,0.07848122947838518,5.7,0.0,0.2417287630402385,0.0148421064002159,0.0048477804242175
London,2006-11-01,277074.0,340512.9727722772,363998.4641644618,296184.0473765208,-0.06669642425125843,-0.20554355178471836,0.0721507032822015,5.7,0.0,0.2313411219465095,0.0148725428848852,-0.0036397856564622
London,2006-12-01,283155.0,345846.1439114391,355750.02113667753,291263.61247141875,-0.028234290998204514,-0.16708141853166444,0.11061283653525542,5.95,0.0,0.1617021276595744,0.0123604821351701,0.0155407813379895
London,2007-01-01,286542.0,353022.58808933006,359196.80321092205,291553.49787311495,-0.01733839283385663,-0.15618552036731656,0.1215087346996033,5.95,0.0,0.1619433198380566,-0.0141586426907706,0.0205380384215398
London,2007-02-01,289884.0,355376.31111111114,358566.0449138948,292485.8976639021,-0.008935609435578584,-0.14778273696903851,0.12991151809788135,5.95,0.0,0.1029126213592233,-0.0106380796725182,0.0066452155301597
London,2007-03-01,292774.0,357155.5061425061,359199.83373018977,294449.8133498233,-0.005707595165887369,-0.1445547226993473,0.13313953236757256,6.2,0.0,0.0524578463734499,-0.0117614881909997,0.0049940190349531
London,2007-04-01,298476.0,363218.95588235295,361619.59620057815,297161.72255757474,0.004413016589055019,-0.1344341109444049,0.14326014412251495,6.2,0.0,0.0387901404301287,-0.0153697500093323,0.0168345582984361
London,2007-05-01,302673.0,367425.7811735941,362443.8557635529,298569.05741650175,0.013651760619598718,-0.1251953669138612,0.15249888815305865,6.45,0.0,0.0388829975256275,-0.0115586174902326,0.0115155055955558
London,2007-06-01,306133.0,370719.5963414634,363554.27830973204,300216.0203564756,0.01951736465977838,-0.11932976287368155,0.1583644921932383,6.45,0.0,-0.0048878027105088,-0.0077661213159697,0.0089246295664846
London,2007-07-01,316556.0,385693.3840490798,367254.0442941996,301422.000100476,0.048988884599479476,-0.08985824293398045,0.1878360121329394,6.45,0.0,0.0233853006681514,-0.0077085724173618,0.0395967401331187
London,2007-08-01,318654.0,386825.6992665037,368130.2520156747,303253.31938451354,0.049537380842034295,-0.08930974669142563,0.18838450837549423,6.45,0.0,0.034876683310637,-0.0028673108090185,0.0029314901153156
London,2007-09-01,319468.0,387340.3223443223,370540.45162628917,305611.9132748549,0.044341072545293514,-0.09450605498816642,0.18318820007875344,6.7,0.0,-0.1390180471274332,-0.001556898045106,0.0013294904174401
London,2007-10-01,319623.0,385644.7618469016,371756.79385314794,308112.62974938645,0.03667677912588907,-0.10217034840757086,0.175523906659349,6.7,0.0,-0.09521523443751,-0.0015356699313597,-0.0043870528721079
London,2007-11-01,318648.0,383536.31999999995,373423.18215475895,310245.84620108374,0.026722009820744574,-0.11212511771271536,0.1655691373542045,6.95,0.0,-0.1157374735356386,-0.0051541734467439,-0.0054823166548629
London,2007-12-01,319019.0,381669.7192771085,360393.91573068243,301235.599251225,0.057357981792863555,-0.08148914574059637,0.19620510932632348,6.95,0.0,-0.3186813186813186,-0.0051033053241742,-0.004878697577995
London,2008-01-01,319663.0,385224.9502427185,360363.0979397457,299032.41963982926,0.06671532146602566,-0.07213180606743427,0.2055624489994856,6.95,0.0,-0.3111293297806927,0.0159494972146863,0.0092718246094953
London,2008-02-01,316563.0,378731.3963855422,359772.97105643246,300716.5820511973,0.051354040601907514,-0.08749308693155242,0.19020116813536744,6.95,0.0,-0.2562137531068765,0.0145360803309702,-0.0170002128404878
London,2008-03-01,314319.0,374243.12589928054,361542.7375844026,303652.20860563125,0.03452539793267029,-0.10432172960078964,0.17337252546613022,6.95,0.0,-0.4227345935407307,0.0122006060810528,-0.011921581702758
London,2008-04-01,315113.0,372508.58214285714,361527.80574651633,305824.1257070229,0.029921120528717537,-0.10892600700474239,0.16876824806217747,8.5,15.0,-0.3086594819436566,0.0123204747024319,-0.0046455785965591
London,2008-05-01,315988.0,370893.7163120568,362980.4740277329,309246.2044586727,0.021566500360385987,-0.11728062717307394,0.16041362789384592,8.5,15.0,-0.3665362368152433,0.0075591218203636,-0.0043445342426355
London,2008-06-01,310568.0,361964.8169014084,363993.97729553946,312309.0318789523,-0.005590305386137473,-0.1444374329195974,0.13325682214732246,8.25,14.25,-0.4853762000446529,0.0028653058586083,-0.0243685263989181
London,2008-07-01,310740.0,362590.8578143361,365889.8838906829,313567.26202514715,-0.009057339310492907,-0.14790446684395284,0.12978978822296702,8.25,14.25,-0.5150007772423442,-0.0017624000191784,0.0017280689133105
London,2008-08-01,301598.0,349459.5262543757,365677.91362697195,315595.1379439224,-0.04536517828660713,-0.18421230582006706,0.0934819492468528,8.0,13.5,-0.577381387528328,-0.0066833500405791,-0.036887334876182
London,2008-09-01,295994.0,341372.87108013936,366521.21029967605,317799.3575710182,-0.07108104876392751,-0.20992817629738744,0.06776607876953242,8.0,13.5,-0.5324485125858124,-0.0100069442749328,-0.0234124067936853
London,2008-10-01,285837.0,330426.24097788124,370490.4350635889,320494.7469482607,-0.1144441677713246,-0.25329129530478456,0.02440295976213533,8.0,13.5,-0.4719667492041033,-0.0134015772705904,-0.0325918831268232
London,2008-11-01,276896.0,320463.55244755244,376078.93101161526,324950.37543601805,-0.1600304952808589,-0.29887762281431884,-0.021183367747398957,8.0,13.5,-0.5940409683426443,-0.006274720809574,-0.030614911357425
London,2008-12-01,271793.0,315661.3438596491,367043.29565271316,316034.25758617296,-0.15080987063944384,-0.2896569981729038,-0.011962743105983914,8.0,13.5,-0.4485407066052227,-0.0026988330397982,-0.0150986067187801
London,2009-01-01,270949.0,316905.0141342756,374834.1544298935,320477.5398902111,-0.16788158427197963,-0.3067287118054396,-0.029034456738519704,8.0,13.5,-0.483040761678072,0.0117378844986517,0.0039321467585349
London,2009-02-01,267474.0,310282.33878504677,376553.1285172961,324601.68983968324,-0.19357649563042045,-0.3324236231638804,-0.05472936809696052,7.5,12.0,-0.4906711222500696,0.011522520310202,-0.0211194357673463
London,2009-03-01,264709.0,306359.01748251746,377483.03486709826,326163.58903924504,-0.2087679529619777,-0.34761508049543766,-0.06992082542851777,6.0,7.5,-0.27856093979442,0.0105559477176955,-0.012724979286121
London,2009-04-01,262661.0,303281.82906976744,379810.60749475495,328939.7003479248,-0.22501022499699808,-0.36385735253045803,-0.08616309746353815,5.0,4.5,-0.3321482291809107,0.0130591362645742,-0.0100951718172108
London,2009-05-01,267629.0,307587.49652777775,378834.6924161001,329620.51787261886,-0.2083403538400006,-0.34718748137346056,-0.06949322630654067,4.5,3.0,-0.265207466093729,0.0179744307185931,0.0140970861754361
London,2009-06-01,271488.0,310943.0034602076,377581.45925768616,329670.82092287403,-0.19417670475688809,-0.33302383229034804,-0.055329577223428156,4.0,1.5,-0.0786695589298626,0.020499168890018,0.0108500384407417
London,2009-07-01,278122.0,318541.1141868512,375977.6096942719,328270.4809717359,-0.16577803932124624,-0.3046251668547062,-0.02693091178778631,3.5,0.0,0.182051282051282,0.0241805691164491,0.0241419268433134
London,2009-08-01,280566.0,320232.22758620686,374425.67544292216,328046.66428533965,-0.15634687602438646,-0.2951940035578464,-0.01749974849092653,3.5,0.0,0.1776509254454246,0.0229784792465939,0.005294890189516
London,2009-09-01,286374.0,326486.08725602756,373632.4871572058,327727.99225974444,-0.1348853235977323,-0.27373245113119227,0.00396180393572762,3.5,0.0,0.336335160532498,0.0266386356434285,0.0193408922356876
London,2009-10-01,287743.0,327670.6410550458,371695.7379836227,326403.5080782669,-0.12606665018736862,-0.2649137777208286,0.012780477346091307,3.5,0.0,0.2781778596549991,0.030246223511412,0.0036216247345173
London,2009-11-01,285663.0,324186.696,369652.35643137334,325725.8931293572,-0.13124341468413903,-0.270090542217599,0.007603712849320904,3.5,0.0,0.5541721275666229,0.0266743541790266,-0.0106893887075525
London,2009-12-01,289176.0,326308.82727272727,355809.1845157515,315319.3175970406,-0.08655033274019175,-0.22539746027365168,0.05229679479326818,3.5,0.0,0.7890966971746916,0.0219632284879394,0.0065246837997303
London,2010-01-01,299459.0,338681.9897494305,355645.9566329292,314458.3584327411,-0.04887414839498838,-0.1877212759284483,0.08997297913847155,3.5,0.0,0.2405755395683453,-0.0021450755382427,0.0372173279078946
London,2010-02-01,298420.0,335976.25850340136,354166.85731343896,314577.20861072827,-0.052727652176429274,-0.1915747797098892,0.08611947535703066,3.5,0.0,0.3920174958993985,-0.006890499188922,-0.0080210855192426
London,2010-03-01,300260.0,336142.25479143177,352475.94182051485,314850.11117300775,-0.04744792204885506,-0.186295049582315,0.09139920548460487,3.5,0.0,0.2580907795644209,-0.0032433497784775,0.0004939494690958
London,2010-04-01,301876.0,336057.02690582955,350743.7287073947,315068.88822456804,-0.042774970661509926,-0.18162209819496986,0.09607215687195,3.5,0.0,0.2454954954954955,-0.006546302780771,-0.0002535792238393
London,2010-05-01,301641.0,335044.1979865772,351079.2419929784,316077.3840299322,-0.04674950123872357,-0.1855966287721835,0.09209762629473636,3.5,0.0,0.1056286549707601,-0.0098122271619625,-0.0030184110851187
London,2010-06-01,304616.0,337970.60111731844,350739.2492792065,316124.49960210454,-0.037084155090415294,-0.17593128262387522,0.10176297244304464,3.5,0.0,0.1359284256788573,-0.0074321909981248,0.0086964553464916
London,2010-07-01,313428.0,348526.320268757,352160.7753116956,316696.4474857444,-0.010374067572232804,-0.14922119510569273,0.12847305996122713,3.5,0.0,0.0383676789587852,-0.0050986400505181,0.0307548390355307
London,2010-08-01,311152.0,344068.97104677063,352099.0200932067,318413.8167610268,-0.023070308616153667,-0.1619174361496136,0.11577681891730626,3.5,0.0,0.0329024676850764,-0.0028704175198362,-0.0128716172873168
London,2010-09-01,310560.0,343414.3429844098,353646.5394067165,319813.28538492584,-0.029360222908414002,-0.16820735044187393,0.10948690462504593,3.5,0.0,-0.0266627600351596,-0.0049912994856388,-0.0019044193418267
London,2010-10-01,306318.0,337970.86,354873.2442715315,321637.38151498325,-0.04880098857612758,-0.1876481161095875,0.09004613895733235,3.5,0.0,-0.1171383647798741,-0.0038476113241281,-0.0159780364149622
London,2010-11-01,302206.0,332326.19933554815,356168.86470968026,323887.69872390863,-0.0692879427901616,-0.20813507032362152,0.06955918474329834,3.5,0.0,-0.0853127196064652,-0.0049201366667004,-0.016842664077922
London,2010-12-01,305486.0,332617.98026315786,353061.0547943632,324261.5125603819,-0.05964637671637263,-0.19849350424983256,0.0792007508170873,3.5,0.0,-0.2699065836298933,-0.0048139834916063,0.0008776103477234
London,2011-01-01,308301.0,335315.32639649505,356279.3784518934,327576.10526342265,-0.06064383208166646,-0.1994909596151264,0.07820329545179347,3.5,0.0,0.0431454418928323,-0.0267843198500703,0.0080767369124377
London,2011-02-01,305350.0,329578.85869565216,356281.7888452073,330089.8748616221,-0.07790630577690116,-0.2167534333103611,0.060940821756558766,3.5,0.0,-0.0606834249803613,-0.0300597046941475,-0.0172557082597197
London,2011-03-01,307347.0,331014.71908893704,357739.50738881493,332160.9524798463,-0.07764224562018995,-0.21648937315364988,0.061204881913269976,3.5,0.0,-0.0745834007442161,-0.0330544445877951,0.0043471892637736
London,2011-04-01,314735.0,335334.6083690987,357505.0776116499,335543.5370937137,-0.06402070086482858,-0.2028678283982885,0.07482642666863135,3.5,0.0,-0.0350156172940983,-0.0296822801676138,0.0129660213428763
London,2011-05-01,304810.0,324064.5931477516,359169.39850080386,337829.0213491952,-0.1028512818260019,-0.24169840935946182,0.035995845707458035,3.5,0.0,-0.0608264462809917,-0.0346824416398159,-0.0341860067882926
London,2011-06-01,306078.0,325761.4726688103,361256.3016848668,339428.126356476,-0.10342224875584449,-0.24226937628930442,0.03542487877761544,3.5,0.0,-0.0672930772419511,-0.0345897483145782,0.0052225771394205
London,2011-07-01,316716.0,337083.58842443733,363754.00147252716,341774.9077279636,-0.07614688257288371,-0.21499401010634364,0.06270024496057622,3.5,0.0,-0.0658049353701527,-0.0324739759748872,0.0341655018350621
London,2011-08-01,315709.0,334220.7217484009,365467.0768844083,345224.69095425477,-0.0893745799351855,-0.22822170746864542,0.049472547598274436,3.5,0.0,0.0483503981797497,-0.0346360453023175,-0.0085293181902361
London,2011-09-01,316197.0,332609.76800847455,367003.3620739364,348893.4277923424,-0.0984010740130099,-0.23724820154646983,0.040446053520450026,3.5,0.0,0.1034015653220952,-0.0344055475062162,-0.0048316833098329
London,2011-10-01,312887.0,328779.673015873,369339.9881023114,351486.69562606676,-0.11632975726124606,-0.255176884794706,0.02251737027221387,3.5,0.0,-0.0051944197091124,-0.0405428003822361,-0.0115820954208984
London,2011-11-01,311570.0,327049.6934460888,371786.42132489546,354189.2795300615,-0.12820742609406288,-0.26705455362752284,0.010639701439397048,3.5,0.0,0.0714505224339274,-0.0394234845273421,-0.0052757124667319
London,2011-12-01,312906.0,326725.19242902205,369291.14029437734,353671.5754480895,-0.12246590358671305,-0.261313031120173,0.016381223946746876,3.5,0.0,0.1238385376999238,-0.037240356083086,-0.0009926996301814
London,2012-01-01,315128.0,330784.4651162791,373973.76808124327,356273.0962788078,-0.12271865564668794,-0.2615657831801479,0.016128471886771995,3.5,0.0,0.1703357794084945,-0.0295546194232299,0.0123475730416071
London,2012-02-01,313010.0,326833.785488959,374823.5278165698,358969.9647065034,-0.13700358230649634,-0.2758507098399563,0.0018435452269635888,3.5,0.0,0.1381977838176875,-0.0233557065347538,-0.012015260076426
London,2012-03-01,310866.0,323574.358490566,375850.2216215174,361088.7325548113,-0.14976177351891096,-0.2886089010523709,-0.010914645985451027,3.5,0.0,0.3104895104895104,-0.0210419406462405,-0.0100227966528141
London,2012-04-01,320165.0,331170.671875,378448.993591293,365872.13881937694,-0.13344743697239636,-0.2722945645058563,0.005399690561063569,3.5,0.0,-0.087052810902896,-0.0219989477728991,0.0232049237296152
London,2012-05-01,325535.0,337076.38686131383,381163.106616954,368112.2046784078,-0.12291781296281457,-0.2617649404962745,0.015929314570645364,3.5,0.0,0.1432594156986977,-0.0175703638324998,0.017675704423306
London,2012-06-01,328471.0,341541.0502617801,384548.09439847094,369832.2559421347,-0.11860098655307993,-0.2574481140865399,0.020246140980379995,3.5,0.0,0.0754074074074073,-0.0144355160583635,0.0131583056198323
London,2012-07-01,330760.0,343561.3807531381,386942.03271952376,372524.25305122323,-0.11890910770850027,-0.25775623524196023,0.019938019824959657,3.5,0.0,-0.0043326345213137,-0.0113671252246966,0.0058979103164276
London,2012-08-01,331918.0,342970.42039542145,387925.75599567546,375424.6238789971,-0.12316976525380241,-0.26201689278726237,0.01567736227965752,3.5,0.0,0.0538524145415084,-0.0124012600309466,-0.0017215823147243
London,2012-09-01,330232.0,339813.8611398964,391108.68033476337,380080.43960024836,-0.14058747572374486,-0.2794346032572048,-0.0017403481902849294,3.5,0.0,-0.1242668121675077,-0.0122745901576609,-0.0092462050733104
London,2012-10-01,332172.0,340048.24329896906,392094.06161371403,383012.32604763604,-0.1424142645022588,-0.28126139203571876,-0.003567136968798873,3.5,0.0,0.0665373713262718,-0.0100769046671757,0.0006894991405701
London,2012-11-01,330308.0,337444.28395061725,393345.12238391436,385026.6454754932,-0.1532869884110788,-0.29213411594453875,-0.014439860877618865,3.5,0.0,0.1029685931449877,-0.0141363590868145,-0.0076870875064134
London,2012-12-01,335880.0,341730.368852459,388557.2458954904,381905.2084531708,-0.12841847908749848,-0.26726560662095844,0.010428648445961447,3.5,0.0,-0.0634318243426402,-0.0151237897372382,0.0126216188535828
London,2013-01-01,333332.0,340884.32131822867,396724.63174898643,387935.16357327875,-0.15169923116120465,-0.2905463586946646,-0.012852103627744721,3.5,0.0,0.0258407752232567,-0.0118188006516198,-0.0024788448875678
London,2013-02-01,335672.0,340820.3435582822,396889.31881854945,390894.01188775565,-0.15230196119587625,-0.2911490887293362,-0.013454833662416316,3.5,0.0,0.0308596620132255,-0.0119525669942939,-0.0001876993467426
London,2013-03-01,334322.0,338411.56574923545,397662.3852990714,392856.79756131826,-0.1613405622559103,-0.30018768978937027,-0.022493434722450384,3.5,0.0,-0.0963180362860192,-0.0138396211001851,-0.0070926818191416
London,2013-04-01,343563.0,347058.0457782299,399374.12146458344,395352.2269886058,-0.1404065804965864,-0.27925370803004634,-0.0015594529631264564,2.3,0.0,0.1528270199664116,-0.0137539995583014,0.0252292399631119
London,2013-05-01,345065.0,347867.55837563454,401739.62759918615,398503.0545671685,-0.14398235828085504,-0.282829485814315,-0.005135230747395109,2.3,0.0,0.2033559113300491,-0.0095704189502739,0.0023297830982986
London,2013-06-01,347414.0,350948.22177009156,403921.9469377449,399854.253615109,-0.14058296238661683,-0.2794300899200768,-0.001735834853156898,2.3,0.0,0.0724617715938835,-0.0126110461433655,0.0088168683043363
London,2013-07-01,356482.0,360108.469989827,405887.3471716816,401799.861298855,-0.11967035948525684,-0.2585174870187168,0.01917676804820309,2.3,0.0,0.1975014037057831,-0.0147289063515746,0.0257665953343213
London,2013-08-01,359430.0,361614.9848024316,407461.27867326414,404999.2769894378,-0.11936583857376348,-0.25821296610722344,0.019481288959696447,2.3,0.0,0.1693911700347534,-0.0136972088713148,0.0041747763375497
London,2013-09-01,364517.0,365252.6548940464,407293.4371035065,406473.1079250503,-0.10894458204062474,-0.24779170957408467,0.029902545492835192,2.3,0.0,0.2560747663551401,-0.012556801626164,0.0100092513765375
London,2013-10-01,364036.0,364770.68415741675,408032.7422004406,407210.9239885565,-0.11207852811510399,-0.25092565564856395,0.026768599418355937,2.3,0.0,0.2271646384109666,-0.0124489694375792,-0.0013204257477106
London,2013-11-01,368002.0,368372.9697580645,410186.2320807947,409773.1543042783,-0.10751535145982594,-0.24636247899328587,0.03133177607363399,2.3,0.0,0.2224678195293199,-0.0073321247196391,0.0098270361366363
London,2013-12-01,376865.0,375729.86445783137,405222.2027478314,406446.4390099094,-0.0755651258206047,-0.21441225335406464,0.06328200171285522,2.3,0.0,0.3173661360347322,-0.0062881233376722,0.0197745098962371
London,2014-01-01,380935.0,382089.34848484845,407664.3562129019,406432.74184367864,-0.06478970168157616,-0.2036368292150361,0.07405742585188377,2.3,0.0,0.4030375995554731,-0.0119337539937001,0.0167840382209263
London,2014-02-01,383125.0,382354.8994974874,406415.2991391266,407233.8596610584,-0.06102630749814608,-0.199873435031606,0.07782082003531385,2.3,0.0,0.3382038488952246,-0.0110379661651055,0.0006947557628205
London,2014-03-01,386898.0,385345.7512537612,407421.00691040704,409062.17914368166,-0.055706079335282155,-0.19455320686874208,0.08314104819817777,2.3,0.0,0.1703572483023323,-0.0089139617763156,0.0077917529049926
London,2014-04-01,401818.0,398606.66733266733,407783.1260918316,411068.3879334576,-0.022760344868386184,-0.16160747240184611,0.11608678266507375,2.3,0.0,0.3133700226610554,-0.0078680556188532,0.0338341480324864
London,2014-05-01,409706.0,406838.058,409979.00352805335,412869.0871380195,-0.007690733109123826,-0.14653786064258376,0.1311563944243361,2.3,0.0,0.1248560828962517,-0.0098180064352699,0.0204400798561845
London,2014-06-01,414499.0,410775.9550898203,410446.01566437766,414166.0701870155,0.0008035329178834871,-0.13804359461557644,0.13965066045134342,2.3,0.0,0.1939627488760436,-0.0068111974314134,0.0096327300568468
London,2014-07-01,426870.0,424306.21621621615,412840.3237095377,415334.82717606064,0.027394509820801716,-0.11145261771265821,0.16624163735426165,2.3,0.0,0.1186261868479663,-0.0108062120176698,0.032407458194763
London,2014-08-01,433311.0,429418.9850299401,413244.07183945173,416989.4863878456,0.03839470601003825,-0.10045242152342168,0.17724183354349818,2.3,0.0,0.0836543753439735,-0.0078356601018071,0.0119776947698611
London,2014-09-01,432150.0,427841.42572283145,414454.67266773974,418628.43573589425,0.031789011925615895,-0.10705811560784403,0.17063613945907583,2.3,0.0,0.1305803571428572,-0.0067810084043133,-0.0036804711103055
London,2014-10-01,430684.0,425965.35059760953,416482.9515509713,421096.5592720798,0.022512478217635135,-0.1163346493158248,0.16135960575109506,2.3,0.0,0.1242448421292601,-0.0037500662019332,-0.0043946199458471
London,2014-11-01,429081.0,425651.7812187812,418805.76482389035,422179.82939447556,0.016214353022522943,-0.12263277451093699,0.15506148055598287,2.3,0.0,-0.1049776643267389,-0.0047423470124892,-0.0007364093118464
London,2014-12-01,431324.0,427876.8551448552,423247.0590278158,426656.904417768,0.010879360114927294,-0.12796776741853264,0.14972648764838722,2.3,0.0,-0.0041744479841809,-0.0007522506447484,0.0052138355336275
London,2015-01-01,431270.0,431270.0,428725.99177981325,428725.99177981325,0.005916343018300907,-0.13293078451515902,0.14476347055176084,2.3,0.0,-0.1188118811881188,-0.0089271601795414,0.0078989115239735
London,2015-02-01,433331.0,432459.9829145728,429920.9014233967,430786.8045481166,0.005888555449663713,-0.13295857208379622,0.14473568298312364,2.3,0.0,-0.0893475366178429,-0.0069611036960769,0.002755452956423
London,2015-03-01,433259.0,431520.7492477432,432773.04505500087,434516.3403019496,-0.0028978495318643382,-0.14174497706532427,0.1359492780015956,2.3,0.0,-0.0131180625630675,-0.0039518949193985,-0.0021742013493053
London,2015-04-01,439403.0,436763.9429429429,438125.6584133293,440772.943358425,-0.0031128877697668145,-0.14196001530322674,0.13573423976369312,2.3,0.0,-0.0918166132610303,-0.0039518949193984,0.0120772771269468
London,2015-05-01,445154.0,441596.3256743257,444030.90723822627,447608.19551406294,-0.005497996461997445,-0.14434512399545738,0.13334913107146248,2.3,0.0,-0.0525417946093483,-0.0019578046189369,0.0110033016285484
London,2015-06-01,449070.0,445036.4371257485,445920.49553914595,449962.07102741615,-0.0019845150110562315,-0.14083164254451616,0.1368626125224037,2.3,0.0,0.0564819795589026,-0.004946947971427,0.0077599855512104
London,2015-07-01,462097.0,458862.321,448045.7749279238,451204.20435843285,0.02385480744314883,-0.1149923200903111,0.16270193497660876,2.3,0.0,0.081001781410458,-0.0039518949193985,0.0305940508212891
London,2015-08-01,466924.0,462268.7258225324,452198.8642655726,456752.7299681464,0.022024331343793335,-0.1168227961896666,0.16087145887725326,2.3,0.0,-0.0425596749619096,-0.0049479430244788,0.007396168792134
London,2015-09-01,470754.0,466525.6706586826,456647.61077410344,460786.41087175393,0.021401045929129836,-0.1174460816043301,0.16024817346258977,2.3,0.0,0.0303828013600964,-0.0049449638177839,0.0091666673716144
London,2015-10-01,471562.0,466860.4845463609,456895.476311131,461496.6392145664,0.021575817049011903,-0.11727131048444803,0.16042294458247183,2.3,0.0,0.0396431106154313,-0.002957834934288,0.0007174177593523
London,2015-11-01,476915.0,472160.1146560319,457105.73352787347,461709.01382523373,0.032403425500417526,-0.1064437020330424,0.17125055303387746,2.3,0.0,0.110992275698158,-0.0029588260210128,0.0112876892875988
London,2015-12-01,481806.0,477002.35094715847,455160.3696010633,459744.0591237327,0.04687160197363127,-0.09197552555982866,0.1857187295070912,2.3,0.0,0.0854936569222284,-0.0059380327161692,0.0102032654589852
London,2016-01-01,489741.0,488756.59597989946,459702.93434599,460628.8214242297,0.06128412085178603,-0.0775630066816739,0.20013124838524596,2.3,0.0,0.0898876404494382,0.0056689268837886,0.0243431873329686
London,2016-02-01,490055.0,487599.8146292586,459624.72574342263,461939.0496394116,0.05908467451248356,-0.07976245302097637,0.1979318020459435,2.3,0.0,0.1713700833455183,0.0056527714785605,-0.0023695893822051
London,2016-03-01,497430.0,492962.0658682635,463061.50847839215,467258.44057940476,0.06257233263347928,-0.07627479489998065,0.2014194601669392,2.3,0.0,0.9134713701431494,0.0046491624569,0.0109372081443996
London,2016-04-01,493598.0,489164.4850299401,464090.74724893627,468297.0077980203,0.05261869404817077,-0.08622843348528916,0.1914658215816307,2.3,0.0,-0.1566019812729,0.0026499208012016,-0.0077334224622784
London,2016-05-01,500467.0,494983.79581673304,467455.7584851619,472634.01965669944,0.05722031631479396,-0.08162681121866597,0.1960674438482539,2.3,0.0,-0.1540031208738447,0.0046612546443336,0.0118262231896189
London,2016-06-01,501147.0,494670.94532803184,468959.4649259509,475098.91411430674,0.053376448624993245,-0.08547067890846669,0.19222357615845317,2.3,0.0,-0.115682281059063,0.0046672646060159,-0.0006322417023145
London,2016-07-01,509080.0,502501.4314115308,473311.2287336468,479507.649653624,0.059845327531101944,-0.07900180000235799,0.19869245506456187,2.3,0.0,-0.125436215587437,0.0036715824252975,0.0157057039025545
London,2016-08-01,505256.0,497244.0118929633,474225.94135905174,481867.0441402651,0.047396997555926745,-0.09145012997753318,0.18624412508938668,2.3,0.0,-0.0169743263314237,0.0016682459334305,-0.0105176132952973
London,2016-09-01,505052.0,496059.9762611276,477081.50258474593,485729.5056527474,0.03900949804588727,-0.09983762948757266,0.1778566255793472,2.3,0.0,-0.0512028954651905,0.0016861151390072,-0.0023840359180233
London,2016-10-01,504240.0,494773.0434782608,477119.46594519424,486248.64001665317,0.036332247157028874,-0.10251488037643106,0.1751793746904888,2.3,0.0,-0.1879266627657499,-0.001292174164343,-0.0025976798933964
London,2016-11-01,504074.0,493634.597633136,478289.0840787682,488403.9589686516,0.03158023449028491,-0.10726689304317502,0.17042736202374484,2.3,0.0,-0.070167932399187,-0.0012833101034998,-0.0023035968181712
London,2016-12-01,505701.0,492797.9322865554,464950.2483193937,477124.1722431644,0.05816880936172808,-0.08067831817173185,0.197015936895188,2.05,0.0,-0.0490853658536585,-0.0032531655076348,-0.0016963462210242
London,2017-01-01,509175.0,498629.9556213017,467323.23493721086,477206.20365189516,0.06484307860781158,-0.07400404892564835,0.2036902061412715,2.05,0.0,-0.0498969072164948,0.008471536625991,0.0117650323864442
London,2017-02-01,510351.0,496355.08619000984,464361.0786323852,477454.8452000657,0.06662913386399794,-0.072217993669462,0.20547626139745787,2.05,0.0,-0.096242666333791,0.0053609716636828,-0.0045726785821695
London,2017-03-01,508986.0,493095.7053658536,464257.64398342377,479218.6153907446,0.06026361840521055,-0.07858350912824938,0.19911074593867048,2.05,0.0,-0.4064524747845836,0.0014786500735219,-0.0065882864343667
London,2017-04-01,513641.0,495671.0524781341,464111.47625637095,480937.2699575083,0.06578773213793632,-0.07305939539552361,0.20463485967139625,2.05,0.0,0.1922767497988737,0.0015687190268498,0.0052092223278439
London,2017-05-01,514831.0,494895.62729912874,460748.85366919637,479308.7269287813,0.07149377781489896,-0.06735334971856097,0.2103409053483589,2.05,0.0,0.15394438138479,-0.0023246481996881,-0.0015656196664544
London,2017-06-01,514028.0,494123.7212003872,462662.32766249444,481299.27943137643,0.06578845950160606,-0.07305866803185387,0.20463558703506599,2.05,0.0,0.1407185628742515,-0.0042042065428377,-0.001560952789541
London,2017-07-01,522994.0,503229.6918604651,465762.16275007714,484054.9365136753,0.07737158625483431,-0.06147554127862562,0.21621871378829424,2.05,0.0,-0.0033252050543116,-0.0022205495837598,0.0182607761222683
London,2017-08-01,521450.0,498843.7861271677,461666.713402513,482588.16567150905,0.077449761700354,-0.06139736583310593,0.21629688923381393,2.05,0.0,0.0321605870925965,-0.0012537090310307,-0.0087537168408857
London,2017-09-01,517969.0,494085.7031700288,457336.22053169756,479443.1073247706,0.07729015762527247,-0.06155696990818746,0.2161372851587324,2.05,0.0,0.021541568495456,-0.0040656563217074,-0.0095840025475357
London,2017-10-01,515752.0,491498.78694817657,457815.1591833772,480406.2395459004,0.07099395143972309,-0.06785317609373684,0.20984107897318302,2.05,0.0,0.09343100756575,-0.0049673713959699,-0.0052495188155265
London,2017-11-01,509894.0,484058.0707456979,456312.06080755655,480667.0852011119,0.05902796106492936,-0.07981916646853057,0.1978750885983893,2.05,0.0,0.0408374554239043,-0.0049390353203848,-0.0152545911244548
London,2017-12-01,510491.0,483238.8589132507,439090.4980450154,463852.9027686014,0.0958055256050141,-0.04304160192844583,0.23465265313847403,2.05,0.0,-0.0350539702896227,-0.0067852362955194,-0.0016938170755835
London,2018-01-01,513622.0,488531.27011494245,437024.3410426643,459469.69994817884,0.11141458808107174,-0.027432539452388188,0.2502617156145317,2.05,0.0,-0.0034722222222222,-0.0017152610290406,0.0108924186284582
London,2018-02-01,511574.0,484264.043851287,437829.86214492435,462521.1736052625,0.10079991078668193,-0.038047216746777995,0.23964703832014186,2.05,0.0,-0.0251381215469613,-0.0018560183552128,-0.0087731788436524
London,2018-03-01,505683.0,478231.63714285713,432950.8562267673,457803.0201793612,0.09947098609640648,-0.03937614143705345,0.2383181136298664,2.3,0.0,-0.0719108710330858,0.0002440809512751,-0.012535091462615
London,2018-04-01,510925.0,481355.33681214415,429685.3739823224,456080.9508332003,0.11355249087867314,-0.02529463665478679,0.2523996184121331,2.3,0.0,-0.0412955465587044,0.0032064194215146,0.0065105316928146
London,2018-05-01,512244.0,480773.4328922495,427517.7561020077,455502.3020704171,0.11740030339078267,-0.021446824142677262,0.2562474309242426,2.3,0.0,-0.0111889831550473,0.0032992788114738,-0.0012096176918721
London,2018-06-01,513792.0,482226.3289224953,427571.3622898737,455559.41722324915,0.12029236214199024,-0.01855476539146969,0.2591394896754502,2.3,0.0,-0.0569351907934585,0.003391436051036,0.0030174402740996
London,2018-07-01,518923.0,487042.0973534971,429438.643822808,457548.92765813787,0.1258716852259152,-0.012975442307544743,0.26471881275937514,2.3,0.0,-0.0262455516014235,0.003391436051036,0.0099369956302908
London,2018-08-01,513384.0,478676.3492957746,429339.6103735417,460469.9748719254,0.10877645074468134,-0.03007067678877859,0.24762357827814127,2.3,0.0,0.0320995399414469,0.0024200987460492,-0.017325872481722
London,2018-09-01,510167.0,475230.6106941839,427122.47223903897,458522.21088299644,0.10672939008226834,-0.03211773745119159,0.24557651761572827,2.3,0.0,-0.1042284459088412,0.0016211396106802,-0.0072245066514859
London,2018-10-01,513927.0,478284.45267104026,429222.26509711385,461208.61717887264,0.10823075954622396,-0.030616367987235965,0.2470778870796839,2.3,0.0,0.0120812740252609,0.0035736756954989,0.0064054623482352
London,2018-11-01,507814.0,471270.3757009346,430532.9782205054,463917.7106706352,0.09040804999424878,-0.048439077539211145,0.22925517752770871,2.3,0.0,0.0721706454465074,0.0035962635052273,-0.0147736693768418
London,2018-12-01,506642.0,469743.7030812325,419702.7941861546,452670.3852702634,0.11264040547701981,-0.026206722056440118,0.25148753301047977,2.55,0.0,-0.0709934655000553,0.0046242174156825,-0.0032447420151733
London,2019-01-01,503232.0,470093.4863593603,420966.3703744697,450641.7439154696,0.11037863192617614,-0.02846849560728379,0.24922575945963607,2.55,0.0,-0.0319396051103367,0.0051497682462366,0.0007443486982801
London,2019-02-01,498951.0,463912.30617977533,422460.4631942705,454368.3531636263,0.09359967488208554,-0.04524745265137439,0.23244680241554547,2.55,0.0,-0.0062340606404081,0.0078873482253449,-0.0132360430100906
London,2019-03-01,496910.0,461151.0560747664,421618.4785204734,454311.9557068545,0.08962483399415966,-0.04922229353930027,0.2284719615276196,2.55,0.0,-0.0240087304474354,0.0079732226514226,-0.0059698792935929
London,2019-04-01,502664.0,463889.73234200745,419153.0296279954,454187.9757096908,0.10141079908348871,-0.03743632844997122,0.24025792661694864,2.55,0.0,0.0387105855855856,0.0070482541283691,0.0059212184007826
London,2019-05-01,496339.0,456779.0797034291,425774.7462680077,462649.4977071302,0.07028941800122723,-0.0685577095322327,0.20913654553468716,2.55,0.0,-0.0024869435463814,0.0052477252973024,-0.015447018373182
London,2019-06-01,503716.0,463568.10750695085,424565.0840990325,461335.0712415469,0.08788800254206564,-0.050959124991394295,0.22673513007552556,2.55,0.0,-0.1023335474202525,0.0062571574814083,0.014753456177404
London,2019-07-01,512265.0,471435.7228915663,424851.7246410284,461646.5366441789,0.10404254320125261,-0.03480458433220732,0.24288967073471254,2.55,0.0,0.0114207400639561,0.0062571574814083,0.0168294520805911
London,2019-08-01,506081.0,463596.340405904,425307.82056962093,464283.6631394453,0.08620102712235678,-0.05264610041110315,0.2250481546558167,2.55,0.0,-0.0541991692837605,0.0062571574814083,-0.016768550481041
London,2019-09-01,510810.0,467497.0783410138,428232.16215375357,467907.24666346685,0.08772761571545296,-0.051119511818006974,0.22657474324891289,2.55,0.0,0.0246444335458557,0.0082426972342144,0.0083788815981282
London,2019-10-01,506016.0,463964.808864266,430833.8671311159,469882.25388015964,0.07408614968232996,-0.06476097785112997,0.2129332772157899,2.55,0.0,-0.0232230059685295,0.0082592755092387,-0.0075843927861871
London,2019-11-01,501829.0,459277.600921659,432312.4618105164,472365.5801252873,0.060506204258908625,-0.0783409232745513,0.19935333179236855,2.55,0.0,-0.0508195031440057,0.0110688310740165,-0.0101538841030599
London,2019-12-01,512959.0,469463.8589861751,422892.20396425144,462072.5491452294,0.10447400841427879,-0.034373119119181145,0.24332113594773871,2.55,0.0,0.0376728659990461,0.0120426123779413,0.021936495738128
London,2020-01-01,509527.0,467615.8142329019,424073.9061551533,462082.5442697643,0.09773930201599512,-0.04110782551746481,0.23658642954945505,2.55,0.0,0.065236952609478,0.0095319680074688,-0.0039442689921962
London,2020-02-01,507956.0,464457.00552486186,425803.29858535284,465682.15736524994,0.08689149398085227,-0.051955633552607655,0.2257386215143122,2.55,0.0,0.0116909039064727,0.0047692768701785,-0.0067780558226377
London,2020-03-01,516654.0,472410.1491712707,427296.73086337844,467315.4579230906,0.10036887642867676,-0.03847825110478317,0.2392160039621367,2.55,0.0,-0.0745434215430488,0.0057771638076791,0.0169785751615947
London,2020-04-01,509754.0,466530.61935483874,427493.6637009303,467100.3274073609,0.08738418796344583,-0.051462939570014105,0.22623131549690575,2.55,0.0,-0.5603740344220084,0.0076606416425251,-0.0125239138887103
London,2020-05-01,506613.0,463655.95299539174,428035.4483598521,467692.3076238061,0.07993678115734149,-0.058910346376118444,0.21878390869080142,2.55,0.0,-0.4977561705310396,0.0142450024052627,-0.0061808578980429
London,2020-06-01,513833.0,469830.72651933704,427366.75903788523,467392.0446275361,0.09472990845943663,-0.0441172190740233,0.23357703599289656,2.55,0.0,-0.2907226329596947,0.0170728230439392,0.0132296769102335
London,2020-07-01,517966.0,471439.26489459217,427770.4311257008,469987.4525258203,0.09720360544547368,-0.041643522087986246,0.23605073297893361,1.9,0.0,-0.2028003613369466,0.0161362918993315,0.0034178077613447
London,2020-08-01,523954.0,479085.0110497238,428744.42400386475,468898.73561751976,0.11101706460257077,-0.02783006293088916,0.2498641921360307,1.9,0.0,-0.2152956298200514,0.0114793886367314,0.0160877765076108
London,2020-09-01,528003.0,480574.6828597617,427837.3908471272,470061.0205581226,0.11623944825677945,-0.022607679276680476,0.2550865757902394,1.9,0.0,-0.0136412588249371,0.0208449864864463,0.0031045859610507
London,2020-10-01,520515.0,473759.29880843265,427857.99473806977,470083.65786428406,0.10190803176286956,-0.036939095770590374,0.24075515929632949,1.9,0.0,0.1153205199422287,0.0171039264790118,-0.014283259424717
London,2020-11-01,529444.0,482771.2506887052,426971.98419187864,468250.2424823322,0.12282454012529875,-0.016022587408161176,0.2616716676587587,1.9,0.0,0.0907906168549088,0.0152290805315848,0.0188435561139019
London,2020-12-01,529060.0,481095.76923076913,400316.248041243,440226.93138070236,0.18381149988132783,0.044964372347867904,0.3226586274147878,1.9,0.0,0.2922794117647058,0.0189718859399463,-0.00347658569261
London,2021-01-01,529101.0,482015.8651376146,400008.9210830558,439083.307130444,0.18649017916525246,0.04764305163179253,0.3253373066987124,1.9,0.0,0.1796424046177671,0.0440421897500304,0.0019106740151944
London,2021-02-01,525153.0,477980.68652612285,399572.01645535673,439006.1127419881,0.17917631148633184,0.04032918395287191,0.3180234390197918,1.9,0.0,0.5025366403607667,0.0430658141005455,-0.0084067018140761
London,2021-03-01,534311.0,484982.47074954293,397449.3168889226,437874.6754043115,0.19904532621685078,0.06019819868339085,0.33789245375031074,1.9,0.0,1.0385286615653109,0.0459622815333149,0.0145424205817725
London,2021-04-01,523423.0,472079.0544959128,391865.7411025522,434485.58001400804,0.18622717596220895,0.047380048428749016,0.3250743034956689,1.9,0.0,2.0499383477188657,0.0430940120227116,-0.0269662876001213
London,2021-05-01,522672.0,468423.5523465704,386909.865402263,431718.1579715079,0.19118115304408256,0.052334025510622634,0.3300282805775425,1.9,0.0,1.160337552742616,0.0355077849291856,-0.0077735468899895
London,2021-06-01,538199.0,480172.153638814,386513.1937263036,433221.73677479953,0.21697868915059715,0.07813156161713722,0.3558258166840571,1.9,0.0,2.216207128446537,0.0289657682373949,0.0247717800056133
London,2021-07-01,529788.0,472667.99999999994,383517.91490207415,429864.49072105595,0.20900690536159772,0.07015977782813779,0.3478540328950577,1.9,0.0,-0.0728045325779036,0.0252873756988736,-0.0157514537209149
London,2021-08-01,545831.0,483505.9616413917,382239.354242927,431510.89235279063,0.2350166508220788,0.09616952328861886,0.37386377835553875,1.9,0.0,0.1814086814086815,0.0300078516459219,0.0226704057015574
London,2021-09-01,541876.0,478721.4128113878,382596.6429907048,433070.1175443628,0.224137543802021,0.08529041626856107,0.36298467133548096,1.9,0.0,0.7786000242630111,0.0179704274334044,-0.0099448184273143
London,2021-10-01,539606.0,471680.2447183099,381972.5895682512,436979.7197880497,0.21095245740839808,0.07210532987493815,0.34979958494185803,1.9,0.0,-0.3247335391971312,0.0199277036315932,-0.0148175181851772
London,2021-11-01,547647.0,474946.262882096,381542.90565171675,439946.2507262998,0.2189783567932544,0.08013122925979446,0.35782548432671435,1.9,0.0,-0.1624850657108721,0.0091538194383022,0.0069003584768161
London,2021-12-01,547837.0,472634.3536055604,397623.69848480244,460891.1147593229,0.17281597592901932,0.03396884839555939,0.3116631034624793,1.9,0.0,-0.1698968705547653,-0.0006138139822836,-0.0048796140901217
London,2022-01-01,550635.0,475875.1566579634,401188.606479029,464215.2153518674,0.17072388682450246,0.03187675929104253,0.3095710143579624,1.9,0.0,-0.1590881966821816,-0.0803510182901889,0.0068334911322089
London,2022-02-01,551066.0,472546.2331606217,402088.6640687331,468900.9798505468,0.16146296842126162,0.02261584088780169,0.3003100959547216,1.9,0.0,-0.2422622397298818,-0.0804375074014736,-0.0070199537964388
London,2022-03-01,550480.0,466803.27924850554,400338.4954210151,472101.0857381759,0.15359749753912944,0.014750370005669505,0.2924446250725894,1.9,0.0,-0.3804412248929865,-0.0867472875890764,-0.0122276647643069
London,2022-04-01,554765.0,459068.0375,396304.1533116141,478917.4058146394,0.1470164485605281,0.00816932102706816,0.28586357609398805,1.55,0.0,-0.1518091772791591,-0.0944025175915643,-0.0167094964185992
London,2022-05-01,554380.0,455711.37417218543,396362.5438412094,482181.2215107562,0.1395303505623211,0.000683223028861174,0.27837747809578106,1.55,0.0,-0.03125,-0.1106333243889349,-0.00733877118377
London,2022-06-01,572418.0,466675.7586206897,394986.8797059962,484485.41740372946,0.1667821610888005,0.027935033555340577,0.30562928862226046,1.8,0.0,-0.5382645060115003,-0.110906151021293,0.0237750517647636
London,2022-07-01,575261.0,466313.6106122449,396211.0435218502,488779.9882318897,0.1629113844399619,0.024064256906501963,0.30175851197342185,2.05,0.0,0.4222425908952032,-0.1142265562832575,-0.0007763175842612
London,2022-08-01,581320.0,468928.3184402925,398961.9944420106,494584.3052951813,0.16158375729062158,0.022736629757161647,0.30043088482408153,2.05,0.0,0.1072212593876371,-0.1192881188187817,0.0055915256988754
London,2022-09-01,579330.0,464680.68659127626,400597.51357735874,499435.77221426996,0.14839325773540324,0.00954613020194331,0.2872403852688632,2.3,0.0,-0.3390628197258031,-0.1172812751777944,-0.0090994434173126
London,2022-10-01,573946.0,451607.2725832013,396211.8504124414,503544.1643710988,0.1308638921881009,-0.007983235345359024,0.26971101972156086,2.55,0.0,0.3732113881103407,-0.1199234562321777,-0.0285375380183339
London,2022-11-01,575480.0,451027.3401736385,401254.8271745408,511973.68180276256,0.11693125417947137,-0.021915873353988563,0.2557783817129313,2.55,0.0,0.1378982406086544,-0.1274431022993047,-0.0012849772901759
London,2022-12-01,572384.0,446837.5094339623,376660.61017104,482489.724207012,0.17085047123886277,0.03200334370540284,0.3096975987723227,3.05,0.0,-0.009853271928885,-0.1240009173768242,-0.0093329439369256
London,2023-01-01,570869.0,448475.4090189873,380573.3902025879,484435.815927564,0.1641748135786507,0.025327686045190784,0.30302194111211067,3.55,0.0,-0.077348850411581,-0.0438897345961646,0.0036588356506221
London,2023-02-01,563875.0,437785.6724003127,381957.24080688943,491967.08055590297,0.13642079091400916,-0.0024263366194507696,0.2752679184474691,3.55,0.0,-0.1979205347196435,-0.0395102745169743,-0.0241243924116734
London,2023-03-01,555361.0,427830.4678044996,381259.72214203095,494908.1388127673,0.11524618555477062,-0.02360094197868931,0.2540933130882306,4.3,0.0,-0.1438137755102041,-0.0433396296836218,-0.0230024443432252
London,2023-04-01,557147.0,424269.1495398773,385121.79955750075,505738.99962032324,0.09680839374804684,-0.04203873378541309,0.23565552128150677,4.8,0.0,-0.3309103908484271,-0.0401049624321029,-0.0083589733608757
London,2023-05-01,554900.0,419661.6146230007,392967.82696236524,519603.9846944467,0.06572096379182213,-0.0731261637416378,0.20456809132528206,4.8,0.0,-0.2743121442125237,-0.0276481979444295,-0.010919333416556
London,2023-06-01,556107.0,419934.79163498094,398493.92272485123,527713.502903504,0.05240719347449385,-0.08643993405896608,0.19125432100795378,5.3,0.0,-0.1056266274199025,-0.0278753021987812,0.0006507341374586
London,2023-07-01,559703.0,424587.5317035905,402977.4584444432,531216.0051397545,0.0522375580312513,-0.08660956950220863,0.19108468556471123,5.55,0.0,-0.2306122448979591,-0.021318668343216,0.0110187428208234
London,2023-08-01,560630.0,423995.1180502665,407623.0270310473,538981.907846692,0.03937914719240254,-0.09946798034105739,0.17822627472586247,5.55,0.0,-0.1681101951372221,-0.0111823474639876,-0.0013962428992329
London,2023-09-01,565702.0,425562.18636363634,409686.4624487329,544598.3186629682,0.03801894483875756,-0.10082818269470237,0.1768660723722175,5.8,0.0,-0.1963880288957687,-0.0093663054691222,0.0036891451171499
London,2023-10-01,555122.0,417603.1409090909,414642.252976054,551186.0764636367,0.007115450436064208,-0.13173167709739572,0.14596257796952414,6.3,0.0,-0.1816521645719196,-0.0090163659393849,-0.0188795283762566
London,2023-11-01,547757.0,413001.291571754,419208.6564270132,555989.7286146792,-0.014918062418699307,-0.15376518995215924,0.12392906511476062,6.3,0.0,-0.2274341830338487,0.0101949484527434,-0.0110808376256485
London,2023-12-01,549112.0,412457.0468986385,393006.1478013702,523216.6439007163,0.048306816614999804,-0.09054031091846013,0.18715394414845973,6.55,0.0,-0.222714981070849,0.0165075500497013,-0.0013186486261353
London,2024-01-01,551097.0,416151.57490494294,399394.1648004058,528905.6663771739,0.04110074568841071,-0.09774638184504922,0.17994787322187064,6.55,0.0,-0.1255191508998615,0.0239145053434342,0.0089174850271511
London,2024-02-01,546247.0,409994.9138321995,406913.4826896672,542141.5282965053,0.007544164732449232,-0.1313029628010107,0.14639129226590916,6.55,0.0,-0.0390432098765431,0.0228910070933594,-0.0149048023154527
London,2024-03-01,547437.0,408725.51954887214,413365.70315351157,553651.9488360226,-0.011288851539671185,-0.15013597907313112,0.12755827599378874,6.55,0.0,-0.0892613283674735,0.0287710620432655,-0.0031009249280984
London,2024-04-01,548467.0,407960.8471910112,417703.57860770886,561565.2340798503,-0.023600831845440595,-0.16244795937890052,0.11524629568801933,6.55,0.0,0.1554764024933215,0.0313577009425223,-0.0018726223736784
London,2024-05-01,553592.0,410542.8349514563,422776.7622466283,570088.7055873468,-0.02936401922591969,-0.16821114675937962,0.10948310830754024,6.55,0.0,0.2681810753391076,0.0394518224786717,0.0063090646536814
London,2024-06-01,556853.0,412345.2863534675,426757.77214629314,576316.3871582871,-0.03435550188413039,-0.17320262941759032,0.10449162564932954,6.55,0.0,-0.0363291139240505,0.0434993633026958,0.0043808003493452
London,2024-07-01,557831.0,413995.6524663677,433208.0624902517,583718.4165276503,-0.04536265394577832,-0.18420978147923825,0.09348447358768161,6.55,0.0,0.1451905626134302,0.0435301811307775,0.0039944004458689
London,2024-08-01,567121.0,419323.2710349962,438378.00609812455,592891.9055284808,-0.04443941344113611,-0.18328654097459604,0.09440771409232382,6.55,0.0,0.1016056196688408,0.0410979047789117,0.0127866798811808
London,2024-09-01,566882.0,419458.8867362146,444650.4373190519,600927.3785318908,-0.05832292365013103,-0.19717005118359096,0.0805242038833289,6.55,0.0,0.0259406703480158,0.0403913979615111,0.0003233633456396
London,2024-10-01,560909.0,412579.7311111111,452122.4027505571,614667.9191472831,-0.09152347107812808,-0.230370598611588,0.04732365645533185,6.55,0.0,0.2412706747177737,0.0467174265883234,-0.0165360410688357
London,2024-11-01,559925.0,411551.0917838638,465564.09312575404,633410.9665789463,-0.12331660159458302,-0.262163729128043,0.01553052593887691,6.3,0.0,0.2058147396889791,0.040514656652985,-0.0024963023656852
London,2024-12-01,556882.0,407805.1814159292,438167.09488404036,598342.9815334931,-0.07181076895790284,-0.21065789649136277,0.06703635857555709,6.3,0.0,0.1692179237406068,0.037381419933705,-0.0091436084367018
London,2025-01-01,563861.0,413525.82939438696,441115.32424319925,601480.512613587,-0.06458636968491227,-0.2034334972183722,0.07426075784854766,6.3,0.0,0.2318381706244503,0.035454116262652,0.013930413958743
London,2025-02-01,560768.0,409443.1058823529,442269.62784940895,605726.7813446084,-0.07712175578488711,-0.21596888331834704,0.061725371748572816,6.3,0.0,0.2725228842139071,0.0314927546288499,-0.0099220197290943
London,2025-03-01,554857.0,403643.2241758242,,,,,,6.05,0.0,1.0438931297709924,0.0331896075052298,-0.0142665787510019
London,2025-04-01,566917.0,407343.4015918958,,,,,,6.05,0.0,-0.3213625154130702,0.0348516176496749,0.0091251889348864
London,2025-05-01,562863.0,403846.0686416185,,,,,,6.05,0.0,-0.1416237113402062,0.025964457935302,-0.0086227811088868
London,2025-06-01,565182.0,404050.1987041037,,,,,,5.8,0.0,0.0572704584263759,0.0275514588774659,0.0005053373188612
London,2025-07-01,567799.0,405629.06978417264,,,,,,5.8,0.0,0.0415701572595392,0.0253818489534378,0.0038999963139261
London,2025-08-01,564063.0,402092.2893036611,,,,,,5.8,0.0,-0.0019357777271692,0.0223518953463714,-0.0087574831213714
London,2025-09-01,561973.0,400602.4328786791,,,,,,5.55,0.0,0.0836149705845537,0.0239623526965095,-0.0037121413525245
London,2025-10-01,547661.0,389003.8433476395,506778.9265121111,713471.2379294374,-0.264485642473943,-0.403332770007403,-0.1256385149404831,5.55,0.0,0.0487521150592216,0.0231999086513146,-0.029380272659651
London,2025-11-01,556044.0,395807.66451612907,505503.2939917727,710148.1320428227,-0.24462615714370095,-0.3834732846771609,-0.10577902961024102,5.55,0.0,0.0487521150592216,0.0256181324684772,0.0151909454208127
London,2025-12-01,550024.0,389845.704496788,508055.0332524136,716802.7206310488,-0.264838743538629,-0.403685871072089,-0.1259916160051691,5.55,0.0,0.0487521150592216,0.0285851137963353,0.0043054312488401
London,2026-01-01,554422.0,394653.0795698925,506822.2569255142,712001.0558017042,-0.250153264650395,-0.38900039218385496,-0.11130613711693507,5.55,0.0,0.0487521150592216,-0.0321199143468949,0.0122696472387704
North East,2005-01-01,105467.0,136011.33896103894,138177.1504380976,107146.43085330831,-0.01579830377301583,-0.15464543130647576,0.1230488237604441,,,,,
North East,2005-02-01,104501.0,134416.44170984457,138750.47037935694,107870.45632715363,-0.03173438798482131,-0.17058151551828124,0.10711273954863862,,,,,-0.0117955022166302
North East,2005-03-01,106528.0,136493.29548387098,138792.4190133424,108322.38140517661,-0.01670393243715118,-0.1555510599706111,0.12214319509630875,,,,,0.0153327413269739
North East,2005-04-01,109350.0,139568.83033419025,139870.7336750907,109586.53655510632,-0.002160778194994606,-0.14100790572845454,0.13668634933846532,5.95,0.0,,,0.0222823909051186
North East,2005-05-01,110702.0,140751.71062740078,140158.23215888444,110235.22589737033,0.00422540651733172,-0.1346217210161282,0.14307253405079165,5.95,0.0,,,0.0084395336146521
North East,2005-06-01,112222.0,142684.30985915495,140772.3628653416,110718.24309952848,0.01349042851510518,-0.12535669901835475,0.1523375560485651,5.95,0.0,,,0.0136371459003825
North East,2005-07-01,114780.0,145750.05115089513,140773.96006491498,110861.26563017475,0.034737692280925714,-0.10410943525253422,0.17358481981438564,5.95,0.0,,,0.0212586096754847
North East,2005-08-01,116433.0,147471.89923469385,140887.9433859891,111234.79115268428,0.04567279731104534,-0.09317433022241459,0.18451992484450527,5.95,0.0,,,0.0117444677866718
North East,2005-09-01,114720.0,144932.51908396947,142004.55048918663,112402.39343857068,0.02040914568096852,-0.11843798185249141,0.15925627321442845,5.95,0.0,,,-0.0173693954994735
North East,2005-10-01,115091.0,145216.4714104193,142493.52459822333,112932.93439959896,0.018928978162387367,-0.11991814937107256,0.1577761056958473,5.95,0.0,,,0.0019572869553474
North East,2005-11-01,116604.0,147125.5044472681,143049.53367442288,113373.59818909448,0.0280950346604687,-0.11075209287299123,0.16694216219392863,5.95,0.0,,,0.0130604588504485
North East,2005-12-01,116455.0,146565.03802281368,135355.49362847753,107548.32273199272,0.07956467193872996,-0.05928245559472997,0.2184117994721899,5.7,0.0,,,-0.0038167187824029
North East,2006-01-01,116408.0,147252.41273885348,136597.72478421696,107985.10972367605,0.0751079167680313,-0.06373921076542863,0.21395504430149123,5.7,0.0,,,0.0046789322300728
North East,2006-02-01,114596.0,144408.41116751268,136710.11502341137,108486.97949491255,0.05478273853332105,-0.08406438900013888,0.19362986606678098,5.7,0.0,,0.0326704898008756,-0.0195027338759299
North East,2006-03-01,117115.0,147395.68441064638,137196.8267441042,109011.37593262662,0.07170411490714557,-0.06714301262631436,0.2105512424406055,5.7,0.0,,0.0314110525234467,0.0204752273993591
North East,2006-04-01,119413.0,149341.44710327455,136948.14146003211,109503.34775354029,0.08663295087279543,-0.052214176660664496,0.22548007840625536,5.7,0.0,0.1462179198559208,0.0341068082771347,0.0131145743075613
North East,2006-05-01,119935.0,149055.63829787233,137099.38488949748,110314.61080232478,0.08361354766449125,-0.05523357986896868,0.22246067519795118,5.7,0.0,0.2431066681313851,0.0315725869935041,-0.0019156279118419
North East,2006-06-01,122127.0,151400.88764044945,138089.05687672712,111389.05796400645,0.09203238716739826,-0.046814740366061675,0.23087951470085818,5.7,0.0,0.3021215043394407,0.0290700831226853,0.0156115562290288
North East,2006-07-01,123262.0,152998.9575,138773.5227474194,111801.42819530264,0.09758783607160026,-0.041259291461859665,0.2364349636050602,5.7,0.0,0.1665584114317528,0.026500619744102,0.0104999037748125
North East,2006-08-01,122958.0,151862.30597014926,139005.08140295025,112547.92089423163,0.08846373919381989,-0.05038338833964004,0.22731086672727982,5.7,0.0,0.2348654708520179,0.0290997298280251,-0.0074568791316487
North East,2006-09-01,124534.0,153617.71677018632,138626.70381899065,112381.16472737913,0.10268242117356863,-0.0361647063598913,0.24152954870702856,5.7,0.0,0.1780707455203787,0.0265987049219018,0.0114929291058327
North East,2006-10-01,124685.0,153613.1575682382,138557.63096004992,112464.70347814726,0.10315113120314479,-0.035695996330315144,0.24199825873660472,5.7,0.0,0.2417287630402385,0.0279390480149037,-2.9679321508879752e-05
North East,2006-11-01,123726.0,152054.35396039602,138419.94269481677,112631.7358483504,0.09394592135159563,-0.0449012061818643,0.23279304888505556,5.7,0.0,0.2313411219465095,0.0279698772945313,-0.0101994295261462
North East,2006-12-01,126812.0,154888.45756457566,136106.65984375082,111434.7577572703,0.129266387327565,-0.009580740205894916,0.26811351486102497,5.95,0.0,0.1617021276595744,0.0254253974002378,0.0184671804763816
North East,2007-01-01,125367.0,154453.388337469,137807.89915223344,111856.159835549,0.11403167696303562,-0.024815450570424308,0.2528788044964956,5.95,0.0,0.1619433198380566,-0.0127573333177934,-0.0028128720361291
North East,2007-02-01,124105.0,152143.53703703705,137805.31727881715,112409.17119420129,0.09898245310215614,-0.03986467443130379,0.23782958063561607,5.95,0.0,0.1029126213592233,-0.0092317660481785,-0.0150679593442486
North East,2007-03-01,125000.0,152487.71498771498,137755.48390510608,112923.42789401447,0.10160377754094618,-0.03724334999251375,0.2404509050744061,6.2,0.0,0.0524578463734499,-0.0103567714188056,0.0022596374786694
North East,2007-04-01,127769.0,155483.5992647059,137751.11471725017,113197.2906437826,0.12109171476879688,-0.017755412764663053,0.25993884230225683,6.2,0.0,0.0387901404301287,-0.0139701621466415,0.0194562197453791
North East,2007-05-01,128335.0,155790.5317848411,137045.34966874472,112893.34947536071,0.12820046945760666,-0.010646658075853271,0.2670475969910666,6.45,0.0,0.0388829975256275,-0.0101536123505314,0.0019721049004441
North East,2007-06-01,130236.0,157712.61951219512,136679.87577379006,112867.5711324349,0.14313299467566942,0.004285867142209493,0.2819801222091294,6.45,0.0,-0.0048878027105088,-0.0063557253896106,0.0122621530479936
North East,2007-07-01,131888.0,160692.98650306748,137614.421544832,112946.37820648347,0.15503990062928175,0.016192773095821816,0.2938870281627417,6.45,0.0,0.0233853006681514,-0.0062980946889861,0.0187211153364312
North East,2007-08-01,131069.0,159109.43398533008,137554.18253586793,113312.5088764753,0.14557433524009333,0.0067272077066334035,0.2844214627735533,6.45,0.0,0.034876683310637,-0.0014499515421289,-0.0099033988413559
North East,2007-09-01,130853.0,158653.27106227103,137856.55750228328,113700.42355928502,0.14050742974387376,0.0016603022104138276,0.2793545572773337,6.7,0.0,-0.1390180471274332,-0.0001376761116984,-0.0028710936127218
North East,2007-10-01,130512.0,157470.73633049818,138041.7877260435,114409.256091172,0.13168319099768766,-0.0071639365357722695,0.2705303185311476,6.7,0.0,-0.09521523443751,-0.0001164178235688,-0.0074814959947779
North East,2007-11-01,131350.0,158097.63636363635,138715.09829728276,115246.68287538599,0.1307906166613133,-0.008056510872146622,0.26963774419477327,6.95,0.0,-0.1157374735356386,-0.0037400648063625,0.0039731539157141
North East,2007-12-01,131043.0,156777.95060240963,135988.9480177876,113666.4923008698,0.14225685901130625,0.0034097314778463172,0.2811039865447662,6.95,0.0,-0.3186813186813186,-0.0036891243780647,-0.0083823169719163
North East,2008-01-01,128120.0,154397.03883495144,136059.48584362908,112903.33971314237,0.12643527286127565,-0.01241185467218428,0.2652824003947356,6.95,0.0,-0.3111293297806927,0.0015195697650154,-0.0153030179934656
North East,2008-02-01,127750.0,152838.2530120482,135222.33386768788,113025.71713009158,0.12245985104301127,-0.01638727649044866,0.2613069785764712,6.95,0.0,-0.2562137531068765,0.0001262281932552,-0.0101472665383166
North East,2008-03-01,126370.0,150462.12230215824,135422.9657867751,113738.9259478051,0.1053084129837778,-0.03353871454968213,0.24415554051723773,6.95,0.0,-0.4227345935407307,-0.0021760744038591,-0.0156688188813269
North East,2008-04-01,128633.0,152062.58214285714,135707.47090983015,114797.86058837597,0.11379054080514095,-0.02505658672831898,0.2526376683386009,8.5,15.0,-0.3086594819436566,-0.0020579083233194,0.0105807872779966
North East,2008-05-01,129699.0,152235.3510638298,136271.54691290032,116098.41761159484,0.11077812211124183,-0.028069005422218102,0.24962524964470176,8.5,15.0,-0.3665362368152433,-0.0067516338510373,0.001135524896382
North East,2008-06-01,128164.0,149374.2394366197,135837.42727633443,116549.33337304828,0.094996048018821,-0.04385107951463893,0.23384317555228093,8.25,14.25,-0.4853762000446529,-0.0113787817116948,-0.0189728545962726
North East,2008-07-01,125176.0,146063.1821386604,136278.96148686236,116790.93275460208,0.06933531014470162,-0.0695118173887583,0.20818243767816155,8.25,14.25,-0.5150007772423442,-0.0159407584757238,-0.0224155485635666
North East,2008-08-01,124456.0,144206.31038506416,136126.27803202742,117482.59846268632,0.05766201535812954,-0.08118511217533039,0.19650914289158947,8.0,13.5,-0.577381387528328,-0.0207918143222795,-0.012794297239342
North East,2008-09-01,120085.0,138495.24390243902,136424.63215400805,118289.63573474414,0.015063668238436634,-0.1237834592950233,0.15391079577189656,8.0,13.5,-0.5324485125858124,-0.024068202249818,-0.0404090002490438
North East,2008-10-01,117742.0,136109.20372526193,136791.87828162333,118332.5513030357,-0.005003102042282492,-0.14385022957574242,0.13384402549117744,8.0,13.5,-0.4719667492041033,-0.0274146199473928,-0.0173784528858043
North East,2008-11-01,117208.0,135649.81818181818,138374.8878873301,119562.59195098611,-0.019889882063253594,-0.15873700959671352,0.11895724547020634,8.0,13.5,-0.5940409683426443,-0.020388989011817,-0.0033808333411418
North East,2008-12-01,113793.0,132159.5894736842,135023.14207038592,116258.59664670691,-0.021435983005641646,-0.16028311053910158,0.11741114452781828,8.0,13.5,-0.4485407066052227,-0.0168638909724632,-0.0260664952710349
North East,2009-01-01,112313.0,131362.554770318,137336.4902389505,117420.62458496373,-0.04447295346212776,-0.1833200809955877,0.09437417407133217,8.0,13.5,-0.483040761678072,0.0101415206898121,-0.0060491093532757
North East,2009-02-01,110903.0,128652.66238317758,137894.02004422242,118869.36672492888,-0.06936918613107856,-0.2082163136645385,0.06947794140238137,7.5,12.0,-0.4906711222500696,0.0099264963122971,-0.0208448608403859
North East,2009-03-01,110769.0,128197.6888111888,138665.81942159802,119813.97085974934,-0.07849334530387253,-0.21734047283733246,0.0603537822295874,6.0,7.5,-0.27856093979442,0.0089614488198475,-0.0035427169613093
North East,2009-04-01,111896.0,129200.8465116279,139877.99955862455,121143.08118873829,-0.07940246769321568,-0.2182495952266756,0.059444659840244246,5.0,4.5,-0.3321482291809107,0.0114606877275316,0.0077946269444062
North East,2009-05-01,113090.0,129974.96527777777,139998.19578552546,121811.11899163545,-0.07428767815566317,-0.2131348056891231,0.06455944937779676,4.5,3.0,-0.265207466093729,0.0163682266172919,0.0059737138497304
North East,2009-06-01,114312.0,130924.81660899654,139682.79342993442,121958.69275302433,-0.06475085124248281,-0.20359797877594274,0.07409627629097712,4.0,1.5,-0.0786695589298626,0.0188889811475927,0.0072813823069459
North East,2009-07-01,114434.0,131064.54671280277,140024.15539682956,122256.7399084101,-0.06612502142349719,-0.20497214895695712,0.07272210610996274,3.5,0.0,0.182051282051282,0.022564572701464,0.0010666854202288
North East,2009-08-01,116065.0,132474.1896551724,140375.5346998981,122987.62858903459,-0.057933390737487045,-0.19678051827094697,0.08091373679597288,3.5,0.0,0.1776509254454246,0.0213643795410163,0.0106979065444257
North East,2009-09-01,117057.0,133453.04362801378,140272.4542480617,123038.57769391916,-0.04983695033416424,-0.18868407786762417,0.08901017719929569,3.5,0.0,0.336335160532498,0.0250187607847245,0.0073618514482536
North East,2009-10-01,116499.0,132664.5722477064,139982.58129270782,122925.28790255915,-0.05369406611665184,-0.19254119365011177,0.08515306141680809,3.5,0.0,0.2781778596549991,0.028620656444481,-0.0059257534300858
North East,2009-11-01,117441.0,133278.75771428572,139807.04454126258,123193.51860383159,-0.04782036116406907,-0.186667488697529,0.09102676636939086,3.5,0.0,0.5541721275666229,0.0250544229620717,0.0046189280897657
North East,2009-12-01,118460.0,133671.3409090909,133899.4215086027,118662.12580822798,-0.0017048249419531203,-0.14055195247541305,0.1371423025915068,3.5,0.0,0.7890966971746916,0.0203507306889354,0.0029412499178516
North East,2010-01-01,113483.0,128346.94646924829,133684.21685541372,118202.1575015642,-0.04074331181206148,-0.1795904393455214,0.09810381572139845,3.5,0.0,0.2405755395683453,0.0049504437471241,-0.0406469910440137
North East,2010-02-01,115410.0,129934.38775510204,133075.50799177116,118199.99803498707,-0.023887082915209135,-0.16273421044866906,0.1149600446182508,3.5,0.0,0.3920174958993985,0.000171276468784,0.0122924970929698
North East,2010-03-01,116475.0,130394.222096956,132453.3623055839,118314.3326939103,-0.015668261428041674,-0.1545153889615016,0.12317886610541826,3.5,0.0,0.2580907795644209,0.0038443599287023,0.0035327259677586
North East,2010-04-01,116764.0,129985.03587443945,132091.24863810895,118655.98568498812,-0.01607362615360941,-0.15492075368706934,0.12277350137985052,3.5,0.0,0.2454954954954955,0.0005179203792646,-0.0031430042665387
North East,2010-05-01,116251.0,129124.43288590603,131896.40625353175,118746.61348505276,-0.0212402779064913,-0.16008740543995123,0.11760684962696863,3.5,0.0,0.1056286549707601,-0.0027712272469729,-0.0066427997192519
North East,2010-06-01,116958.0,129764.57430167598,131796.63646564257,118789.51625050363,-0.01553825999284797,-0.1543853875263079,0.12330886754061196,3.5,0.0,0.1359284256788573,-0.0003742671876008,0.0049453063097182
North East,2010-07-01,116700.0,129768.30907054873,132157.60253637496,118848.67982374909,-0.018244546532343975,-0.1570916740658039,0.12060258100111595,3.5,0.0,0.0383676789587852,0.0019758771097468,2.878069880374312e-05
North East,2010-08-01,119375.0,132003.7583518931,131783.51216166167,119175.82469403038,0.0016698777085206729,-0.13717724982493926,0.1405170052419806,3.5,0.0,0.0329024676850764,0.0042199440237662,0.0170797720826829
North East,2010-09-01,115637.0,127870.31291759468,131949.55466494054,119325.9819628566,-0.03140311794058448,-0.1702502454740444,0.10744400959287545,3.5,0.0,-0.0266627600351596,0.0020839809489552,-0.031813824569685
North East,2010-10-01,118073.0,130273.87666666666,132113.93474120653,119740.7263515467,-0.014025714299416236,-0.15287284183287617,0.1248214132340437,3.5,0.0,-0.1171383647798741,0.0032358016167126,0.0186224079987855
North East,2010-11-01,113784.0,125124.59800664452,132293.2572481979,120302.93181784762,-0.05571107930391683,-0.19455820683737676,0.0831360482295431,3.5,0.0,-0.0853127196064652,0.0021556497905046,-0.0403289530768535
North East,2010-12-01,113238.0,123295.32236842104,129204.85027334769,118665.48182204743,-0.04681665900434773,-0.18566378653780766,0.0920304685291122,3.5,0.0,-0.2699065836298933,0.0022625577966695,-0.0147275524412169
North East,2011-01-01,110800.0,120508.65279299012,129073.51924005739,118674.84699513837,-0.06866060084709602,-0.20750772838055595,0.07018652668636391,3.5,0.0,0.0431454418928323,-0.0163713816369525,-0.0228609146915097
North East,2011-02-01,110514.0,119283.04565217393,128763.10924018193,119297.1404843579,-0.07647514993472093,-0.21532227746818086,0.062371977598739,3.5,0.0,-0.0606834249803613,-0.0196818115185289,-0.01022235399628
North East,2011-03-01,109475.0,117905.28741865508,128653.75394944703,119454.94576172222,-0.08724306467863663,-0.22609019221209656,0.0516040628548233,3.5,0.0,-0.0745834007442161,-0.0227085936841135,-0.0116175505910671
North East,2011-04-01,113001.0,120396.98819742489,128028.37677012176,120163.59229582426,-0.06145741527553028,-0.2003045428089902,0.07738971225792965,3.5,0.0,-0.0350156172940983,-0.019300348731664,0.020912864414246
North East,2011-05-01,113513.0,120683.52141327622,128286.2462439555,120664.00200589572,-0.06109247228228476,-0.1999395998157447,0.07775465525117517,3.5,0.0,-0.0608264462809917,-0.0243540095191028,0.0023770760335217
North East,2011-06-01,113222.0,120503.1575562701,128394.76515402741,120636.77330182031,-0.06343366422243157,-0.2022807917558915,0.07541346331102836,3.5,0.0,-0.0672930772419511,-0.0242603244200083,-0.0014956372499383
North East,2011-07-01,111277.0,118433.077170418,128594.88061109828,120824.79719048811,-0.08231895096092856,-0.2211660784943885,0.05652817657253137,3.5,0.0,-0.0658049353701527,-0.0221219143371165,-0.0173279049465406
North East,2011-08-01,110658.0,117146.47547974414,129007.2799280265,121861.86160371486,-0.09644375735228117,-0.2352908848857411,0.04240337018117876,3.5,0.0,0.0483503981797497,-0.0243071167631787,-0.0109229724596584
North East,2011-09-01,110918.0,116675.39618644067,129182.00552756649,122807.46547635728,-0.101826618074913,-0.24067374560837293,0.03702050945854693,3.5,0.0,0.1034015653220952,-0.0240741527518716,-0.004029391496326
North East,2011-10-01,109974.0,115559.98095238094,129583.52978679881,123319.6733620593,-0.11453598009459576,-0.2533831076280557,0.024311147438864172,3.5,0.0,-0.0051944197091124,-0.0302770712725164,-0.009605976702149
North East,2011-11-01,110721.0,116221.9376321353,129455.31155174473,123328.020874069,-0.10783411842793278,-0.2466812459613927,0.03101300910552715,3.5,0.0,0.0714505224339274,-0.029145779278031,0.0057119078445797
North East,2011-12-01,109112.0,113930.82649842271,128226.12271599256,122802.66133223457,-0.11820380994023161,-0.25705093747369157,0.020643317593228322,3.5,0.0,0.1238385376999238,-0.0269392924127539,-0.0199101394894185
North East,2012-01-01,106921.0,112233.14270613108,128836.22806047325,122738.23942115578,-0.1379637088742367,-0.27681083640769666,0.0008834186592232285,3.5,0.0,0.1703357794084945,-0.035784035268368,-0.0150131401169506
North East,2012-02-01,107716.0,112473.17350157729,128275.61801650876,122850.06317593135,-0.131466479274291,-0.27031360680775096,0.007380648259168926,3.5,0.0,0.1381977838176875,-0.0296249140126234,0.0021363964377378
North East,2012-03-01,110337.0,114847.63207547169,128005.54850346873,122978.14025408779,-0.10846729928143617,-0.2473144268148961,0.03037982825202376,3.5,0.0,0.3104895104895104,-0.0273260004900204,0.0208915759369023
North East,2012-04-01,109778.0,113551.61875,127680.94509479839,123437.77169285645,-0.11727701144797287,-0.2561241389814328,0.021570116085487062,3.5,0.0,-0.087052810902896,-0.0282768644627434,-0.011348787097658
North East,2012-05-01,109371.0,113248.59541188736,127402.37448744022,123040.15824114319,-0.11776501927116634,-0.2566121468046263,0.021082108262293592,3.5,0.0,0.1432594156986977,-0.0238767081819754,-0.0026721625421988
North East,2012-06-01,111115.0,115536.32984293194,127667.40732794353,122781.84692667278,-0.0998434774221959,-0.23869060495565583,0.03900365011126403,3.5,0.0,0.0754074074074073,-0.0207619834057813,0.0199996628556835
North East,2012-07-01,110824.0,115113.21338912136,127798.25729061152,123036.38869065922,-0.10453679727741161,-0.24338392481087154,0.03431033025604832,3.5,0.0,-0.0043326345213137,-0.0177132889742622,-0.0036689162485235
North East,2012-08-01,113295.0,117067.57023933405,127403.31130508687,123297.66582496322,-0.08460644269759676,-0.2234535702310567,0.05424068483586317,3.5,0.0,0.0538524145415084,-0.0187407855339124,0.0168351831590509
North East,2012-09-01,111825.0,115069.66321243525,127160.31513065759,123574.72719142454,-0.09991090223602406,-0.238758029769484,0.03893622529743587,3.5,0.0,-0.1242668121675077,-0.0186149287711132,-0.0172135794833021
North East,2012-10-01,110557.0,113178.45463917524,126922.58733157159,123982.78923627839,-0.11461153442663274,-0.2534586619600927,0.024235593106827186,3.5,0.0,0.0665373713262718,-0.0164313505112781,-0.0165718944136994
North East,2012-11-01,110483.0,112869.97839506171,127316.65176196444,124624.154594793,-0.12044078169813055,-0.2592879092315905,0.01840634583532938,3.5,0.0,0.1029685931449877,-0.0204647467619663,-0.0027292950582378
North East,2012-12-01,108670.0,110562.81762295082,123797.42160226857,121678.02969165571,-0.11306268820454513,-0.2519098157380051,0.025784439328914804,3.5,0.0,-0.0634318243426402,-0.0214458389658759,-0.0206526778463214
North East,2013-01-01,107464.0,109898.81771369722,125931.85031068115,123141.81938738308,-0.13618078656353028,-0.27502791409699023,0.0026663409699296536,3.5,0.0,0.0258407752232567,-0.0033610523532522,-0.0060237411922798
North East,2013-02-01,105972.0,107597.33742331289,125406.620243974,123512.26042155748,-0.15316551753444685,-0.2920126450679068,-0.01431839000098692,3.5,0.0,0.0308596620132255,-0.0034959635892494,-0.0211642012295403
North East,2013-03-01,108955.0,110287.78287461774,125105.67401641236,123593.8229708968,-0.126065614862247,-0.26491274239570695,0.012781512671212941,3.5,0.0,-0.0963180362860192,-0.0053991688106075,0.0246972551436748
North East,2013-04-01,109114.0,110224.01017293998,125080.3456301278,123820.72482821313,-0.1264415447141829,-0.26528867224764285,0.012405582819277033,2.3,0.0,0.1528270199664116,-0.0053128144421424,-0.0005784062845286
North East,2013-05-01,109606.0,110496.20101522842,124968.83090680542,123962.03267190668,-0.12308321304906045,-0.2619303405825204,0.015763914484399483,2.3,0.0,0.2033559113300491,-0.0010934269681357,0.0024663892699532
North East,2013-06-01,109413.0,110526.05188199387,125205.31480134209,123944.43549820673,-0.12470365144707074,-0.2635507789805307,0.01414347608638919,2.3,0.0,0.0724617715938835,-0.0041600785983296,0.0002701163937626
North East,2013-07-01,112174.0,113315.13936927772,125455.41288247258,124192.01496824829,-0.10177763853153543,-0.24062476606499536,0.0370694890019245,2.3,0.0,0.1975014037057831,-0.0062960653693433,0.0249215242701357
North East,2013-08-01,113740.0,114431.42857142857,125332.83906317546,124575.54094194782,-0.0909971445787896,-0.22984427211224953,0.04784998295467033,2.3,0.0,0.1693911700347534,-0.0052555376891019,0.0098029854123264
North East,2013-09-01,112720.0,112947.48738647831,125096.37565078618,124844.41920435961,-0.10216144813115413,-0.24100857566461406,0.0366856794023058,2.3,0.0,0.2560747663551401,-0.0041053698074976,-0.0130527691847355
North East,2013-10-01,106785.0,107000.5095862765,125297.75110459844,125045.38906813398,-0.15785931671402054,-0.2967064442474805,-0.019012189180560607,2.3,0.0,0.2271646384109666,-0.003996614693532,-0.0540894003664771
North East,2013-11-01,110180.0,110291.06854838708,125081.82484620714,124955.86127637209,-0.12584517311076482,-0.2646923006442248,0.013001954422695111,2.3,0.0,0.2224678195293199,0.001164024608574,0.0302893518657381
North East,2013-12-01,110007.0,109675.65361445784,122800.05551301659,123171.05265958158,-0.11303006118141745,-0.2518771887148774,0.025817066352042478,2.3,0.0,0.3173661360347322,0.002216961498439,-0.0055955422129496
North East,2014-01-01,108358.0,108686.35757575756,123177.37968653018,122805.24258777934,-0.1251591468332922,-0.26400627436675217,0.013687980700167718,2.3,0.0,0.4030375995554731,-0.0063999321789911,-0.0090611256240222
North East,2014-02-01,108598.0,108379.71256281406,123030.57980468118,123278.37553439857,-0.12679202276015467,-0.2656391502936146,0.012055104773305264,2.3,0.0,0.3382038488952246,-0.0054991273485031,-0.0028253629573242
North East,2014-03-01,110048.0,109606.48345035104,122842.53159738639,123337.36556152492,-0.1140067759279706,-0.25285390346143055,0.024840351605489336,2.3,0.0,0.1703572483023323,-0.0033632271360587,0.0112556103226157
North East,2014-04-01,111939.0,111044.38261738262,122519.70679417452,123506.77391839748,-0.09834192403937614,-0.23718905157283607,0.04050520349408379,2.3,0.0,0.3133700226610554,-0.0023114632151787,0.0130334364629174
North East,2014-05-01,112221.0,111435.453,122561.5065758027,123425.48497059688,-0.09516747206016163,-0.23401459959362156,0.0436796554732983,2.3,0.0,0.1248560828962517,-0.0042723350405954,0.003515561617597
North East,2014-06-01,114685.0,113654.89520958083,122656.21993270075,123767.90772665273,-0.07621886023554225,-0.21506598776900218,0.06262826729791768,2.3,0.0,0.1939627488760436,-0.001248685925739,0.0197210956328373
North East,2014-07-01,114743.0,114053.85285285284,122993.38027611788,123736.54269470472,-0.07545980473286384,-0.21430693226632377,0.06338732280059609,2.3,0.0,0.1186261868479663,-0.0052660752251857,0.0035041082513753
North East,2014-08-01,114790.0,113758.95209580836,122759.45774865421,123872.081232781,-0.07614505809762484,-0.21499218563108477,0.06270206943583509,2.3,0.0,0.0836543753439735,-0.0022788862618979,-0.0025889758201493
North East,2014-09-01,113770.0,112635.702891326,122802.140734504,124038.81888893004,-0.08641570561763245,-0.22526283315109238,0.052431421915827475,2.3,0.0,0.1305803571428572,-0.0012183278202015,-0.0099230118429041
North East,2014-10-01,112226.0,110996.43227091632,122840.15730934497,124200.9244094485,-0.10138591708306777,-0.2402330446165277,0.03746121045039216,2.3,0.0,0.1242448421292601,0.0018295896549866,-0.0146606835425409
North East,2014-11-01,112377.0,111478.88211788212,123003.29555782456,123994.2586640306,-0.09837597325033443,-0.23722310078379436,0.040471154283125504,2.3,0.0,-0.1049776643267389,0.0008317514182785,0.0043371158238763
North East,2014-12-01,112396.0,111497.73026973028,118545.64108780936,119500.69156988637,-0.061293808912781245,-0.20014093644624117,0.07755331862067869,2.3,0.0,-0.0041744479841809,0.0048441949539466,0.000169059451494
North East,2015-01-01,110842.0,110842.0,119090.17073491598,119090.17073491598,-0.07177517958237445,-0.21062230711583438,0.06707194795108548,2.3,0.0,-0.1188118811881188,0.0276450211754817,-0.0058984705082796
North East,2015-02-01,112138.0,111912.59698492462,118971.56134880218,119211.1818147615,-0.061166301715262605,-0.20001342924872254,0.07768082581819732,2.3,0.0,-0.0893475366178429,0.0296836283044472,0.0096124187143544
North East,2015-03-01,111241.0,110794.6970912738,118953.17831226639,119432.3451936854,-0.07105104314443089,-0.20989817067789082,0.06779608438902904,2.3,0.0,-0.0131180625630675,0.0328038817235516,-0.010039269592978
North East,2015-04-01,115045.0,114354.03903903902,118971.2908801581,119690.15064378447,-0.0395829693292864,-0.17843009686274633,0.09926415820417353,2.3,0.0,-0.0918166132610303,0.0328038817235516,0.0316203285873264
North East,2015-05-01,114110.0,113198.03196803197,118962.36465798621,119920.77242965176,-0.04966839953491231,-0.18851552706837224,0.08917872799854762,2.3,0.0,-0.0525417946093483,0.0348715571624373,-0.0101604613915746
North East,2015-06-01,115977.0,114935.29041916168,119098.48454981185,120177.92700796726,-0.03558147411196089,-0.17442860164542082,0.10326565342149904,2.3,0.0,0.0564819795589026,0.0317721096139378,0.0152304978088597
North East,2015-07-01,116059.0,115246.587,119220.85391184318,120061.2828920878,-0.03390362069893449,-0.17275074823239442,0.10494350683452544,2.3,0.0,0.081001781410458,0.0328038817235516,0.0027047895699947
North East,2015-08-01,116959.0,115792.90827517449,119343.4755441211,120545.32323338719,-0.030202362597734123,-0.16904949013119405,0.10864476493572581,2.3,0.0,-0.0425596749619096,0.0317710778418283,0.004729254561159
North East,2015-09-01,116659.0,115611.16467065868,119420.56463656704,120502.92624958728,-0.03241888749443689,-0.17126601502789682,0.10642824003902304,2.3,0.0,0.0303828013600964,0.0317741669860405,-0.0015707903458341
North East,2015-10-01,114964.0,113817.79860418742,119475.0568795454,120678.22965778857,-0.04850870858327738,-0.1873558361167373,0.09033841895018255,2.3,0.0,0.0396431106154313,0.0338346241204814,-0.0156336198108313
North East,2015-11-01,116401.0,115240.47158524426,119847.44920260255,121054.37215529745,-0.03919867499589813,-0.17804580252935806,0.0996484525375618,2.3,0.0,0.110992275698158,0.0338335964610627,0.0124220904490748
North East,2015-12-01,116936.0,115770.13758723828,117380.41144792797,118562.4901130632,-0.013813387718153436,-0.15266051525161337,0.1250337398153065,2.3,0.0,0.0854936569222284,0.0307444522485296,0.0045856502612657
North East,2016-01-01,114570.0,114339.70854271356,118177.97749965974,118415.99960942744,-0.033017855251266326,-0.17186498278472626,0.1058292722821936,2.3,0.0,0.0898876404494382,0.0157588189495117,-0.0124327358781144
North East,2016-02-01,114559.0,113985.05711422846,118386.31728388014,118982.42160051598,-0.03788579043352236,-0.1767329179669823,0.10096133709993757,2.3,0.0,0.1713700833455183,0.0157425014568506,-0.0031065549344493
North East,2016-03-01,116217.0,115173.13473053892,118281.39932546043,119353.43617735282,-0.02663000993088893,-0.16547713746434886,0.112217117602571,2.3,0.0,0.9134713701431494,0.0147288232101854,0.0103691537434311
North East,2016-04-01,115881.0,114840.15269461078,118486.96374215755,119560.86371565143,-0.03126175902774797,-0.1701088865612079,0.10758536850571196,2.3,0.0,-0.1566019812729,0.0127095231317,-0.0028953307199746
North East,2016-05-01,117976.0,116683.4342629482,118570.98871768486,119884.46391999557,-0.016047264376423342,-0.15489439190988327,0.12279986315703659,2.3,0.0,-0.1540031208738447,0.0147410367187246,0.0159233928610156
North East,2016-06-01,120059.0,118507.54174950298,118856.21234775969,120412.23526872734,-0.002937860924594915,-0.14178498845805484,0.13590926660886501,2.3,0.0,-0.115682281059063,0.0147471069784463,0.0155120242636108
North East,2016-07-01,120828.0,119266.60437375748,120029.95829810455,121601.34748025496,-0.006380004001288242,-0.14522713153474817,0.1324671235321717,2.3,0.0,-0.125436215587437,0.0137414351028426,0.0063847581012179
North East,2016-08-01,119319.0,117426.9246778989,120346.35991237345,122285.47547994442,-0.02455769544684472,-0.16340482298030465,0.11428943208661521,2.3,0.0,-0.0169743263314237,0.0117179991046332,-0.0155451376286475
North East,2016-09-01,118057.0,115955.0949554896,121221.81951565562,123419.19388754062,-0.04441908273267536,-0.1832662102661353,0.09442804480078457,2.3,0.0,-0.0512028954651905,0.0117360475922287,-0.0126132187719978
North East,2016-10-01,117519.0,115312.6156126482,121581.7056058057,123908.04236966303,-0.05293967405580169,-0.19178680158926162,0.08590745347765824,2.3,0.0,-0.1879266627657499,0.0087278770657364,-0.0055561668690664
North East,2016-11-01,118179.0,115731.50591715974,122243.52024130154,124828.73063915386,-0.054742218681948174,-0.1935893462154081,0.08410490885151176,2.3,0.0,-0.070167932399187,0.0087368300598409,0.0036260672698755
North East,2016-12-01,119525.0,116475.29440628066,120820.16377341238,123983.63231128623,-0.03662400489080753,-0.17547113242426746,0.1022231226426524,2.05,0.0,-0.0490853658536585,0.0067472110656399,0.0064062812274841
North East,2017-01-01,115477.0,113085.4644970414,121218.27458676655,123781.80305234774,-0.06944898686094447,-0.2082961143944044,0.06939814067251546,2.05,0.0,-0.0498969072164948,-0.0073914208180058,-0.0295353295077038
North East,2017-02-01,117401.0,114181.38393731636,121743.79318310498,125176.64938564973,-0.06413050952181898,-0.2029776370552789,0.07471661801164095,2.05,0.0,-0.096242666333791,-0.0104530575182543,0.0096444152988794
North East,2017-03-01,115290.0,111690.7024390244,121463.28591347416,125377.51063576134,-0.08387857784779662,-0.22272570538125655,0.05496854968566331,2.05,0.0,-0.4064524747845836,-0.0142743113440489,-0.0220548054082634
North East,2017-04-01,118166.0,114031.91253644314,121001.84577309196,125388.61963797749,-0.059327456053130945,-0.19817458358659087,0.07951967148032899,2.05,0.0,0.1922767497988737,-0.0141856591485788,0.0207448780328114
North East,2017-05-01,120226.0,115570.5885769603,121000.7335388281,125874.88191904273,-0.04591510809048671,-0.18476223562394664,0.09293201944297322,2.05,0.0,0.15394438138479,-0.0180177848661742,0.013403156041905
North East,2017-06-01,121193.0,116500.14424007744,121054.10683280796,125930.4051946532,-0.038345098439018344,-0.17719222597247827,0.10050202909444159,2.05,0.0,0.1407185628742515,-0.0198677783153946,0.0080110113249975
North East,2017-07-01,121086.0,116510.07558139534,121205.6630500226,125966.00631180596,-0.03951104243551562,-0.17835816996897555,0.09933608509794431,2.05,0.0,-0.0033252050543116,-0.017915323690525,8.52438260565691e-05
North East,2017-08-01,122746.0,117424.64161849712,120933.72816633347,126414.10859683197,-0.02944591454405021,-0.16829304207751014,0.10940121298940972,2.05,0.0,0.0321605870925965,-0.0169636912522406,0.0078190249616731
North East,2017-09-01,120655.0,115091.65706051872,120575.04952700938,126403.450712605,-0.046543547881130465,-0.1853906754145904,0.09230357965232946,2.05,0.0,0.021541568495456,-0.0197314074480505,-0.0200679510742816
North East,2017-10-01,121660.0,115938.94433781187,120473.53223130526,126418.3490282176,-0.038366368647063,-0.17721349618052293,0.10048075888639693,2.05,0.0,0.09343100756575,-0.0206189388122824,0.0073348817937297
North East,2017-11-01,120275.0,114180.76003824091,120263.19713788298,126682.07875752829,-0.05189984346661447,-0.1907469710000744,0.08694728406684546,2.05,0.0,0.0408374554239043,-0.0205910484547418,-0.0152809036185974
North East,2017-12-01,123106.0,116534.08770257387,118099.59785073603,124759.79672247946,-0.013344489526062375,-0.1521916170595223,0.12550263800739755,2.05,0.0,-0.0350539702896227,-0.0224082092374285,0.0204010215067533
North East,2018-01-01,117478.0,111739.13218390803,118083.55142245624,124148.26554385129,-0.05522545919579969,-0.19407258672925962,0.08362166833766024,2.05,0.0,-0.0034722222222222,-0.0155635471385316,-0.0420168508988076
North East,2018-02-01,119630.0,113243.65109628216,117865.6674766678,124512.67390032682,-0.040003862937043166,-0.1788509904705031,0.09884326459641676,2.05,0.0,-0.0251381215469613,-0.0157023518677653,0.0133747242179218
North East,2018-03-01,117354.0,110983.35428571427,117875.12543758604,124641.37130862573,-0.060245576433691994,-0.19909270396715192,0.07860155109976794,2.3,0.0,-0.0719108710330858,-0.0136313853075967,-0.0201614731546495
North East,2018-04-01,121414.0,114387.19354838708,117381.94415841665,124592.7181701623,-0.025843969765112718,-0.16469109729857265,0.11300315776834721,2.3,0.0,-0.0412955465587044,-0.010710140634635,0.0302088994952978
North East,2018-05-01,121896.0,114407.11531190923,116921.63542249096,124575.11608962281,-0.021740653885373717,-0.16058778141883365,0.11710647364808621,2.3,0.0,-0.0111889831550473,-0.0106185693975947,0.0001741456216439
North East,2018-06-01,121148.0,113705.0699432892,117615.34619196653,125314.23592255851,-0.033811531487852875,-0.1726586590213128,0.10503559604560705,2.3,0.0,-0.0569351907934585,-0.0105276905706641,-0.0061552835013714
North East,2018-07-01,124172.0,116543.2854442344,117563.58065341723,125259.08190464797,-0.00871654630380192,-0.14756367383726185,0.130130581229658,2.3,0.0,-0.0262455516014235,-0.0105276905706641,0.024654762583502
North East,2018-08-01,123349.0,115009.91267605634,117259.16967333987,125761.34511793249,-0.01936828860607065,-0.15821541613953058,0.11947883892738928,2.3,0.0,0.0320995399414469,-0.0114855534065106,-0.0132444310445265
North East,2018-09-01,123205.0,114767.88461538462,117131.4504370999,125742.32242290885,-0.02038511813349686,-0.1592322456669568,0.11846200939996307,2.3,0.0,-0.1042284459088412,-0.0122734293165591,-0.0021066278207229
North East,2018-10-01,123712.0,115132.1611996251,117626.65483758778,126392.38742367187,-0.021434970234682993,-0.16028209776814292,0.11741215729877694,2.3,0.0,0.0120812740252609,-0.0103479789691919,0.0031690023184225
North East,2018-11-01,121948.0,113172.30280373832,117369.56501396307,126470.72967264903,-0.036416171043301304,-0.17526329857676123,0.10243095649015863,2.3,0.0,0.0721706454465074,-0.0103257044993751,-0.0171692353766204
North East,2018-12-01,121760.0,112892.324929972,114862.9787413133,123885.44837054033,-0.017305441058880433,-0.15615256859234036,0.1215416864745795,2.55,0.0,-0.0709934655000553,-0.0093120104481601,-0.0024769732418654
North East,2019-01-01,118687.0,110871.2991533396,115385.42065450415,123519.33751836648,-0.03990794708680667,-0.1787550746202666,0.09893918044665326,2.55,0.0,-0.0319396051103367,-0.0034887488040303,-0.0180644261874931
North East,2019-02-01,117822.0,109547.98314606742,114904.20892919388,123582.77455828706,-0.04773615990016644,-0.18658328743362637,0.09111096763329349,2.55,0.0,-0.0062340606404081,-0.0007746962952288,-0.0120074060021249
North East,2019-03-01,117948.0,109460.15327102804,115176.4345537921,124107.53773671456,-0.05090458020958977,-0.1897517077430497,0.08794254732387016,2.55,0.0,-0.0240087304474354,-0.0006895598961764,-0.0008020695594677
North East,2019-04-01,121919.0,112514.46747211897,114846.90404070272,124446.3935023123,-0.020518159097465016,-0.15936528663092495,0.11832896843599491,2.55,0.0,0.0387105855855856,-0.0016065790005367,0.0275212271666909
North East,2019-05-01,121907.0,112190.59406858202,114907.26689992877,124858.95366064768,-0.023926270541299033,-0.16277339807475896,0.1149208569921609,2.55,0.0,-0.0024869435463814,-0.0033916336211941,-0.0028826553847114
North East,2019-06-01,122531.0,112764.85912882298,115154.52428296869,125127.62507686125,-0.020970157855888516,-0.15981728538934845,0.11787696967757141,2.55,0.0,-0.1023335474202525,-0.002390876758328,0.0051056002380267
North East,2019-07-01,122847.0,113055.67284522706,115477.55718870168,125478.63464915319,-0.021195823595039798,-0.16004295112849973,0.11765130393842013,2.55,0.0,0.0114207400639561,-0.002390876758328,0.0025756194499138
North East,2019-08-01,124357.0,113917.43634686344,114783.96054756019,125302.93376994488,-0.007577814206767286,-0.14642494174022722,0.13126931332669264,2.55,0.0,-0.0541991692837605,-0.002390876758328,0.007593566001141
North East,2019-09-01,124808.0,114225.20184331798,114995.26164537424,125649.40471825885,-0.006718969915116446,-0.14556609744857638,0.13212815761834348,2.55,0.0,0.0246444335458557,-0.0004224012476381,0.0026980110827867
North East,2019-10-01,122347.0,112179.6592797784,115569.08479873608,126043.6242064765,-0.02976680112287511,-0.16861392865633504,0.10908032641058482,2.55,0.0,-0.0232230059685295,-0.0004059654505967,-0.0180702677035018
North East,2019-11-01,122515.0,112126.63133640554,115979.97581455017,126725.35121730808,-0.033788684378338374,-0.1726358119117983,0.10505844315512156,2.55,0.0,-0.0508195031440057,0.0023794440670774,-0.0004728172733372
North East,2019-12-01,122342.0,111968.3004608295,111580.45080379449,121918.21663858712,0.003469937040563309,-0.13537719049289662,0.14231706457402324,2.55,0.0,0.0376728659990461,0.0033448564426468,-0.0014130699043661
North East,2020-01-01,120484.0,110573.5785582255,112141.64245837387,122192.60537760376,-0.014081568416640877,-0.1529286959501008,0.12476555911681905,2.55,0.0,0.065236952609478,0.0200187269355756,-0.0125346309639429
North East,2020-02-01,120149.0,109859.99723756906,111772.16829653515,122240.25656599917,-0.017255785068902796,-0.15610291260236273,0.12159134246455713,2.55,0.0,0.0116909039064727,0.0152065621853751,-0.0064743659009494
North East,2020-03-01,121391.0,110995.63812154696,111735.8034975244,122200.48600031369,-0.006646283032250011,-0.14549341056570994,0.13220084450120992,2.55,0.0,-0.0745434215430488,0.0162249187936491,0.0102841015684749
North East,2020-04-01,116581.0,106695.79078341014,112839.64502312678,123294.07336363802,-0.0559860318344203,-0.19483315936788023,0.08286109569903963,2.55,0.0,-0.5603740344220084,0.0181279617127385,-0.0395091958860582
North East,2020-05-01,121101.0,110832.52811059909,112851.86806923628,123307.42885712121,-0.018055750452571573,-0.1569028779860315,0.12079137708088836,2.55,0.0,-0.4977561705310396,0.0247807191248172,0.0380385977820001
North East,2020-06-01,122678.0,112172.42541436464,113330.59616044769,123944.63990961348,-0.010271977036335755,-0.14911910456979569,0.12857515049712417,2.55,0.0,-0.2907226329596947,0.0276379144383625,0.0120168938547671
North East,2020-07-01,123730.0,112615.84784601284,113123.2125823906,124287.43698629217,-0.004495151080618598,-0.14334227861407853,0.13435197645284133,1.9,0.0,-0.2028003613369466,0.0266916548486402,0.0039452503493393
North East,2020-08-01,124454.0,113796.3370165746,113677.6717763149,124324.22109675528,0.0010433301954257956,-0.13780379733803413,0.13989045772888573,1.9,0.0,-0.2152956298200514,0.0219863768704156,0.0104278828326407
North East,2020-09-01,127530.0,116074.509624198,114093.94313006583,125353.96974310355,0.01721013766509749,-0.12163698986836244,0.15605726519855742,1.9,0.0,-0.0136412588249371,0.0314492621463633,0.0198219759802835
North East,2020-10-01,127455.0,116006.24656278644,115043.60607281254,126397.3557154466,0.008332799602413843,-0.1305143279310461,0.14717992713587377,1.9,0.0,0.1153205199422287,0.0276693409679338,-0.0005882699151946
North East,2020-11-01,129955.0,118498.91184573002,115949.40766453436,127159.01807319027,0.021749822650253492,-0.11709730488320644,0.16059695018371342,1.9,0.0,0.0907906168549088,0.0257750196020944,0.0212597384608521
North East,2020-12-01,131490.0,119569.20329670329,113230.78070648493,124519.65008205596,0.054467267663836694,-0.08437985986962324,0.19331439519729662,1.9,0.0,0.2922794117647058,0.0295567043122275,0.0089915330425807
North East,2021-01-01,132623.0,120820.76972477062,113574.4291633607,124668.80945424289,0.0618498199729931,-0.07699730756046683,0.20069694750645303,1.9,0.0,0.1796424046177671,0.015443318401018,0.0104128946901749
North East,2021-02-01,133797.0,121778.57103574702,113836.59885569794,125071.22794719682,0.06744032732603067,-0.07140680020742926,0.2062874548594906,1.9,0.0,0.5025366403607667,0.0144936880706996,0.0078961986008767
North East,2021-03-01,136174.0,123602.1773308958,113895.28757206573,125479.80322642489,0.08178866459653733,-0.0570584629369226,0.22063579212999726,1.9,0.0,1.0385286615653109,0.0173108141700537,0.0148637566839902
North East,2021-04-01,133960.0,120819.50953678474,113833.86385981168,126214.58621314468,0.059557724361907205,-0.07928940317155272,0.19840485189536713,1.9,0.0,2.0499383477188657,0.0145211135827501,-0.0227703855656944
North East,2021-05-01,133791.0,119904.75,113778.47462447919,126955.23653970084,0.05244432472202831,-0.08640280281143162,0.19129145225548824,1.9,0.0,1.160337552742616,0.0071426918200834,-0.0076000976527783
North East,2021-06-01,145095.0,129451.33423180591,113953.67106034482,127724.50744225961,0.12751304148575926,-0.01133408604770067,0.2663601690192192,1.9,0.0,2.216207128446537,0.000779876980065,0.0766073354765293
North East,2021-07-01,134393.0,119903.18867924529,114441.92645464533,128271.76650958738,0.04661715437615399,-0.09222997315730594,0.18546428190961392,1.9,0.0,-0.0728045325779036,-0.0027977553822745,-0.0766203569032875
North East,2021-08-01,137004.0,121360.36752899198,114266.13630059863,128995.30593451264,0.06023410688713504,-0.07861302064632489,0.19908123442059497,1.9,0.0,0.1814086814086815,0.0017934151730556,0.0120797072862437
North East,2021-09-01,146908.0,129786.16014234872,115002.57869656758,130174.1172758731,0.12093362254379869,-0.01791350498966124,0.25978075007725865,1.9,0.0,0.7786000242630111,-0.0099142745231679,0.0671238106488569
North East,2021-10-01,136801.0,119580.45158450706,114741.01244821842,131264.6426396537,0.0413118568854145,-0.09753527064804543,0.18015898441887443,1.9,0.0,-0.3247335391971312,-0.0080106129113782,-0.0818987942367321
North East,2021-11-01,138405.0,120031.5851528384,114574.22602834862,132112.27472553795,0.046532042536055584,-0.09231508499740435,0.18537917006951551,1.9,0.0,-0.1624850657108721,-0.0184893740425958,0.0037655378881318
North East,2021-12-01,140230.0,120980.35621198957,116150.76169333122,134631.95036155512,0.04073917002508054,-0.09810795750837939,0.17958629755854047,1.9,0.0,-0.1698968705547653,-0.0279894480730323,0.0078732693063887
North East,2022-01-01,140576.0,121489.9634464752,115881.8321379348,134086.8329571874,0.047260670565240304,-0.09158645696821963,0.18610779809870023,1.9,0.0,-0.1590881966821816,-0.0605654932798114,0.0042034669279367
North East,2022-02-01,140762.0,120705.2383419689,115891.4108687581,135148.29182882365,0.04069788736825153,-0.0981492401652084,0.17954501490171146,1.9,0.0,-0.2422622397298818,-0.0606538431363462,-0.006480127143126
North East,2022-03-01,143435.0,121631.9000853971,116725.57126644698,137649.18827090575,0.041173636389020274,-0.09767349114443966,0.1800207639224802,1.9,0.0,-0.3804412248929865,-0.0670993732852871,0.0076477445098692
North East,2022-04-01,144411.0,119500.1025,115484.30956107251,139558.07801942297,0.0341825563341871,-0.10466457119927283,0.17302968386764703,1.55,0.0,-0.1518091772791591,-0.0749192995443759,-0.0176820422447452
North East,2022-05-01,145424.0,119541.41721854304,115759.33023887343,140823.03215363453,0.03214960239371756,-0.10669752513974237,0.1709967299271775,1.55,0.0,-0.03125,-0.0914992993928071,0.0003456698150436
North East,2022-06-01,147826.0,120518.24137931036,115785.72455625857,142021.16063396068,0.04005984139151764,-0.0987872861419423,0.17890696892497757,1.8,0.0,-0.5382645060115003,-0.0917779956757225,0.0081382232881388
North East,2022-07-01,151552.0,122849.90693877552,115912.09773292269,142993.27263124904,0.058131215764872124,-0.0807159117685878,0.19697834329833205,2.05,0.0,0.4222425908952032,-0.0951698368471064,0.0191622192328093
North East,2022-08-01,151747.0,122408.42485783916,116194.72006638614,144044.00846094798,0.05209579318909796,-0.08675133434436197,0.1909429207225579,2.05,0.0,0.1072212593876371,-0.1003402949222659,-0.0036001432003605
North East,2022-09-01,152937.0,122670.79240710824,116270.18181067907,144957.18537927562,0.05358764631571589,-0.08525948121774404,0.19243477384917582,2.3,0.0,-0.3390628197258031,-0.0982902756176935,0.0021410844414031
North East,2022-10-01,153663.0,120909.1592709984,115429.23867992617,146698.58933944296,0.04638182372450572,-0.09246530380895421,0.18522895125796565,2.55,0.0,0.3732113881103407,-0.100989301120745,-0.0144647688723136
North East,2022-11-01,153022.0,119929.63378058404,115729.67833566693,147663.1444625277,0.035648073210872155,-0.10319905432258777,0.17449520074433209,2.55,0.0,0.1378982406086544,-0.1086707264626704,-0.0081343281872765
North East,2022-12-01,152252.0,118857.10377358492,106913.52792425526,136952.67625342667,0.10590160544597893,-0.032945522087481,0.24474873297943886,3.05,0.0,-0.009853271928885,-0.1051544856370917,-0.0089832226913983
North East,2023-01-01,150814.0,118479.66930379748,107581.73611904863,136941.90780914144,0.09649048414942207,-0.042356643384037856,0.235337611682882,3.55,0.0,-0.077348850411581,-0.0308061713265968,-0.0031805841385157
North East,2023-02-01,147783.0,114736.9186864738,107689.40969457975,138705.6948634114,0.06339059626655974,-0.07545653126690019,0.20223772380001967,3.55,0.0,-0.1979205347196435,-0.0263667820267862,-0.0320995347319232
North East,2023-03-01,144993.0,111697.47788983709,107346.00796505125,139344.4151731632,0.03973678996364072,-0.09911033756981921,0.17858391749710065,4.3,0.0,-0.1438137755102041,-0.0302485386918981,-0.0268477175682164
North East,2023-04-01,147442.0,112277.5352760736,107678.90651976869,141403.11591317056,0.041820088728783844,-0.09702703880467609,0.18066721626224377,4.8,0.0,-0.3309103908484271,-0.0269696077448906,0.0051796731689002
North East,2023-05-01,146913.0,111107.85148514852,107281.03403998502,141852.96847381708,0.035049486952635434,-0.1037976405808245,0.17389661448609536,4.8,0.0,-0.2743121442125237,-0.0143423829324975,-0.0104724350861467
North East,2023-06-01,149448.0,112853.12851711024,107712.82191628922,142640.84674715038,0.046618596447835614,-0.09222853108562432,0.18546572398129554,5.3,0.0,-0.1056266274199025,-0.0145725949171896,0.0155858610896402
North East,2023-07-01,150021.0,113805.08250572954,108971.43466691843,143649.15204329934,0.04340140182490693,-0.095445725708553,0.18224852935836686,5.55,0.0,-0.2306122448979591,-0.0079262390525752,0.0083999567608739
North East,2023-08-01,154429.0,116792.07692307692,109572.17252071948,144882.43959688288,0.0638117916131975,-0.07503533592026243,0.20265891914665743,5.55,0.0,-0.1681101951372221,0.0023487888360251,0.0259080510981188
North East,2023-09-01,151607.0,114049.81136363636,109639.74439233863,145744.67532516315,0.03943535465348624,-0.09941177287997369,0.17828248218694617,5.8,0.0,-0.1963880288957687,0.0041896818352147,-0.0237599387810458
North East,2023-10-01,150966.0,113567.60454545454,110650.12924037012,147087.78509293913,0.02602505985624326,-0.11282206767721667,0.1648721873897032,6.3,0.0,-0.1816521645719196,0.0045444099925231,-0.0042370003863201
North East,2023-11-01,150866.0,113750.9020501139,111290.84248385261,147603.26238794954,0.021864010787121302,-0.11698311674633863,0.16071113832058123,6.3,0.0,-0.2274341830338487,0.0240186150327661,0.0016126935473135
North East,2023-12-01,151215.0,113582.82526475038,105099.10452401765,139920.459396527,0.07762855118913237,-0.06121857634432756,0.2164756787225923,6.55,0.0,-0.222714981070849,0.0304175992629596,-0.0014786791029521
North East,2024-01-01,147973.0,111739.3072243346,106684.1596071571,141278.6202249865,0.04629585412533643,-0.0925512734081235,0.18514298165879636,6.55,0.0,-0.1255191508998615,0.0138419528149233,-0.0163637646853853
North East,2024-02-01,148690.0,111601.79138321994,107626.42639948445,143393.516743724,0.0362708855578191,-0.10257624197564083,0.17511801309127903,6.55,0.0,-0.0390432098765431,0.0128285230225502,-0.0012314424828225
North East,2024-03-01,147221.0,109917.63383458646,108673.3202279702,145554.3966799601,0.01138498207629901,-0.12746214545716092,0.15023210960975894,6.55,0.0,-0.0892613283674735,0.0186507341172861,-0.0152057996471253
North East,2024-04-01,146629.0,109065.61573033709,109270.94585152608,146905.04804812418,-0.0018808593506580706,-0.140727986884118,0.13696626818280186,6.55,0.0,0.1554764024933215,0.0212119274778292,-0.0077816217024579
North East,2024-05-01,149642.0,110974.23898431665,109695.27162943792,147917.39044493192,0.011591829542567211,-0.12725529799089272,0.15043895707602714,6.55,0.0,0.2681810753391076,0.029226424725115,0.0173484128651821
North East,2024-06-01,151871.0,112459.28635346756,110006.17160734498,148558.1834093148,0.022054787323032343,-0.11679234021042759,0.16090191485649227,6.55,0.0,-0.0363291139240505,0.0332341486822538,0.0132931639079636
North East,2024-07-01,151703.0,112586.75560538116,112123.57787803971,151078.89949729823,0.004122448452818617,-0.1347246790806413,0.14296957598627855,6.55,0.0,0.1451905626134302,0.0332646633461648,0.0011328283264688
North East,2024-08-01,153371.0,113400.89575577065,113870.27977956232,154005.82652965985,-0.004130613484711887,-0.14297774101817182,0.13471651404874804,6.55,0.0,0.1016056196688408,0.0308563140225714,0.0072052049539443
North East,2024-09-01,156297.0,115650.46274217586,115544.98737890588,156154.454242187,0.0009124346567581654,-0.13793469287670176,0.1397595621902181,6.55,0.0,0.0259406703480158,0.0301567573235574,0.0196430995554823
North East,2024-10-01,155424.0,114322.98666666666,117092.7025126982,159189.47471514862,-0.023938291463036165,-0.1627854189964961,0.11490883607042376,6.55,0.0,0.2412706747177737,0.0364205549190601,-0.0115447311227754
North East,2024-11-01,155962.0,114633.8016284234,118926.35354926591,161802.11847437892,-0.03676170987227145,-0.17560883740573138,0.10208541766118848,6.3,0.0,0.2058147396889791,0.030278803482503,0.0027150551420902
North East,2024-12-01,158022.0,115719.65044247788,112838.36061285474,154087.42899398896,0.025214101778871623,-0.11363302575458831,0.16406122931233155,6.3,0.0,0.1692179237406068,0.0271763893477983,0.0094277454669473
North East,2025-01-01,154863.0,113573.82496307236,114041.63422244701,155500.8788894192,-0.004110528518065593,-0.14295765605152552,0.13473659901539434,6.3,0.0,0.2318381706244503,0.033100865532855,-0.0187173937048772
North East,2025-02-01,157405.0,114928.79779411764,115086.4582888484,157620.92978130296,-0.0013708701075429985,-0.14021799764100293,0.13747625742591693,6.3,0.0,0.2725228842139071,0.02914850678678,0.0118597213144138
North East,2025-03-01,163641.0,119044.33186813186,,,,,,6.05,0.0,1.0438931297709924,0.0308415032679738,0.0351831734493455
North East,2025-04-01,149552.0,107456.68306801736,,,,,,6.05,0.0,-0.3213625154130702,0.0324997362034398,-0.1024081422861655
North East,2025-05-01,155465.0,111543.89089595377,,,,,,6.05,0.0,-0.1416237113402062,0.0236327741151667,0.0373303356088179
North East,2025-06-01,159956.0,114352.99352051836,,,,,,5.8,0.0,0.0572704584263759,0.0252161683198934,0.0248719449386189
North East,2025-07-01,161329.0,115251.58057553956,,,,,,5.8,0.0,0.0415701572595392,0.0230514892141961,0.0078272973988795
North East,2025-08-01,161608.0,115202.25699928212,,,,,,5.8,0.0,-0.0019357777271692,0.0200284217070789,-0.0004280560265748
North East,2025-09-01,162003.0,115483.83273510408,,,,,,5.55,0.0,0.0836149705845537,0.0216352190109869,0.0024412037672778
North East,2025-10-01,163273.0,115972.88197424891,126701.85950494105,178377.8444994034,-0.0884803759669257,-0.22732750350038564,0.050366751566534224,5.55,0.0,0.0487521150592216,0.0208745077533463,0.0042258438476103
North East,2025-11-01,167279.0,119073.8688172043,126382.93343300602,177547.02128805983,-0.05957240539693842,-0.19841953293039835,0.07927472213652151,5.55,0.0,0.0487521150592216,0.0232872357335875,0.0242394306605549
North East,2025-12-01,162910.0,115467.2591006424,127020.90413853707,179210.76203231665,-0.0953646536433741,-0.23421178117683403,0.04348247389008583,5.55,0.0,0.0487521150592216,0.0262474740770242,-0.0022257453629205
North East,2026-01-01,158295.0,112678.80645161292,126712.69271773656,178010.27828926736,-0.11738091103197945,-0.2562280385654394,0.02146621650148048,5.55,0.0,0.0487521150592216,-0.032119914346895,-0.0309632656498351
North West,2005-01-01,110684.0,142739.23636363636,156438.74098363396,121306.9794132912,-0.09164505824925939,-0.23049218578271932,0.04720206928420054,,,,,
North West,2005-02-01,109465.0,140801.48316062175,156062.16156243562,121329.29378267906,-0.10290342195520985,-0.24175054948866978,0.03594370557825008,,,,,-0.0136684662075001
North West,2005-03-01,112526.0,144178.4748387097,155728.8943741219,121540.67788514047,-0.07706469810349326,-0.2159118256369532,0.06178242942996667,,,,,0.0237009632656572
North West,2005-04-01,114572.0,146233.92802056557,155584.1280419531,121897.73576700858,-0.061979015472957144,-0.20082614300641707,0.07686811206050279,5.95,0.0,,,0.014155645451364
North West,2005-05-01,117039.0,148808.86939820743,155596.8718580833,122377.80153188625,-0.04460578100902168,-0.1834529085424816,0.09424134652443825,5.95,0.0,,,0.0174551405966472
North West,2005-06-01,118703.0,150924.55697823304,156463.19481392633,123059.1693350216,-0.03604071611273696,-0.1748878436461969,0.10280641142072297,5.95,0.0,,,0.0141173625078625
North West,2005-07-01,120041.0,152430.57928388746,156686.1001527221,123392.2762532011,-0.02753516727743488,-0.1663822948108948,0.11131196025602505,5.95,0.0,,,0.0099291852925844
North West,2005-08-01,121222.0,153537.55867346935,156578.0166837629,123622.52273924484,-0.019609175917853605,-0.15845630345131353,0.11923795161560632,5.95,0.0,,,0.0072359444155569
North West,2005-09-01,121247.0,153178.4618320611,157355.2012762376,124553.05962046603,-0.026902019562173862,-0.1657491470956338,0.11194510797128607,5.95,0.0,,,-0.0023415601499454
North West,2005-10-01,120898.0,152543.47395171536,157627.09084644078,124927.00956309054,-0.032782428370575545,-0.17162955590403547,0.10606469916288438,5.95,0.0,,,-0.0041540283449243
North West,2005-11-01,121267.0,153009.06099110545,158315.86130519182,125472.89309887812,-0.03409501782318003,-0.17294214535663996,0.1047521097102799,5.95,0.0,,,0.0030475112884627
North West,2005-12-01,123353.0,155246.55133079848,149929.9333303821,119128.61772172355,0.03484643308153146,-0.10400069445192847,0.1736935606149914,5.7,0.0,,,0.0145173651136492
North West,2006-01-01,121111.0,153201.55796178343,151110.8926565434,119458.258545203,0.01374047098051534,-0.1251066565529446,0.15258759851397527,5.7,0.0,,,-0.0132600801984885
North West,2006-02-01,122474.0,154335.89086294416,151326.35053252007,120085.76457162721,0.0196925702939037,-0.11915455723955623,0.15853969782736363,5.7,0.0,,0.0310797403529332,0.0073769100288583
North West,2006-03-01,122037.0,153590.29277566538,151486.17878219942,120365.15111697417,0.013794229014003179,-0.12505289851945675,0.1526413565474631,5.7,0.0,,0.029822243141744,-0.0048427161055855
North West,2006-04-01,126371.0,158043.32871536523,151083.4698118244,120805.91644570856,0.04503676350888952,-0.09381036402457041,0.18388389104234945,5.7,0.0,0.1462179198559208,0.0325138462910732,0.0285806071664769
North West,2006-05-01,126866.0,157669.5093867334,150884.63896302678,121406.67324416758,0.04398556514239438,-0.09486156239106555,0.1828326926758543,5.7,0.0,0.2431066681313851,0.0299835287803769,-0.0023680982095868
North West,2006-06-01,128805.0,159679.60674157305,150629.50515645562,121504.76699931615,0.058346136219336486,-0.08050099131412344,0.19719326375279642,5.7,0.0,0.3021215043394407,0.0274848798242575,0.0126682201710863
North West,2006-07-01,129938.0,161285.54249999998,150685.7535529236,121398.39158342284,0.06797978397801074,-0.07086734355544919,0.20682691151147067,5.7,0.0,0.1665584114317528,0.0249193745063445,0.0100070002225507
North West,2006-08-01,130349.0,160990.74253731343,150694.68226244085,122012.61282880408,0.0660910454646686,-0.07275608206879133,0.20493817299812853,5.7,0.0,0.2348654708520179,0.0275144808611285,-0.001829486428873
North West,2006-09-01,131529.0,162246.33167701864,150672.21976445912,122146.16003060383,0.07400899892146384,-0.06483812861199609,0.21285612645492377,5.7,0.0,0.1780707455203787,0.0250173085914735,0.0077688826870936
North West,2006-10-01,131326.0,161794.93548387097,150968.28948803828,122538.20878888102,0.06925989167529245,-0.06958723585816748,0.20810701920875238,5.7,0.0,0.2417287630402385,0.026355586989051,-0.0027860432041997
North West,2006-11-01,132398.0,162711.8985148515,151725.54301976867,123458.44789523976,0.0699078924836023,-0.06893923504985763,0.20875502001706223,5.7,0.0,0.2313411219465095,0.026386368778545,0.0056514401267691
North West,2006-12-01,133849.0,163483.46494464946,149431.27955430571,122344.03854748292,0.08987523476842973,-0.048971892765030195,0.22872236230188966,5.95,0.0,0.1617021276595744,0.0238458084597861,0.0047307102134208
North West,2007-01-01,132851.0,163673.7506203474,150975.3470472142,122543.93728102179,0.0807585621046254,-0.05808856542883453,0.21960568963808533,5.95,0.0,0.1619433198380566,-0.0195824261590183,0.0011632676163184
North West,2007-02-01,133656.0,163852.35555555555,150308.51308017308,122608.1526635853,0.0862758155926091,-0.05257131194085082,0.22512294312606904,5.95,0.0,0.1029126213592233,-0.0160812321511608,0.0010906303317153
North West,2007-03-01,133923.0,163372.898034398,150910.0282369389,123706.70995455013,0.07935148622501842,-0.05949564130844151,0.21819861375847835,6.2,0.0,0.0524578463734499,-0.0171984600357041,-0.0029304453675855
North West,2007-04-01,136370.0,165950.2573529412,151628.6382548584,124601.17705535192,0.09025372688884126,-0.04859340064461867,0.2291008544223012,6.2,0.0,0.0387901404301287,-0.0207868703529264,0.0156527829842278
North West,2007-05-01,137517.0,166936.89608801957,152128.92500077534,125318.69149107173,0.09288752114002996,-0.04595960639342997,0.2317346486734899,6.45,0.0,0.0388829975256275,-0.0169967054645707,0.0059277843195335
North West,2007-06-01,139534.0,168972.2707317073,151454.46264630102,125068.1363242365,0.1094496197749617,-0.029397507758498226,0.24829674730842163,6.45,0.0,-0.0048878027105088,-0.0132250743898504,0.0121187496797734
North West,2007-07-01,139945.0,170509.67484662577,152528.94932656916,125187.4055399334,0.11143762940081992,-0.027409498132640014,0.2502847569342799,6.45,0.0,0.0233853006681514,-0.0131678421068548,0.0090574161320571
North West,2007-08-01,140995.0,171158.96699266505,152809.73168124974,125879.51713520875,0.11339919248115571,-0.02544793505230422,0.25224632001461567,6.45,0.0,0.034876683310637,-0.0083532155696433,0.0038007171167571
North West,2007-09-01,140601.0,170472.2747252747,153415.42917488914,126532.96726508986,0.10542320672109895,-0.03342392081236098,0.24427033425455888,6.7,0.0,-0.1390180471274332,-0.0070500122771461,-0.0040200842800217
North West,2007-10-01,140841.0,169933.30862697447,153695.22936651608,127382.85374485674,0.10043444642683141,-0.038412681106628516,0.23928157396029134,6.7,0.0,-0.09521523443751,-0.007028900953684,-0.0031666140335513
North West,2007-11-01,140288.0,168855.73818181816,153415.09952172224,127459.67482922543,0.09589741372192684,-0.04294971381153309,0.23474454125538677,6.95,0.0,-0.1157374735356386,-0.0106274966214201,-0.0063613277294241
North West,2007-12-01,141847.0,169703.7,146242.20563217948,122236.6874871188,0.14878978531554132,0.009942657782081393,0.2876369128490013,6.95,0.0,-0.3186813186813186,-0.0105769083589721,0.0050092450286491
North West,2008-01-01,137996.0,166298.5776699029,145229.18668556956,120512.43688711915,0.13547174094352954,-0.0033753865899303903,0.2743188684769895,6.95,0.0,-0.3111293297806927,0.0190995071193866,-0.0202691418190106
North West,2008-02-01,136639.0,163472.92409638554,144781.1731478539,121015.48208733005,0.12142392296565596,-0.017423204567803968,0.2602710504991159,6.95,0.0,-0.2562137531068765,0.0176817078552513,-0.017137458598734
North West,2008-03-01,134901.0,160619.535971223,145081.91595566255,121851.27684493715,0.10173991724245468,-0.03710721029100525,0.2405870447759146,6.95,0.0,-0.4227345935407307,0.015338992332968,-0.0176089369957335
North West,2008-04-01,137179.0,162165.175,144588.77646807834,122310.74746544393,0.11472172563425254,-0.024125401899207394,0.2535688531677125,8.5,15.0,-0.3086594819436566,0.0154592326139089,0.0095769767889404
North West,2008-05-01,136500.0,160218.085106383,144886.35509656882,123437.92186475047,0.10058624189692722,-0.03826088563653271,0.23943336943038715,8.5,15.0,-0.3665362368152433,0.0106831168831167,-0.0120794954960796
North West,2008-06-01,135994.0,158500.04929577463,144647.69685795731,124108.59790833801,0.09145379520730579,-0.04739333232615414,0.23030092274076572,8.25,14.25,-0.4853762000446529,0.0059747474747475,-0.0107810147323252
North West,2008-07-01,133855.0,156190.3819036428,144755.21767728464,124055.07577378572,0.07603149805565224,-0.0628156294778077,0.21487862558911217,8.25,14.25,-0.5150007772423442,0.0013326931284676,-0.0146792443427568
North West,2008-08-01,132385.0,153393.5880980163,144644.9496501322,124834.5637967405,0.05872497294309653,-0.0801221545903634,0.19757210047655646,8.0,13.5,-0.577381387528328,-0.0036035145817754,-0.0180685705080829
North West,2008-09-01,128319.0,147991.59930313588,144807.8018013927,125558.42633534654,0.02174815234380212,-0.11709897518965781,0.16059527987726205,8.0,13.5,-0.5324485125858124,-0.006937413811393,-0.0358515787929754
North West,2008-10-01,126997.0,146807.94062863794,145648.28695315053,125993.83534013727,0.007930484249699887,-0.13091664328376004,0.14677761178315982,8.0,13.5,-0.4719667492041033,-0.0103425720620841,-0.0080303044945644
North West,2008-11-01,123649.0,143104.26223776225,147449.91340528938,127403.85267043131,-0.029915076830622667,-0.1687622043640826,0.10893205070283726,8.0,13.5,-0.5940409683426443,-0.0031936183723146,-0.0255517350446332
North West,2008-12-01,122404.0,142160.4350877193,144069.9331807398,124048.12977797839,-0.013342584384862022,-0.15218971191832195,0.1255045431485979,8.0,13.5,-0.4485407066052227,0.0003933566433567,-0.0066172267573971
North West,2009-01-01,118624.0,138743.97173144875,146291.58609989868,125077.09627272305,-0.05297149039120619,-0.19181861792466612,0.08587563714225374,8.0,13.5,-0.483040761678072,0.0068525472155345,-0.0243259396890813
North West,2009-02-01,118127.0,137032.83995327103,146179.76319297476,126011.96102032869,-0.06461651429128956,-0.2034636418247495,0.07423061324217037,7.5,12.0,-0.4906711222500696,0.0066382229473207,-0.0124096999112097
North West,2009-03-01,116002.0,134254.06293706293,146947.27495016946,126969.5487484848,-0.09033985173727466,-0.2291869792707346,0.04850727579618527,6.0,7.5,-0.27856093979442,0.0056763176043017,-0.0204866078966823
North West,2009-04-01,118897.0,137284.55930232556,147734.93775652564,127947.68023223773,-0.0733638600820381,-0.21221098761549803,0.06548326745142183,5.0,4.5,-0.3321482291809107,0.0081674191071721,0.0223218499949897
North West,2009-05-01,119324.0,137139.7361111111,147733.30720723848,128541.36699602625,-0.07440829229417645,-0.21325541982763638,0.06443883523928348,4.5,3.0,-0.265207466093729,0.0130589792801862,-0.0010554692647808
North West,2009-06-01,119914.0,137340.9480968858,147724.99685960886,128980.43532455276,-0.07288590952168583,-0.21173303705514576,0.0659612180117741,4.0,1.5,-0.0786695589298626,0.0155715263518136,0.0014661288272286
North West,2009-07-01,121746.0,139439.19031141867,148251.29148334693,129439.94936159294,-0.06128015488513583,-0.20012728241859576,0.0775669726483241,3.5,0.0,0.182051282051282,0.0192351503517578,0.0151620880264804
North West,2009-08-01,122580.0,139910.27586206896,147932.8197478614,129608.81488483325,-0.055756919634273316,-0.19460404716773325,0.08309020789918661,3.5,0.0,0.1776509254454246,0.0180388649640208,0.0033727359759563
North West,2009-09-01,123166.0,140417.72445464984,147499.7813662922,129377.95525683838,-0.04920496733807589,-0.18805209487153582,0.08964216019538404,3.5,0.0,0.336335160532498,0.0216813477135784,0.0036203957241465
North West,2009-10-01,123974.0,141176.81422018347,147256.34273032655,129312.71990014578,-0.0421617898368023,-0.18100891737026223,0.09668533769665763,3.5,0.0,0.2781778596549991,0.0252715157697869,0.0053913801582154
North West,2009-11-01,124385.0,141159.2057142857,147004.39709410135,129535.59663377512,-0.040574126591849335,-0.17942125412530927,0.0982730009416106,3.5,0.0,0.5541721275666229,0.0217168937765466,-0.0001247343921946
North West,2009-12-01,126336.0,142558.69090909092,144483.74929585867,128041.99333369147,-0.013413258663966587,-0.15226038619742652,0.12543386886949334,3.5,0.0,0.7890966971746916,0.0170285165051209,0.0098654089995857
North West,2010-01-01,121963.0,137937.65261958996,144558.34952434927,127816.94952908224,-0.046881438526188646,-0.18572856605964858,0.09196568900727128,3.5,0.0,0.2405755395683453,-0.01694972045646,-0.0329519904873762
North West,2010-02-01,123852.0,139438.8163265306,144091.13151767975,127984.26787370951,-0.03282004475746092,-0.17166717229092085,0.10602708277599901,3.5,0.0,0.3920174958993985,-0.0216247387702386,0.0108241219536715
North West,2010-03-01,122184.0,136785.47012401352,143703.4306801597,128363.48742527862,-0.049337879701340626,-0.18818500723480056,0.0895092478321193,3.5,0.0,0.2580907795644209,-0.0180317001835838,-0.0192121254064403
North West,2010-04-01,124848.0,138984.37668161435,143314.24767829227,128737.47122763013,-0.030678226581075663,-0.1695253541145356,0.10816890095238427,3.5,0.0,0.2454954954954955,-0.0212856490218632,0.0159477418358306
North West,2010-05-01,124971.0,138810.07046979864,143391.05857333358,129095.27327750274,-0.03246897391859882,-0.17131610145205875,0.10637815361486111,3.5,0.0,0.1056286549707601,-0.0245031186130766,-0.0012549295817727
North West,2010-06-01,125368.0,139095.44581005588,143498.37551545323,129336.40089257869,-0.03116335669456305,-0.17001048422802298,0.10768377083889688,3.5,0.0,0.1359284256788573,-0.02215839378502,0.002053758733437
North West,2010-07-01,124676.0,138637.47816349383,143855.51188088063,129368.5519734405,-0.0369469507045288,-0.17579407823798873,0.10190017682893113,3.5,0.0,0.0383676789587852,-0.0198594644966654,-0.0032979025683186
North West,2010-08-01,126322.0,139685.6859688196,143642.04353083158,129899.85406917095,-0.027929597639301917,-0.16677672517276185,0.11091752989415801,3.5,0.0,0.0329024676850764,-0.0176643009233097,0.0075323429476821
North West,2010-09-01,125008.0,138232.67706013363,143937.77880541352,130167.29644235784,-0.04044278357107878,-0.1792899111045387,0.09840434396238115,3.5,0.0,-0.0266627600351596,-0.0197537164868855,-0.0104564673732348
North West,2010-10-01,123923.0,136728.37666666668,144234.24242064194,130725.89947490206,-0.053442355732512326,-0.19228948326597226,0.0854047718009476,3.5,0.0,-0.1171383647798741,-0.0186269966207786,-0.0109420252937191
North West,2010-11-01,122092.0,134260.63787375417,144495.47014004542,131399.2039642105,-0.0734651890165221,-0.21231231654998203,0.06538193851693783,3.5,0.0,-0.0853127196064652,-0.0196836094729944,-0.0182133361708487
North West,2010-12-01,122231.0,133087.0427631579,143204.59329335275,131523.25184646295,-0.07327095905891845,-0.21211808659237838,0.06557616847454148,3.5,0.0,-0.2699065836298933,-0.0195790312363263,-0.0087795985086938
North West,2011-01-01,120876.0,131467.5443592552,143498.70554127917,131937.883342586,-0.08756600434197992,-0.22641313187543985,0.05128112319148001,3.5,0.0,0.0431454418928323,-0.0307894006456607,-0.0122433608253516
North West,2011-02-01,120001.0,129522.81847826087,142869.06137019282,132366.09915466,-0.0980714859553764,-0.23691861348883633,0.04077564157808353,3.5,0.0,-0.0606834249803613,-0.0340513062772626,-0.0149029401160039
North West,2011-03-01,118899.0,128054.99674620388,142938.21780573222,132718.06325970305,-0.1099526598647298,-0.24879978739818973,0.028894467668730134,3.5,0.0,-0.0745834007442161,-0.0370337218984179,-0.0113972363617289
North West,2011-04-01,120511.0,128398.52253218884,142370.1649481175,133624.36428161684,-0.10329157678158651,-0.24213870431504644,0.035555550751873416,3.5,0.0,-0.0350156172940983,-0.0336754349683289,0.0026790507099878
North West,2011-05-01,119816.0,127384.6766595289,142525.7888827913,134057.4892412156,-0.11231149944442897,-0.25115862697788893,0.026535628089030955,3.5,0.0,-0.0608264462809917,-0.0386550192436202,-0.0079274259245778
North West,2011-06-01,119566.0,127255.13183279744,142778.1513382271,134151.0727075185,-0.1150980530039476,-0.25394518053740756,0.023749074529512332,3.5,0.0,-0.0672930772419511,-0.0385627073798243,-0.001017475144005
North West,2011-07-01,121233.0,129029.3344051447,142888.28636192766,134254.55304700756,-0.10202333370073369,-0.24087046123419362,0.03682379383272624,3.5,0.0,-0.0658049353701527,-0.0364556420917544,0.0138457936376283
North West,2011-08-01,122225.0,129391.71108742004,142832.35479461425,134921.1971775913,-0.0988272749297483,-0.23767440246320823,0.04001985260371163,3.5,0.0,0.0483503981797497,-0.0386088138412701,0.0028045465036079
North West,2011-09-01,121416.0,127718.31355932202,142766.56105447677,135721.6854334603,-0.11138369264168624,-0.2502308201751462,0.02746343489177369,3.5,0.0,0.1034015653220952,-0.038379264614243,-0.0130171599462407
North West,2011-10-01,120674.0,126803.473015873,142919.52331373075,136011.0267185051,-0.11964326647019163,-0.2584903940036516,0.019203861063268296,3.5,0.0,-0.0051944197091124,-0.0444912608137287,-0.0071887322142956
North West,2011-11-01,118507.0,124394.76849894293,143037.6032519516,136267.44478987533,-0.13964742994212287,-0.2784945574755828,-0.0008003024086629396,3.5,0.0,0.0714505224339274,-0.0433765512866263,-0.0191783057893477
North West,2011-12-01,119152.0,124414.2334384858,142429.9712707578,136405.74287864115,-0.13523385877060257,-0.2740809863040625,0.0036132687628573634,3.5,0.0,0.1238385376999238,-0.0412024070850047,0.0001564649142995
North West,2012-01-01,117050.0,122865.38054968289,143033.72821810577,136263.7531664935,-0.15199117518377925,-0.2908383027172392,-0.013144047650319318,3.5,0.0,0.1703357794084945,-0.0394195594056111,-0.0125273015378581
North West,2012-02-01,118474.0,123706.29022082018,142876.97454055585,136833.8396657287,-0.14407381335733227,-0.2829209408907922,-0.00522668582387234,3.5,0.0,0.1381977838176875,-0.0332836607833931,0.0068208397883164
North West,2012-03-01,118948.0,123810.6540880503,142759.1278278346,137152.27386480788,-0.14240537382658225,-0.2812525013600422,-0.003558246293122319,3.5,0.0,0.3104895104895104,-0.0309934151898708,0.0008432866986627
North West,2012-04-01,119380.0,123483.6875,142476.41208497912,137741.54642656594,-0.143067394455219,-0.28191452198867895,-0.004220266921759058,3.5,0.0,-0.087052810902896,-0.0319406939814204,-0.0026443530933981
North West,2012-05-01,118612.0,122817.22210636076,142690.0160719899,137804.35590436892,-0.14997730653277763,-0.2888244340662376,-0.011130178999317702,3.5,0.0,0.1432594156986977,-0.0275571282518892,-0.0054118112783818
North West,2012-06-01,120801.0,125607.74136125654,142981.40389667905,137509.80938703776,-0.12955069194646995,-0.2683978194799299,0.009296435586989976,3.5,0.0,0.0754074074074073,-0.0244541473769777,0.0224666361311758
North West,2012-07-01,120075.0,124722.25418410044,143213.66805988117,137877.40852492084,-0.13824839877261752,-0.2770955263060775,0.0005987287608424097,3.5,0.0,-0.0043326345213137,-0.0214169478828981,-0.0070745886319283
North West,2012-08-01,121104.0,125136.59937565036,142896.5741465002,138291.6492998859,-0.1327151752243907,-0.27156230275785065,0.0061319523090692385,3.5,0.0,0.0538524145415084,-0.022440570322351,0.003316637097031
North West,2012-09-01,120949.0,124458.40103626944,142676.59523118223,138653.48881982965,-0.1366089653854008,-0.27545609291886075,0.0022381621480591363,3.5,0.0,-0.1242668121675077,-0.022315188095668,-0.0054344037929361
North West,2012-10-01,118182.0,120984.25360824744,142359.60652538066,139062.25410837788,-0.16269589503796844,-0.3015430225714284,-0.02384876750450851,3.5,0.0,0.0665373713262718,-0.0201398428995442,-0.0283111301893992
North West,2012-11-01,119974.0,122566.03086419751,142374.48984819074,139363.5489752683,-0.14981092638061178,-0.28865805391407173,-0.010963798847151845,3.5,0.0,0.1029685931449877,-0.0241580314478494,0.0129895105651431
North West,2012-12-01,118987.0,121059.51946721312,139154.9209744198,136772.61114907727,-0.13930553079849162,-0.2781526583319516,-0.00045840326503168716,3.5,0.0,-0.0634318243426402,-0.0251354244966751,-0.012367591145896
North West,2013-01-01,115931.0,118557.65499485069,141320.33367208551,138189.36958267374,-0.17562980130440842,-0.3144769288378684,-0.03678267377094849,3.5,0.0,0.0258407752232567,-0.0080357427517675,-0.0208829387847107
North West,2013-02-01,118279.0,120093.09509202454,140741.73772471573,138615.7296019859,-0.15865932907438385,-0.2975064566078438,-0.01981220154092392,3.5,0.0,0.0308596620132255,-0.0081700211926478,0.012867852150288
North West,2013-03-01,118157.0,119602.34556574924,140452.0102314973,138754.70497190216,-0.16069341316085684,-0.2995405406943168,-0.021846285627396905,3.5,0.0,-0.0963180362860192,-0.0100642995150564,-0.0040947813662004
North West,2013-04-01,118665.0,119872.17192268564,140390.691570104,138976.8880296196,-0.15800324899610274,-0.2968503765295627,-0.01915612146264281,2.3,0.0,0.1528270199664116,-0.0099783501878935,0.0022534879614948
North West,2013-05-01,119195.0,120163.0812182741,140339.3931528273,139208.7636007401,-0.15521389537772912,-0.2940610229111891,-0.016366767844269187,2.3,0.0,0.2033559113300491,-0.0057787535620759,0.002423889276363
North West,2013-06-01,120605.0,121831.90742624618,140516.97521309077,139101.89993400627,-0.14268601479615484,-0.2815331423296148,-0.0038388872626949067,2.3,0.0,0.0724617715938835,-0.0088310211999874,0.013792456385655
North West,2013-07-01,120710.0,121937.97558494404,140638.4474815281,139222.14891675944,-0.1426798763110284,-0.28152700384448837,-0.0038327487775684788,2.3,0.0,0.1975014037057831,-0.0109569892206067,0.0008702319095483
North West,2013-08-01,122403.0,123147.09118541032,140424.1697558947,139575.68534649353,-0.13128812184075933,-0.2701352493742193,0.007559005692700599,2.3,0.0,0.1693911700347534,-0.0099213420889008,0.0098669855824358
North West,2013-09-01,122287.0,122533.79515640768,140317.99397956024,140035.3796915853,-0.13552436171588766,-0.2743714892493476,0.003322765817572265,2.3,0.0,0.2560747663551401,-0.0087765690182914,-0.0049926334284435
North West,2013-10-01,120126.0,120368.43390514632,140414.85204838868,140132.0426787041,-0.15404394818462563,-0.2928910757180856,-0.015196820651165704,2.3,0.0,0.2271646384109666,-0.0086683240153226,-0.017829549132232
North West,2013-11-01,121021.0,121142.99697580644,140445.34902757165,140303.91363076644,-0.14784679719337035,-0.2866939247268303,-0.00899966965991042,2.3,0.0,0.2224678195293199,-0.0035318904609979,0.0064143193845431
North West,2013-12-01,122233.0,121864.82831325303,136798.37212614095,137211.66025945253,-0.11559563961372454,-0.2544427671471845,0.023251487919735386,2.3,0.0,0.3173661360347322,-0.0024838923245106,0.0059408248238668
North West,2014-01-01,120781.0,121147.00303030302,137328.08303552738,136913.1945671421,-0.12536812034829659,-0.26421524788175654,0.013479007185163344,2.3,0.0,0.4030375995554731,0.0001529509494304,-0.0059077565627188
North West,2014-02-01,122252.0,122006.2673366834,136905.19734531426,137180.93792405608,-0.11521628108628335,-0.2540634086197433,0.023630846447176584,2.3,0.0,0.3382038488952246,0.001059696669988,0.0070677057474473
North West,2014-03-01,121034.0,120548.40722166498,136842.5793539775,137393.8082738324,-0.12677981740213795,-0.2656269449355979,0.012067310131321979,2.3,0.0,0.1703572483023323,0.0032096833392667,-0.012021023081111
North West,2014-04-01,124342.0,123348.25774225776,136591.17068212884,137691.6030743313,-0.10198059038266116,-0.2408277179161211,0.03686653715079877,2.3,0.0,0.3133700226610554,0.0042683837391945,0.022960326425375
North West,2014-05-01,124825.0,123951.225,136669.16676164305,137632.59492612592,-0.09767502279108875,-0.23652215032454868,0.04117210474237118,2.3,0.0,0.1248560828962517,0.0022945797851297,0.004876423079505
North West,2014-06-01,126439.0,125303.32035928144,136786.20801498505,138025.96216617827,-0.08768182067509045,-0.22652894820855038,0.05116530685836948,2.3,0.0,0.1939627488760436,0.0053381701418526,0.0108492193772029
North West,2014-07-01,127145.0,126381.36636636636,137105.55343279554,137933.98577982152,-0.08144703932891773,-0.22029416686237765,0.057400088204542205,2.3,0.0,0.1186261868479663,0.001294285793328,0.0085666920311382
North West,2014-08-01,128635.0,127479.59580838322,136918.04143009012,138158.9904460728,-0.07142619015953322,-0.21027331769299315,0.06742093737392671,2.3,0.0,0.0836543753439735,0.0043011755404551,0.0086522660583785
North West,2014-09-01,128468.0,127187.1625124626,136962.45467515325,138341.73417842772,-0.07404711263384911,-0.21289424016730904,0.06480001489961082,2.3,0.0,0.1305803571428572,0.0053687284618666,-0.0022965967477031
North West,2014-10-01,127847.0,126446.2858565737,137025.72804683325,138543.63641391802,-0.0803511039016147,-0.21919823143507464,0.05849602363184522,2.3,0.0,0.1242448421292601,0.0084367472309729,-0.0058421219113835
North West,2014-11-01,127364.0,126346.10589410589,137462.97197030875,138570.42793784395,-0.08432957271087815,-0.22317670024433808,0.054517554822581776,2.3,0.0,-0.1049776643267389,0.0074323281600257,-0.0007925868893323
North West,2014-12-01,127201.0,126184.4085914086,136658.84592361804,137759.82353428163,-0.07974324720340675,-0.21859037473686668,0.05910388033005318,2.3,0.0,-0.0041744479841809,0.0114712341270077,-0.001280616127719
North West,2015-01-01,126599.0,126599.0,137531.5709848853,137531.5709848853,-0.08282888712901304,-0.22167601466247297,0.05601824040444689,2.3,0.0,-0.1188118811881188,0.0009882594805534,0.0032802135444338
North West,2015-02-01,127622.0,127365.47336683417,137830.59406021517,138108.198479269,-0.07896465506193984,-0.21781178259539977,0.05988247247152009,2.3,0.0,-0.0893475366178429,0.002973985835218,0.0060360859440979
North West,2015-03-01,125873.0,125367.9929789368,138153.29385531892,138709.80259189624,-0.09711053746884524,-0.23595766500230517,0.04173659006461469,2.3,0.0,-0.0131180625630675,0.0060133009438094,-0.0158073405115395
North West,2015-04-01,127729.0,126961.85885885885,138155.46103752576,138990.2372371483,-0.08449286295036806,-0.223339990483828,0.054354264583091866,2.3,0.0,-0.0918166132610303,0.0060133009438094,0.0126333611890476
North West,2015-05-01,129973.0,128934.25474525474,138247.33974230214,139361.11488624816,-0.0697417765401731,-0.20858890407363304,0.06910535099328682,2.3,0.0,-0.0525417946093483,0.0080273415863394,0.015415903900477
North West,2015-06-01,129481.0,128317.997005988,138093.19317568635,139344.79311383457,-0.07341723547429169,-0.21226436300775162,0.06542989205916824,2.3,0.0,0.0564819795589026,0.0050082926511583,-0.0047910866777307
North West,2015-07-01,131688.0,130766.184,138642.2707553934,139619.60801147373,-0.05848615057502471,-0.19733327810848464,0.08036097695843522,2.3,0.0,0.081001781410458,0.0060133009438094,0.018899338858743
North West,2015-08-01,132574.0,131252.2253240279,138735.1780537158,140132.30975617014,-0.055446065904540376,-0.1942931934380003,0.08340106162891955,2.3,0.0,-0.0425596749619096,0.0050072876428657,0.0037099826899176
North West,2015-09-01,132859.0,131665.65568862276,139361.98420718274,140625.08376193064,-0.056808953109989346,-0.19565608064344928,0.08203817442347058,2.3,0.0,0.0303828013600964,0.0050102966557299,0.0031449417115378
North West,2015-10-01,132220.0,130901.7547357926,139693.78749211298,141100.5728646418,-0.06500571693546675,-0.20385284446892668,0.07384141059799318,2.3,0.0,0.0396431106154313,0.0070173062341725,-0.0058187199006063
North West,2015-11-01,132916.0,131590.81555333998,140475.0270458846,141889.67988622584,-0.06533250370227961,-0.20417963123573954,0.07351462383118032,2.3,0.0,0.110992275698158,0.007016305231889,0.0052501478389519
North West,2015-12-01,132950.0,131624.47657028912,137929.30540813258,139318.32157538467,-0.04678828047367567,-0.1856354080071356,0.09205884705978426,2.3,0.0,0.0854936569222284,0.0040072923676504,0.0002557679446439
North West,2016-01-01,133204.0,132936.25326633165,138561.60100349505,138840.67774267631,-0.04144528476178877,-0.1802924122952487,0.09740184277167116,2.3,0.0,0.0898876404494382,0.0140059987877394,0.0099167207997403
North West,2016-02-01,133083.0,132416.25150300603,138888.73435080738,139588.07339587688,-0.04772275882404209,-0.18656988635750202,0.09112436870941784,2.3,0.0,0.1713700833455183,0.013989709452973,-0.0039193331107281
North West,2016-03-01,131630.0,130447.69461077845,138987.182330433,140246.8848893191,-0.06340937659096824,-0.20225650412442817,0.0754377509424917,2.3,0.0,0.9134713701431494,0.0129777804361792,-0.0149780426235981
North West,2016-04-01,136500.0,135273.95209580837,139566.80716355477,140831.76311971992,-0.03124139399617576,-0.1700885215296357,0.10760573353728417,2.3,0.0,-0.1566019812729,0.0109619649150751,0.0363296581876966
North West,2016-05-01,137497.0,135990.55876494022,139819.45186154314,141368.30782375563,-0.027766498280772822,-0.16661362581423275,0.11108062925268711,2.3,0.0,-0.1540031208738447,0.0129899728687665,0.0052834654549087
North West,2016-06-01,137892.0,136110.0954274354,140221.95811002297,142057.6937146859,-0.029762498788192815,-0.16860962632165274,0.10908462874526711,2.3,0.0,-0.115682281059063,0.0129960326534885,0.0008786209687006
North West,2016-07-01,139906.0,138098.06958250498,140634.21401345465,142475.34672460763,-0.018198210771423362,-0.1570453383048833,0.12064891676203657,2.3,0.0,-0.125436215587437,0.0119920961917514,0.0144999984652667
North West,2016-08-01,139750.0,137533.94449950446,140971.3509271,143242.79263388106,-0.024685929092360226,-0.16353305662582016,0.1141611984410997,2.3,0.0,-0.0169743263314237,0.0099721518879756,-0.0040933261874798
North West,2016-09-01,139624.0,137138.1127596439,141583.41307294666,144149.8797751753,-0.0319004947356909,-0.17074762226915083,0.10694663279776903,2.3,0.0,-0.0512028954651905,0.0099901692306256,-0.002882215379536
North West,2016-10-01,138036.0,135444.41501976282,141903.05054350075,144618.21465259092,-0.046582746875319714,-0.18542987440877964,0.09226438065814022,2.3,0.0,-0.1879266627657499,0.0069871896823954,-0.0124272054476008
North West,2016-11-01,139331.0,136445.4467455621,142062.76073242174,145067.10914670257,-0.0403440597481044,-0.17919118728156433,0.09850306778535553,2.3,0.0,-0.070167932399187,0.0069961272269774,0.0073635422993483
North West,2016-12-01,139179.0,135627.81844946023,138641.36408447663,142271.45015315377,-0.02197597912576299,-0.16082310665922292,0.11687114840769694,2.05,0.0,-0.0490853658536585,0.0050099415716973,-0.0060103719260098
North West,2017-01-01,139003.0,136124.2396449704,139440.46767179875,142389.3597373655,-0.02406975960906088,-0.1629168871425208,0.11477736792439905,2.05,0.0,-0.0498969072164948,0.0055052112484832,0.0036534902526703
North West,2017-02-01,140482.0,136629.4084231146,139416.30724196092,143347.48206852176,-0.020192260566233244,-0.15903938809969317,0.11865486696722669,2.05,0.0,-0.096242666333791,0.002403795724162,0.003704217042376
North West,2017-03-01,139230.0,134883.30731707317,139875.34977185426,144382.91391354543,-0.03634165283817303,-0.17518878037163296,0.1025054746952869,2.05,0.0,-0.4064524747845836,-0.0014671063775567,-0.0128621981741616
North West,2017-04-01,141652.0,136696.24489795917,140100.69727329927,145179.87663063945,-0.024600156603037604,-0.16344728413649753,0.11424697093042233,2.05,0.0,0.1922767497988737,-0.0013773023536913,0.0133512593022668
North West,2017-05-01,142498.0,136980.1684414327,140395.19993636824,146050.5957041978,-0.02462514307183916,-0.1634722706052991,0.11422198446162077,2.05,0.0,0.15394438138479,-0.0052592176020735,0.0020748857519006
North West,2017-06-01,144298.0,138710.46853823814,140674.97658422074,146341.64230765362,-0.014063298270855284,-0.15291042580431521,0.12478382926260465,2.05,0.0,0.1407185628742515,-0.0071332473988939,0.0125526411474226
North West,2017-07-01,145880.0,140367.09302325582,141249.01376438639,146796.55811162814,-0.006263303858995428,-0.14511043139245536,0.1325838236744645,2.05,0.0,-0.0033252050543116,-0.0051554251825574,0.0118722833486959
North West,2017-08-01,147268.0,140883.54913294798,141309.54601049668,147713.30187199955,-0.003019189402420963,-0.1418663169358809,0.13582793813103897,2.05,0.0,0.0321605870925965,-0.0041914285015327,0.0036725725226443
North West,2017-09-01,146802.0,140033.03170028818,141682.25170872634,148530.94061307565,-0.011708550771006188,-0.15055567830446612,0.12713857676245374,2.05,0.0,0.021541568495456,-0.0069951047103733,-0.0060553209707734
North West,2017-10-01,146383.0,139499.34644913627,142201.59363290438,149218.5907003891,-0.019185807990773185,-0.15803293552423311,0.11966131954268674,2.05,0.0,0.09343100756575,-0.007894167473479,-0.0038184191979979
North West,2017-11-01,146851.0,139410.17495219887,143205.085033789,150848.45815241014,-0.02685727719709341,-0.16570440473055334,0.11198985033636652,2.05,0.0,0.0408374554239043,-0.0078659147458287,-0.0006394295865383
North West,2017-12-01,147837.0,139944.84366062915,139825.78455261866,147711.22658176936,0.0008511194756799512,-0.13799600805777998,0.13969824700913988,2.05,0.0,-0.0350539702896227,-0.0097066852922346,0.0038278844170882
North West,2018-01-01,144796.0,137722.63218390802,140455.34019758386,147669.05857631174,-0.01964782401888776,-0.1584949515523477,0.11919930351457217,2.05,0.0,-0.0034722222222222,-0.0088149768876536,-0.0160066202653137
North West,2018-02-01,146586.0,138760.627264061,140238.71950613474,148147.4489042652,-0.010595767251635024,-0.14944289478509495,0.1282513602818249,2.05,0.0,-0.0251381215469613,-0.0089547331597359,0.0075085917243367
North West,2018-03-01,144823.0,136961.18,140400.41470096904,148459.65300706695,-0.024800917287430835,-0.16364804482089076,0.1140462102460291,2.3,0.0,-0.0719108710330858,-0.0068695695802695,-0.0130528145770671
North West,2018-04-01,146818.0,138320.94307400376,140589.27051100656,149225.67081430103,-0.016266004898250586,-0.15511313243171052,0.12258112263520934,2.3,0.0,-0.0412955465587044,-0.0039282990083905,0.0098791314008686
North West,2018-05-01,147799.0,138718.72117202266,140549.83353991332,149749.97370113624,-0.01311381878574025,-0.15196094631920018,0.12573330874771968,2.3,0.0,-0.0111889831550473,-0.0038361000264873,0.0028716348068833
North West,2018-06-01,149186.0,140020.50850661626,140679.86442609646,149888.51617604238,-0.004697942687377221,-0.14354507022083715,0.1341491848460827,2.3,0.0,-0.0569351907934585,-0.003744598201347,0.0093406069954884
North West,2018-07-01,151077.0,141795.331758034,141061.2849896581,150294.90384598015,0.005190250980664501,-0.13365687655279543,0.14403737851412443,2.3,0.0,-0.0262455516014235,-0.003744598201347,0.0125957910308791
North West,2018-08-01,151772.0,141511.35774647887,141113.00050657248,151344.75885145992,0.0028189891782215426,-0.1360281383552384,0.14166611671168147,2.3,0.0,0.0320995399414469,-0.0047090274383254,-0.0020047116229857
North West,2018-09-01,151750.0,141358.1144465291,141045.77094702612,151414.69469237645,0.0022120349118317506,-0.13663509262162818,0.14105916244529168,2.3,0.0,-0.1042284459088412,-0.0055023044445161,-0.0010834913626673
North West,2018-10-01,152467.0,141892.9062792877,141251.95833184797,151778.28755295248,0.004527357705113033,-0.1343197698283469,0.14337448523857296,2.3,0.0,0.0120812740252609,-0.0035636546296811,0.003776102672834
North West,2018-11-01,151860.0,140931.7570093458,141517.27654047185,152490.9223547884,-0.004146024948292748,-0.14299315248175268,0.13470110258516718,2.3,0.0,0.0721706454465074,-0.0035412274625278,-0.0067968115575158
North West,2018-12-01,151471.0,140439.49859943977,137570.22464503648,148376.3450099034,0.020642269659617796,-0.11820485787384213,0.15948939719307773,2.55,0.0,-0.0709934655000553,-0.0025205842725464,-0.0034989992923559
North West,2019-01-01,150205.0,140313.7958607714,138134.38510569543,147871.9550527233,0.015654296996929773,-0.12319283053653016,0.1545014245303897,2.55,0.0,-0.0319396051103367,0.0022297424115294,-0.0008954676546881
North West,2019-02-01,150818.0,140226.84831460676,137625.2755575546,148019.93383229437,0.018726859095302473,-0.12012026843815746,0.1575739866287624,2.55,0.0,-0.0062340606404081,0.0049593695417031,-0.0006198570563924
North West,2019-03-01,149518.0,138758.29345794392,137870.0439047569,148560.8730897179,0.006421992876205707,-0.13242513465725422,0.14526912040966564,2.55,0.0,-0.0240087304474354,0.005044994496955,-0.0105279328607768
North West,2019-04-01,150992.0,139344.84758364313,138047.5157643664,149586.2305764937,0.009353835575664604,-0.12949329195779533,0.14820096310912453,2.55,0.0,0.0387105855855856,0.0041227130679735,0.0042182550923257
North West,2019-05-01,152604.0,140440.93790546802,137997.58764311305,149949.04034936454,0.017550825456240204,-0.12129630207721973,0.15639795298970013,2.55,0.0,-0.0024869435463814,0.0023274148909535,0.0078352510112278
North West,2019-06-01,152440.0,140290.0092678406,138193.18080280197,150161.5730979087,0.015059207637445837,-0.12378791989601409,0.15390633517090577,2.55,0.0,-0.1023335474202525,0.0033339146085262,-0.0010752548209502
North West,2019-07-01,154588.0,142266.8063021316,138454.1555480712,150445.1498855678,0.027164948304754688,-0.11168217922870524,0.16601207583821462,2.55,0.0,0.0114207400639561,0.0033339146085262,0.013992437471451
North West,2019-08-01,156053.0,142952.60977859778,138779.82100009918,151497.8106385776,0.029624519525000892,-0.10922260800845904,0.16847164705846082,2.55,0.0,-0.0541991692837605,0.0033339146085262,0.0048089629209275
North West,2019-09-01,155419.0,142240.61474654378,139089.49812378397,151975.9370234699,0.022402496324087195,-0.11644463120937273,0.16124962385754713,2.55,0.0,0.0246444335458557,0.0053136862384546,-0.0049930815324223
North West,2019-10-01,155204.0,142306.16066481997,139619.74196097231,152274.0992384018,0.019058199268833675,-0.11978892826462625,0.1579053268022936,2.55,0.0,-0.0232230059685295,0.0053302163525053,0.0004607040044
North West,2019-11-01,154553.0,141448.04516129033,139764.74515625587,152713.74470749006,0.011971860227705022,-0.1268752673057549,0.15081898776116495,2.55,0.0,-0.0508195031440057,0.0081316099745634,-0.0060483200029217
North West,2019-12-01,153685.0,140653.64516129033,135303.372180097,147839.03203968302,0.0387809925476823,-0.10006613498577763,0.17762812008114223,2.55,0.0,0.0376728659990461,0.0091025623800944,-0.0056320265145259
North West,2020-01-01,153141.0,140544.37430683916,136304.3735136421,148520.97899472382,0.030632844679781,-0.10821428285367893,0.16947997221324093,2.55,0.0,0.065236952609478,0.0159063271808601,-0.0007771808646293
North West,2020-02-01,153325.0,140194.9585635359,135970.91892008195,148705.3554352558,0.030592983662481643,-0.10825414387097829,0.16944011119594157,2.55,0.0,0.0116909039064727,0.0111135635893009,-0.0024892552116373
North West,2020-03-01,155025.0,141749.37845303866,136207.67145195257,148964.2811649753,0.03987984075380524,-0.09896728677965469,0.17872696828726517,2.55,0.0,-0.0745434215430488,0.0121278144989682,0.0110265427238935
North West,2020-04-01,152528.0,139594.75023041476,138046.1694695056,150835.94549286363,0.011155393244578704,-0.12769173428888123,0.15000252077803863,2.55,0.0,-0.5603740344220084,0.0140231849381049,-0.0153169739653975
North West,2020-05-01,152857.0,139895.8534562212,138726.034845215,151578.79940287842,0.008397226019253523,-0.1304499015142064,0.14724435355271345,2.55,0.0,-0.4977561705310396,0.0206491204916952,0.0021546580695392
North West,2020-06-01,157055.0,143605.53867403316,138798.55108040717,151797.81115138184,0.034046616907495775,-0.10480051062596416,0.1728937444409557,2.55,0.0,-0.2907226329596947,0.0234947964781961,0.0261719841323735
North West,2020-07-01,159413.0,145093.59211732357,138844.95146692792,152547.67578088454,0.04402114360413023,-0.0948259839293297,0.18286827113759016,1.9,0.0,-0.2028003613369466,0.0225523519142198,0.0103087710533511
North West,2020-08-01,161286.0,147474.21546961326,140119.46967758247,153242.44115796027,0.05115793657430956,-0.08768919095915037,0.1900050641077695,1.9,0.0,-0.2152956298200514,0.0178660441602593,0.0162743530461568
North West,2020-09-01,162250.0,147675.75618698442,140146.90299157632,153978.11798973792,0.05232785424217923,-0.0865192732912807,0.19117498177563916,1.9,0.0,-0.0136412588249371,0.0272907780120617,0.0013656836730451
North West,2020-10-01,165484.0,150619.25939505044,140507.56676865948,154374.3759764426,0.06949384829025185,-0.06935327924320808,0.20834097582371178,1.9,0.0,0.1153205199422287,0.0235260963057288,0.0197361578222601
North West,2020-11-01,166199.0,151547.84848484848,141244.58251277925,154899.6478916582,0.07040839126909404,-0.06843873626436589,0.20925551880255397,1.9,0.0,0.0907906168549088,0.0216394122572389,0.0061462150497249
North West,2020-12-01,169085.0,153755.86538461535,134480.71247141642,147888.15510451837,0.13394526774262694,-0.004901859790832991,0.2727923952760869,1.9,0.0,0.2922794117647058,0.0254058503852616,0.0144646481337193
North West,2021-01-01,170526.0,155350.75045871557,135425.2105650987,148654.05792140745,0.13726593019901223,-0.0015811973344476982,0.2761130577324722,1.9,0.0,0.1796424046177671,0.0388699292425998,0.0103194117863445
North West,2021-02-01,173134.0,157582.09165902843,135637.54634795734,149023.7291698101,0.14996031171120627,0.011113184177746344,0.28880743924466623,1.9,0.0,0.5025366403607667,0.0378983906286884,0.0142610727737189
North West,2021-03-01,175992.0,159744.1096892139,135621.86582896538,149416.23486091453,0.1637026055903359,0.024855478056875963,0.30254973312379585,1.9,0.0,1.0385286615653109,0.0407805087523394,0.013626681160785
North West,2021-04-01,172587.0,155657.48501362398,135959.67311795676,150746.8278981575,0.1352996639059203,-0.003547463627539632,0.27414679143938026,1.9,0.0,2.0499383477188657,0.0379264488563089,-0.0259152360434775
North West,2021-05-01,172994.0,155038.84657039712,136106.15496519802,151868.70060567916,0.13024057607428752,-0.008606551459172412,0.2690877036077475,1.9,0.0,1.160337552742616,0.0303778044803988,-0.0039822759260168
North West,2021-06-01,187330.0,167132.69541778974,136369.4297772778,152849.11917634463,0.20342048181975692,0.06457335428629699,0.3422676093532169,1.9,0.0,2.216207128446537,0.0238681974123819,0.0751123716892347
North West,2021-07-01,171845.0,153317.2371967655,137155.5693039478,153730.26045850344,0.11139339654894798,-0.027453730984511954,0.25024052408240793,1.9,0.0,-0.0728045325779036,0.0202080278964977,-0.0862788597415082
North West,2021-08-01,178467.0,158088.96610169494,137597.51238848388,155334.15044057445,0.13882510438807216,-2.2023145387767284e-05,0.2776722319215321,1.9,0.0,0.1814086814086815,0.0249051182643451,0.0306487306507445
North West,2021-09-01,187266.0,165440.51423487542,138399.27162325257,156657.38298543394,0.17846891926952324,0.03962179173606331,0.3173160468029832,1.9,0.0,0.7786000242630111,0.0129273283218573,0.045453748449642
North West,2021-10-01,177157.0,154856.42693661974,138550.59542265092,158502.99738180405,0.11126284100177308,-0.027584286531686847,0.25010996853523304,1.9,0.0,-0.3247335391971312,0.0148749080322208,-0.0661132897708913
North West,2021-11-01,182712.0,158456.7825327511,138795.90941691102,160041.6075351089,0.13247731415014918,-0.006369813383310746,0.27132444168360914,1.9,0.0,-0.1624850657108721,0.0041543984403313,0.0229834808982722
North West,2021-12-01,185573.0,160099.0347523892,140662.6589146267,163044.0286110124,0.12942805712129513,-0.009419070412164804,0.2682751846547551,1.9,0.0,-0.1698968705547653,-0.0055648454179469,0.010310700226217
North West,2022-01-01,186704.0,161355.1540469974,142354.2868624389,164718.1023211906,0.12528893304443933,-0.013558194489020597,0.2641360605778993,1.9,0.0,-0.1590881966821816,-0.0540938533340997,0.0078152703050964
North West,2022-02-01,187066.0,160411.518134715,142657.9911978817,166362.4912458681,0.11729240597012236,-0.02155472156333757,0.2561395335035823,1.9,0.0,-0.2422622397298818,-0.0541828118210994,-0.0058653595859645
North West,2022-03-01,187958.0,159387.0999146029,142559.7744649447,168114.29597024195,0.11157445237841124,-0.027272675155048692,0.2504215799118712,1.9,0.0,-0.3804412248929865,-0.0606727443739173,-0.006406667610566
North West,2022-04-01,191021.0,158069.8775,141276.64021984386,170727.057667485,0.11231724234638385,-0.02652988518707608,0.2511643698798438,1.55,0.0,-0.1518091772791591,-0.0685465410697302,-0.0082986361477459
North West,2022-05-01,192942.0,158602.1572847682,142219.30737703317,173012.00736299704,0.10902862679377634,-0.02981850073968359,0.24787575432723627,1.55,0.0,-0.03125,-0.0852407583421024,0.0033617132400678
North West,2022-06-01,194417.0,158502.52955665023,142292.46984591545,174533.96603456698,0.1078859662989835,-0.030961161234476425,0.24673309383244343,1.8,0.0,-0.5382645060115003,-0.0855213745268145,-0.0006283586180213
North West,2022-07-01,199323.0,161573.66448979592,143194.6812964994,176650.034832036,0.12075605348772278,-0.01809107404573715,0.25960318102118274,2.05,0.0,0.4222425908952032,-0.0889365816429846,0.0191906130023351
North West,2022-08-01,200868.0,162032.43216896834,144455.1157157715,179077.79199004502,0.11482767235237823,-0.0240194551810817,0.2536747998858382,2.05,0.0,0.1072212593876371,-0.0941426583193104,0.0028353482289293
North West,2022-09-01,202921.0,162762.96688206788,144909.33953146418,180662.39913388988,0.11618664927438438,-0.02266047825907555,0.25503377680784434,2.3,0.0,-0.3390628197258031,-0.0920785167031494,0.0044984377682393
North West,2022-10-01,202008.0,158949.24247226625,143732.80465990392,182669.4858819726,0.10062886875614296,-0.038218258777316966,0.2394759962896029,2.55,0.0,0.3732113881103407,-0.0947961354355694,-0.0237100300160424
North West,2022-11-01,202872.0,158999.12865035515,145289.2190946234,185379.09425265645,0.09017235175467775,-0.04867477577878218,0.22901947928813768,2.55,0.0,0.1378982406086544,-0.1025304770997368,0.0003138004973699
North West,2022-12-01,200795.0,156752.7004716981,137639.22280257018,176311.27029694789,0.13003347293659573,-0.008813654596864201,0.2688806004700557,3.05,0.0,-0.009853271928885,-0.0989900133566235,-0.0142293147645169
North West,2023-01-01,197527.0,155177.46123417723,138510.91713665723,176311.98314273386,0.11362022658417814,-0.02522690094928179,0.2524673541176381,3.55,0.0,-0.077348850411581,-0.0542430078529091,-0.0101000340577499
North West,2023-02-01,196497.0,152557.87412040654,138982.389508641,179011.5570811197,0.09319679556166172,-0.045650331971798214,0.23204392309512165,3.55,0.0,-0.1979205347196435,-0.0499109709094779,-0.0170253467129732
North West,2023-03-01,194453.0,149799.7121799845,139032.95314347954,180476.81430205953,0.07458817171134591,-0.06425895582211402,0.21343529924480584,4.3,0.0,-0.1438137755102041,-0.0536988597705412,-0.0182448767641751
North West,2023-04-01,194385.0,148024.77377300613,139913.75737175962,183733.67534015563,0.05635343609542609,-0.08249369143803384,0.19520056362888602,4.8,0.0,-0.3309103908484271,-0.0504992192258377,-0.0119194996052911
North West,2023-05-01,196419.0,148548.41355674027,140599.252316041,185908.17551959906,0.054997260774467094,-0.08384986675899284,0.19384438830792702,4.8,0.0,-0.2743121442125237,-0.0381773432455913,0.003531272213733
North West,2023-06-01,197880.0,149425.73384030416,141947.97848448314,187977.43374329843,0.051338864014455865,-0.08750826351900406,0.1901859915479158,5.3,0.0,-0.1056266274199025,-0.0384019882936272,0.0058885834650208
North West,2023-07-01,199014.0,150970.89533995415,143124.88263115822,188671.16955104345,0.05336951788013167,-0.08547760965332826,0.1922166454135916,5.55,0.0,-0.2306122448979591,-0.0319163531757678,0.0102875663511738
North West,2023-08-01,200408.0,151565.22772277228,144771.81162062424,191425.36622142963,0.045857288443531985,-0.09298983908992794,0.18470441597699191,5.55,0.0,-0.1681101951372221,-0.021889793799661,0.0039290061719885
North West,2023-09-01,200657.0,150948.78863636364,145574.76786361338,193513.28658607218,0.036250808082851194,-0.10259631945060874,0.17509793561631112,5.8,0.0,-0.1963880288957687,-0.020093416878688,-0.004075447128331
North West,2023-10-01,200939.0,151160.92954545454,147147.1124259758,195603.4122883062,0.026912176726561654,-0.11193495080689828,0.16575930426002158,6.3,0.0,-0.1816521645719196,-0.0197472666813173,0.0014043966889598
North West,2023-11-01,199536.0,150447.41685649203,148870.6436464564,197444.75093895575,0.010535868053565878,-0.12831125947989405,0.1493829955870258,6.3,0.0,-0.2274341830338487,-0.0007439826751391,-0.0047313943963249
North West,2023-12-01,200245.0,150410.95688350985,138376.4864121153,184223.2779826953,0.08339312759785855,-0.05545399993560138,0.22224025513131848,6.55,0.0,-0.222714981070849,0.0055002626959115,-0.0002423729990113
North West,2024-01-01,196802.0,148611.7003802281,140087.43292153167,185513.56927675143,0.059070118056061105,-0.07977700947739882,0.19791724558952103,6.55,0.0,-0.1255191508998615,0.0367757182385544,-0.0120343938798228
North West,2024-02-01,196304.0,147339.283446712,141882.95451293536,189034.38954744564,0.03773552426354776,-0.10111160326991217,0.1765826517970077,6.55,0.0,-0.0390432098765431,0.0357393640040952,-0.008598888622405
North West,2024-03-01,198378.0,148112.29624060148,143003.7020274192,191535.67341033992,0.03510022620650055,-0.10374690132695938,0.17394735373996048,6.55,0.0,-0.0892613283674735,0.0416932773065792,0.005232766455899
North West,2024-04-01,198529.0,147669.88539325842,144906.6383011061,194814.06055586773,0.01888961712565873,-0.1199575104078012,0.15773674465911866,6.55,0.0,0.1554764024933215,0.0443124065293862,-0.0029914660499308
North West,2024-05-01,202747.0,150356.8117998506,146536.0070633796,197594.8776010728,0.02574003443231554,-0.11310709310114439,0.16458716196577547,6.55,0.0,0.2681810753391076,0.0525081969253202,0.0180319363075689
North West,2024-06-01,201998.0,149577.93736017897,149194.64692766615,201480.38421953705,0.0025657685004727426,-0.1362813590329872,0.14141289603393267,6.55,0.0,-0.0363291139240505,0.0566065782091367,-0.0051936375669949
North West,2024-07-01,203585.0,151091.10986547085,151342.9876500952,203924.38819317965,-0.0016656709341233977,-0.14051279846758333,0.13718145659933653,6.55,0.0,0.1451905626134302,0.0566377831346234,0.010065454323394
North West,2024-08-01,207404.0,153352.3246463142,152790.79281068634,206644.546570747,0.0036684310921071273,-0.1351786964413528,0.14251555862556706,6.55,0.0,0.1016056196688408,0.05417495538045,0.0148550180854876
North West,2024-09-01,207922.0,153849.88524590165,154848.0469605302,209270.9758519955,-0.00646693799464515,-0.14531406552810508,0.13238018953881478,6.55,0.0,0.0259406703480158,0.0534595742531895,0.0032393063503128
North West,2024-10-01,207841.0,152878.60222222222,156976.6330321725,213412.34098029495,-0.026452803164625394,-0.16529993069808532,0.11239432436883454,6.55,0.0,0.2412706747177737,0.0598650630307522,-0.0063331989679884
North West,2024-11-01,208283.0,153090.31754256107,159389.4995655411,216853.18621656197,-0.0403228314773294,-0.17916995901078933,0.09852429605613053,6.3,0.0,0.2058147396889791,0.0535843811757552,0.0013839010464931
North West,2024-12-01,207967.0,152294.41814159293,149891.59456418917,204685.8028489834,0.01590327889792853,-0.1229438486355314,0.15475040643138846,6.3,0.0,0.1692179237406068,0.050411788412306,-0.0052124491501412
North West,2025-01-01,207957.0,152512.03914327917,151668.32070192965,206806.5520950783,0.005547502182906783,-0.13329962535055315,0.1443946297163667,6.3,0.0,0.2318381706244503,0.036584930835688,0.0014279293201457
North West,2025-02-01,209216.0,152758.4470588235,152615.89784198752,209020.76643011384,0.0009336031632649622,-0.13791352437019497,0.1397807306967249,6.3,0.0,0.2725228842139071,0.0326192430174663,0.0016143582835308
North West,2025-03-01,216335.0,157377.76923076922,,,,,,6.05,0.0,1.0438931297709924,0.0343179490188965,0.0297911921758426
North West,2025-04-01,201235.0,144592.15267727931,,,,,,6.05,0.0,-0.3213625154130702,0.0359817742368078,-0.0847320495157326
North West,2025-05-01,207668.0,148998.78901734104,,,,,,6.05,0.0,-0.1416237113402062,0.0270849088970865,0.0300211394351066
North West,2025-06-01,211611.0,151281.2980561555,,,,,,5.8,0.0,0.0572704584263759,0.028673642995519,0.0152028262888954
North West,2025-07-01,213638.0,152620.52805755395,,,,,,5.8,0.0,0.0415701572595392,0.0265016636506918,0.0088136270044714
North West,2025-08-01,216329.0,154210.11988513998,,,,,,5.8,0.0,-0.0019357777271692,0.0234684010455341,0.0103614554786837
North West,2025-09-01,214509.0,152912.7329504666,,,,,,5.55,0.0,0.0836149705845537,0.0250806171685737,-0.0084487014889056
North West,2025-10-01,215026.0,152733.0600858369,173109.2868462966,243712.772418049,-0.12523141862367737,-0.26407854615713733,0.013615708909782559,5.55,0.0,0.0487521150592216,0.0243173404618211,-0.0011756934950142
North West,2025-11-01,218493.0,155529.42580645162,172673.54687306273,242577.64137756545,-0.1045678523538065,-0.24341497988726643,0.03427927517965343,5.55,0.0,0.0487521150592216,0.0267382052098472,0.0159950263604393
North West,2025-12-01,216223.0,153254.41755888652,173545.18880708568,244850.76487283688,-0.12433861946038682,-0.2631857469938468,0.014508508073073106,5.55,0.0,0.0487521150592216,0.0297084267640665,0.0055513314768137
North West,2026-01-01,214443.0,152646.52258064516,173124.08796877903,243210.5767537228,-0.12588367029891323,-0.2647307978323732,0.0129634572345467,5.55,0.0,0.0487521150592216,-0.032119914346895,-0.0027149822600185
Northern Ireland,2005-01-01,105916.0,136590.37402597402,,,,,,,,,,
Northern Ireland,2005-02-01,105916.0,136236.51295336787,,,,,,,,,,-0.0025940351770472
Northern Ireland,2005-03-01,105916.0,135709.14580645162,,,,,,,,,,-0.0038784793285699
Northern Ireland,2005-04-01,109781.0,140118.93701799487,,,,,,5.95,0.0,,,0.0319776502574029
Northern Ireland,2005-05-01,109781.0,139580.7080665813,,,,,,5.95,0.0,,,-0.0038486256612948
Northern Ireland,2005-06-01,109781.0,139580.7080665813,,,,,,5.95,0.0,,,0.0
Northern Ireland,2005-07-01,116767.0,148273.18542199486,,,,,,5.95,0.0,,,0.0604134333140056
Northern Ireland,2005-08-01,116767.0,147894.93749999997,,,,,,5.95,0.0,,,-0.0025542798050963
Northern Ireland,2005-09-01,116767.0,147518.6145038168,,,,,,5.95,0.0,,,-0.0025477720787989
Northern Ireland,2005-10-01,120825.0,152451.36594663275,,,,,,5.95,0.0,,,0.0328912655157189
Northern Ireland,2005-11-01,120825.0,152451.36594663275,,,,,,5.95,0.0,,,0.0
Northern Ireland,2005-12-01,120825.0,152064.9239543726,,,,,,5.7,0.0,,,-0.0025380724284715
Northern Ireland,2006-01-01,124258.0,157182.41273885348,,,,,,5.7,0.0,,,0.0330994345542539
Northern Ireland,2006-02-01,124258.0,156584.00253807107,,,,,,5.7,0.0,,0.031282699212831,-0.0038143720754693
Northern Ireland,2006-03-01,124258.0,156385.54372623574,,,,,,5.7,0.0,,0.0300249544745199,-0.0012682309879963
Northern Ireland,2006-04-01,136198.0,170333.26700251887,,,,,,5.7,0.0,0.1155015197568389,0.0327170874419469,0.0854325196965888
Northern Ireland,2006-05-01,136198.0,169267.351689612,,,,,,5.7,0.0,0.2883435582822085,0.0301862718607939,-0.0062774845191402
Northern Ireland,2006-06-01,136198.0,168844.7116104869,,,,,,5.7,0.0,0.3984168865435356,0.0276871310678905,-0.0025000013020832
Northern Ireland,2006-07-01,151918.0,188568.2175,,,,,,5.7,0.0,0.0485175202156333,0.0251211207531145,0.1104804116744286
Northern Ireland,2006-08-01,151918.0,187630.06716417908,,,,,,5.7,0.0,0.1534526854219948,0.027716737931462,-0.0049875415110385
Northern Ireland,2006-09-01,151918.0,187396.98633540372,,,,,,5.7,0.0,0.1889168765743072,0.0252190741156954,-0.0012430082395979
Northern Ireland,2006-10-01,170193.0,209679.4652605459,,,,,,5.7,0.0,0.2398921832884097,0.0265576159414515,0.1123507205270382
Northern Ireland,2006-11-01,170193.0,209160.4566831683,,,,,,5.7,0.0,0.1378446115288221,0.0265884037900663,-0.0024783160144679
Northern Ireland,2006-12-01,170193.0,207874.10701107013,,,,,,5.95,0.0,0.1536523929471032,0.0240473433846453,-0.0061690510267151
Northern Ireland,2007-01-01,188278.0,231960.364764268,,,,,,5.95,0.0,0.0364741641337384,-0.0459371097306398,0.1096338738316582
Northern Ireland,2007-02-01,188278.0,230814.88148148148,,,,,,5.95,0.0,0.1211180124223603,-0.0425300316002021,-0.0049505051598544
Northern Ireland,2007-03-01,188278.0,229680.656019656,,,,,,6.2,0.0,0.036745406824147,-0.0436172271922202,-0.0049261183360567
Northern Ireland,2007-04-01,205123.0,249616.59191176473,,,,,,6.2,0.0,0.005449591280654,-0.0471091771634032,0.0832362162494479
Northern Ireland,2007-05-01,205123.0,249006.28239608803,,,,,,6.45,0.0,-0.0547619047619047,-0.043420896001923,-0.0024479816386406
Northern Ireland,2007-06-01,205123.0,248398.95,,,,,,6.45,0.0,-0.2320754716981131,-0.0397506504451444,-0.0024420036555508
Northern Ireland,2007-07-01,212617.0,259053.5963190184,,,,,,6.45,0.0,-0.2159383033419023,-0.0396949566277462,0.0419988528887369
Northern Ireland,2007-08-01,212617.0,258103.52200489,,,,,,6.45,0.0,-0.2882483370288248,-0.0350097524533007,-0.0036742233618838
Northern Ireland,2007-09-01,212617.0,257788.37728937724,,,,,,6.7,0.0,-0.4872881355932204,-0.0337415806732118,-0.001221747250323
Northern Ireland,2007-10-01,202774.0,244659.27339003643,,,,,,6.7,0.0,-0.508695652173913,-0.0337210368449318,-0.0522724835358339
Northern Ireland,2007-11-01,202774.0,244066.15999999997,,,,,,6.95,0.0,-0.5704845814977973,-0.0372228983734033,-0.002427185657611
Northern Ireland,2007-12-01,202774.0,242595.88192771084,,,,,,6.95,0.0,-0.6899563318777293,-0.0371736699781023,-0.0060423144559624
Northern Ireland,2008-01-01,187721.0,226222.03033980585,,,,,,6.95,0.0,-0.6422287390029325,0.0074136945888958,-0.0698800694937542
Northern Ireland,2008-02-01,187721.0,224586.69036144577,,,,,,6.95,0.0,-0.6204986149584488,0.0060121529485654,-0.0072551708811712
Northern Ireland,2008-03-01,187721.0,223509.535971223,,,,,,6.95,0.0,-0.6835443037974683,0.0036963008819257,-0.0048077015681045
Northern Ireland,2008-04-01,175875.0,207909.37499999997,,,,,,8.5,15.0,-0.5934959349593496,0.0038151623913411,-0.072351792038976
Northern Ireland,2008-05-01,175875.0,206434.8404255319,,,,,,8.5,15.0,-0.6272040302267002,-0.0009061865647992,-0.0071174677688645
Northern Ireland,2008-06-01,175875.0,204981.07394366196,,,,,,8.25,14.25,-0.6805896805896806,-0.0055605660321998,-0.0070671672230915
Northern Ireland,2008-07-01,159059.0,185599.98472385432,,,,,,8.25,14.25,-0.6688524590163935,-0.0101493908592149,-0.099323914605133
Northern Ireland,2008-08-01,159059.0,184300.56826137687,,,,,,8.0,13.5,-0.6822429906542056,-0.0150289960517349,-0.0070257900244055
Northern Ireland,2008-09-01,159059.0,183444.3519163763,,,,,,8.0,13.5,-0.615702479338843,-0.0183246661181345,-0.0046565858299505
Northern Ireland,2008-10-01,145525.0,168226.22235157157,,,,,,8.0,13.5,-0.5486725663716814,-0.021690778092504,-0.086601726972205
Northern Ireland,2008-11-01,145525.0,168422.2902097902,,,,,,8.0,13.5,-0.4769230769230769,-0.0146238000410546,0.0011648224962925
Northern Ireland,2008-12-01,145525.0,169013.24561403508,,,,,,8.0,13.5,-0.3380281690140845,-0.0110779561585964,0.0035026305512033
Northern Ireland,2009-01-01,132669.0,155171.16254416958,,,,,,8.0,13.5,-0.4098360655737705,0.0290488570343507,-0.0854483061310258
Northern Ireland,2009-02-01,132669.0,153902.23948598132,,,,,,7.5,12.0,-0.4452554744525547,0.0288298079354034,-0.008211189830396
Northern Ireland,2009-03-01,132669.0,153543.493006993,,,,,,6.0,7.5,-0.128,0.0278466971546376,-0.0023337233462186
Northern Ireland,2009-04-01,133898.0,154605.48139534882,,,,,,5.0,4.5,-0.3,0.0303927155973326,0.0068927219048315
Northern Ireland,2009-05-01,133898.0,153889.71527777775,,,,,,4.5,3.0,-0.222972972972973,0.0353921114066553,-0.0046403795565019
Northern Ireland,2009-06-01,133898.0,153357.2249134948,,,,,,4.0,1.5,0.0692307692307692,0.0379600481908979,-0.0034662079764853
Northern Ireland,2009-07-01,134254.0,153764.96193771626,,,,,,3.5,0.0,0.504950495049505,0.0417044376749116,0.0026552120376095
Northern Ireland,2009-08-01,134254.0,153234.73793103447,,,,,,3.5,0.0,0.2156862745098038,0.0404817798842132,-0.003454234868089
Northern Ireland,2009-09-01,134254.0,153058.80826636052,,,,,,3.5,0.0,0.4193548387096775,0.0442045620538222,-0.0011487652038724
Northern Ireland,2009-10-01,134376.0,153022.2110091743,,,,,,3.5,0.0,0.4019607843137254,0.047873876239916,-0.0002391344451684
Northern Ireland,2009-11-01,134376.0,152497.56342857142,,,,,,3.5,0.0,0.3529411764705883,0.0442408917384127,-0.0034344624486362
Northern Ireland,2009-12-01,134376.0,151631.1,,,,,,3.5,0.0,0.8617021276595744,0.0394491580472691,-0.0056980211146377
Northern Ireland,2010-01-01,128422.0,145242.64920273348,,,,,,3.5,0.0,0.1527777777777776,-0.0246154836419629,-0.0430448107347878
Northern Ireland,2010-02-01,128422.0,144583.95238095237,,,,,,3.5,0.0,0.2894736842105263,-0.0292540464620328,-0.0045454623716754
Northern Ireland,2010-03-01,128422.0,143768.93573844418,,,,,,3.5,0.0,0.146788990825688,-0.0256890261603982,-0.0056529263027886
Northern Ireland,2010-04-01,127299.0,141712.90022421523,,,,,,3.5,0.0,0.2571428571428571,-0.0289176009138204,-0.0144042163402442
Northern Ireland,2010-05-01,127299.0,141395.86912751678,,,,,,3.5,0.0,-0.0434782608695651,-0.0321099808830114,-0.0022396425935049
Northern Ireland,2010-06-01,127299.0,141237.88491620112,,,,,,3.5,0.0,-0.0143884892086331,-0.0297835400691514,-0.0011179431013417
Northern Ireland,2010-07-01,125074.0,139080.0470324748,,,,,,3.5,0.0,-0.0657894736842105,-0.0275025376843045,-0.0153959505351757
Northern Ireland,2010-08-01,125074.0,138305.6592427617,,,,,,3.5,0.0,0.0403225806451612,-0.02532449185605,-0.0055834874257012
Northern Ireland,2010-09-01,125074.0,138305.6592427617,,,,,,3.5,0.0,-0.0757575757575758,-0.0273976142907393,0.0
Northern Ireland,2010-10-01,117835.0,130011.28333333334,,,,,,3.5,0.0,-0.0629370629370629,-0.0262796805140621,-0.0618449163214815
Northern Ireland,2010-11-01,117835.0,129579.35215946844,,,,,,3.5,0.0,-0.144927536231884,-0.0273280539668572,-0.0033277900926744
Northern Ireland,2010-12-01,117835.0,128300.60855263156,,,,,,3.5,0.0,-0.3771428571428571,-0.0272242912245879,-0.0099174366573464
Northern Ireland,2011-01-01,112639.0,122508.79189485213,,,,,,3.5,0.0,0.0,-0.0410606082447971,-0.0461932168312806
Northern Ireland,2011-02-01,112639.0,121576.6597826087,,,,,,3.5,0.0,-0.0714285714285714,-0.044287945837282,-0.0076377894481165
Northern Ireland,2011-03-01,112639.0,121312.93600867678,,,,,,3.5,0.0,-0.1039999999999999,-0.0472387553142081,-0.0021715535135076
Northern Ireland,2011-04-01,110858.0,118113.72746781116,,,,,,3.5,0.0,-0.1136363636363636,-0.0439160578238749,-0.0267255026016357
Northern Ireland,2011-05-01,110858.0,117860.80728051392,,,,,,3.5,0.0,-0.0999999999999999,-0.0488428709636845,-0.002143623543251
Northern Ireland,2011-06-01,110858.0,117987.13183279744,,,,,,3.5,0.0,-0.1167883211678831,-0.0487515373747007,0.0010712373814989
Northern Ireland,2011-07-01,108933.0,115938.33762057878,,,,,,3.5,0.0,-0.1690140845070422,-0.0466668017072654,-0.0175170887192415
Northern Ireland,2011-08-01,108933.0,115320.32942430704,,,,,,3.5,0.0,-0.0310077519379845,-0.0487971552230033,-0.0053447481588815
Northern Ireland,2011-09-01,108933.0,114587.36122881356,,,,,,3.5,0.0,0.1885245901639345,-0.0485700386435004,-0.0063762171392749
Northern Ireland,2011-10-01,105870.0,111247.5238095238,,,,,,3.5,0.0,-0.0522388059701492,-0.0546172629741561,-0.0295798493304904
Northern Ireland,2011-11-01,105870.0,111129.92600422831,,,,,,3.5,0.0,0.1610169491525424,-0.0535143665792802,-0.0010576415581358
Northern Ireland,2011-12-01,105870.0,110545.64668769715,,,,,,3.5,0.0,0.1834862385321101,-0.0513632628669604,-0.0052714934935114
Northern Ireland,2012-01-01,99094.0,104017.27484143764,,,,,,3.5,0.0,0.2168674698795181,-0.0373621069258396,-0.0608715382628872
Northern Ireland,2012-02-01,99094.0,103470.39116719244,,,,,,3.5,0.0,0.3076923076923077,-0.0312130659166829,-0.0052714934935131
Northern Ireland,2012-03-01,99094.0,103145.01257861634,,,,,,3.5,0.0,0.1875,-0.0289179148813292,-0.0031496089028966
Northern Ireland,2012-04-01,99355.0,102770.328125,,,,,,3.5,0.0,-0.1623931623931623,-0.0298672226347609,-0.0036392127547042
Northern Ireland,2012-05-01,99355.0,102877.49217935347,,,,,,3.5,0.0,0.1919191919191918,-0.0254742678131774,0.0010422095784434
Northern Ireland,2012-06-01,99355.0,103308.39267015706,,,,,,3.5,0.0,0.1735537190082645,-0.0223646407112284,0.0041797344027081
Northern Ireland,2012-07-01,96609.0,100348.05125523014,,,,,,3.5,0.0,0.0338983050847456,-0.01932093588624,-0.0290739628479546
Northern Ireland,2012-08-01,96609.0,99825.9490114464,,,,,,3.5,0.0,0.2319999999999999,-0.0203467508068612,-0.0052164959188925
Northern Ireland,2012-09-01,96609.0,99412.16269430052,,,,,,3.5,0.0,-0.1103448275862069,-0.0202211000259141,-0.0041536923686926
Northern Ireland,2012-10-01,94301.0,96537.0030927835,,,,,,3.5,0.0,0.1811023622047243,-0.0180410954913539,-0.0293480807018813
Northern Ireland,2012-11-01,94301.0,96338.36728395062,,,,,,3.5,0.0,0.1532846715328466,-0.0220678905359438,-0.0020597329630103
Northern Ireland,2012-12-01,94301.0,95943.53790983609,,,,,,3.5,0.0,0.0310077519379845,-0.023047377047916,-0.0041067819526539
Northern Ireland,2013-01-01,92202.0,94291.02574665294,,,,,,3.5,0.0,0.108910891089109,0.0002818171506864,-0.0173738536140373
Northern Ireland,2013-02-01,92202.0,93616.14110429448,,,,,,3.5,0.0,-0.0084033613445377,0.0001464127932548,-0.0071832017434925
Northern Ireland,2013-03-01,92202.0,93329.85321100918,,,,,,3.5,0.0,0.0827067669172931,-0.0017637489375563,-0.0030627895305457
Northern Ireland,2013-04-01,93906.0,94861.3001017294,,,,,,2.3,0.0,0.1938775510204082,-0.0016770789305181,0.0162757990533659
Northern Ireland,2013-05-01,93906.0,94668.6883248731,,,,,,2.3,0.0,0.2966101694915255,0.0025577310573192,-0.0020325210249225
Northern Ireland,2013-06-01,93906.0,94861.3001017294,,,,,,2.3,0.0,0.1056338028169014,-0.0005201296589023,0.0020325210249225
Northern Ireland,2013-07-01,95738.0,96711.93692777213,,,,,,2.3,0.0,0.3524590163934427,-0.0026639237919376,0.0193210118995725
Northern Ireland,2013-08-01,95738.0,96319.99392097264,,,,,,2.3,0.0,0.1818181818181818,-0.0016195928220862,-0.0040609192863154
Northern Ireland,2013-09-01,95738.0,95931.2149344097,,,,,,2.3,0.0,0.2868217054263566,-0.000465220898978,-0.0040444948965063
Northern Ireland,2013-10-01,96414.0,96608.57921291626,,,,,,2.3,0.0,0.1999999999999999,-0.0003560682682498,0.0070361254516786
Northern Ireland,2013-11-01,96414.0,96511.19153225806,,,,,,2.3,0.0,0.2848101265822784,0.0048234339687023,-0.0010085729548841
Northern Ireland,2013-12-01,96414.0,96123.5963855422,,,,,,2.3,0.0,0.4135338345864661,0.0058802195057576,-0.0040241502997258
Northern Ireland,2014-01-01,98014.0,98311.01212121212,,,,,,2.3,0.0,0.5,-0.0317167036694517,0.0225012207786097
Northern Ireland,2014-02-01,98014.0,97816.98693467336,,,,,,2.3,0.0,0.4322033898305084,-0.030838851202585,-0.0050377940299561
Northern Ireland,2014-03-01,98014.0,97620.76429287862,,,,,,2.3,0.0,0.1736111111111111,-0.028757373387397,-0.0020080328032463
Northern Ireland,2014-04-01,101289.0,100479.4975024975,,,,,,2.3,0.0,0.4700854700854702,-0.0277324082437203,0.0288634820433628
Northern Ireland,2014-05-01,101289.0,100579.977,,,,,,2.3,0.0,0.3071895424836601,-0.0296433173673077,0.0009995003330836
Northern Ireland,2014-06-01,101289.0,100379.21856287424,,,,,,2.3,0.0,0.305732484076433,-0.0266967103503609,-0.0019980026626722
Northern Ireland,2014-07-01,103263.0,102642.8018018018,,,,,,2.3,0.0,0.206060606060606,-0.0306117372102545,0.0222998178949023
Northern Ireland,2014-08-01,103263.0,102335.48802395209,,,,,,2.3,0.0,0.1703296703296704,-0.0277006613460212,-0.002998502996256
Northern Ireland,2014-09-01,103263.0,102233.4586241276,,,,,,2.3,0.0,0.1807228915662651,-0.026667125764518,-0.000997506317125
Northern Ireland,2014-10-01,104809.0,103660.69422310757,,,,,,2.3,0.0,0.3,-0.0236968687411955,0.0138640018667945
Northern Ireland,2014-11-01,104809.0,103971.36563436563,,,,,,2.3,0.0,0.0098522167487684,-0.0246692822185451,0.0029925209364538
Northern Ireland,2014-12-01,104809.0,103971.36563436563,,,,,,2.3,0.0,0.1063829787234043,-0.0207590751051568,0.0
Northern Ireland,2015-01-01,104989.0,104989.0,122136.68572765705,122136.68572765705,-0.15128520963378733,-0.2901323371672473,-0.012438082100327402,2.3,0.0,-0.0654761904761904,0.0496217364619895,0.0097400519726527
Northern Ireland,2015-02-01,104989.0,104777.96683417085,121981.11336034258,122226.79536106836,-0.15202271457596694,-0.2908698421094269,-0.013175587042507014,2.3,0.0,0.0,0.0517039402488781,-0.0020120731134198
Northern Ireland,2015-03-01,104989.0,104567.78034102306,121875.6754765302,122366.61475337425,-0.1531659948259989,-0.29201312235945887,-0.014318867292538978,2.3,0.0,0.0355029585798816,0.0548909218859958,-0.0020080328032463
Northern Ireland,2015-04-01,108206.0,107556.1141141141,121793.50078437188,122529.41317581825,-0.12431429098128355,-0.2631614185147435,0.014532836552176381,2.3,0.0,-0.063953488372093,0.0548909218859958,0.0281772262884274
Northern Ireland,2015-05-01,108206.0,107341.21678321678,121917.61293380024,122899.82935219943,-0.1273328103216702,-0.26617993785513017,0.01151431721178972,2.3,0.0,-0.06,0.0570028156235051,-0.0020000006666656
Northern Ireland,2015-06-01,108206.0,107234.08982035928,122077.00220143526,123183.44028785311,-0.1296378110772114,-0.26848493861067135,0.009209316456248534,2.3,0.0,0.0926829268292683,0.0538370848011944,-0.0009985023295904
Northern Ireland,2015-07-01,111401.0,110621.193,122346.32680699175,123208.78832526863,-0.10074407825070786,-0.2395912057841678,0.03810304928275207,2.3,0.0,0.1206030150753769,0.0548909218859958,0.0310974890362558
Northern Ireland,2015-08-01,111401.0,110290.3220338983,122377.70000859903,123610.10383547314,-0.10399598381066433,-0.24284311134412426,0.0348511437227956,2.3,0.0,-0.0516431924882628,0.0538360309641101,-0.0029955089797972
Northern Ireland,2015-09-01,111401.0,110400.39221556886,122971.45250250424,124085.99738923389,-0.10783854844504503,-0.24668567597850496,0.031008579088414895,2.3,0.0,0.0918367346938775,0.0538391861712541,0.000997506317125
Northern Ireland,2015-10-01,112385.0,111264.51146560318,123207.6729608887,124448.435024946,-0.10196097700673512,-0.24080810454019505,0.03688615052672481,2.3,0.0,0.0299145299145298,0.0559437072371793,0.0077966661660884
Northern Ireland,2015-11-01,112385.0,111264.51146560318,123368.5893258095,124610.9718970664,-0.10326618283857592,-0.24211331037203584,0.035580944694884015,2.3,0.0,0.0634146341463415,0.0559426576007378,0.0
Northern Ireland,2015-12-01,112385.0,111264.51146560318,117557.59681462594,118741.45982383669,-0.05501804645883546,-0.1938651739922954,0.08382908107462447,2.3,0.0,0.0384615384615385,0.0527874504565122,0.0
Northern Ireland,2016-01-01,112475.0,112248.91959798994,118378.881747874,118617.308498625,-0.05317144131148055,-0.19201856884494048,0.08567568622197938,2.3,0.0,0.0127388535031847,0.0412817584604425,0.0088085489337892
Northern Ireland,2016-02-01,112475.0,111911.497995992,118454.02396339203,119050.46919986428,-0.05681653939790543,-0.19566366693136536,0.0820305881355545,2.3,0.0,0.0177514792899409,0.0412650309586624,-0.0030105391528714
Northern Ireland,2016-03-01,112475.0,111464.74550898204,118524.13060641209,119598.36743970284,-0.06140821652642181,-0.20025534405988174,0.07743891100703812,2.3,0.0,0.8914285714285715,0.04022588205096,-0.0040000053333457
Northern Ireland,2016-04-01,116637.0,115589.3622754491,118978.66549887558,120057.02198375965,-0.028900265351289534,-0.16774739288474946,0.1099468621821704,2.3,0.0,-0.0993788819875776,0.0381558430836792,0.0363355730377339
Northern Ireland,2016-05-01,116637.0,115359.1045816733,119147.55497413754,120467.41711383092,-0.032312771206179036,-0.17115989873963897,0.1065343563272809,2.3,0.0,-0.1170212765957446,0.0402384024479394,-0.0019940186068652
Northern Ireland,2016-06-01,116637.0,115129.76242544732,119041.52448435189,120599.97344537562,-0.03341251634049236,-0.1722596438739523,0.10543461119296757,2.3,0.0,-0.0714285714285714,0.0402446252348842,-0.0019900504080094
Northern Ireland,2016-07-01,118039.0,116513.64512922466,119103.83033078455,120663.09497761253,-0.02198724475219116,-0.1608343722856511,0.11685988278126877,2.3,0.0,-0.1121076233183856,0.0392136838740737,0.0119485305693771
Northern Ireland,2016-08-01,118039.0,116167.22200198215,119154.04758725142,121073.95167727763,-0.02538645146012186,-0.1642335789935818,0.11346067607333807,2.3,0.0,0.0445544554455445,0.0371394050639459,-0.0029776696939247
Northern Ireland,2016-09-01,118039.0,115937.41543026704,118838.8365637065,120993.01486999726,-0.024717737248920457,-0.1635648647823804,0.11412939028453947,2.3,0.0,0.0373831775700934,0.0371579070553147,-0.0019801986668621
Northern Ireland,2016-10-01,118350.0,116128.01383399208,118830.31058721319,121104.00233057377,-0.023003363851216818,-0.16185049138467675,0.11584376368224311,2.3,0.0,-0.1867219917012448,0.0340741503237567,0.0016426267987057
Northern Ireland,2016-11-01,118350.0,115898.9644970414,118667.14320826044,121176.72025496083,-0.023603642121770463,-0.1624507696552304,0.11524348541168947,2.3,0.0,0.0045871559633028,0.034083328279459,-0.0019743343037177
Northern Ireland,2016-12-01,118350.0,115330.27477919529,114184.27193712213,117173.99104121597,0.009986402888394252,-0.12886072464506568,0.14883353042185418,2.05,0.0,0.0787037037037037,0.0320437161921227,-0.0049188490715952
Northern Ireland,2017-01-01,118092.0,115646.30769230767,114696.00549173393,117121.60077403647,0.008251263774146977,-0.13059586375931295,0.1470983913076069,2.05,0.0,0.0817610062893081,0.0151363229082219,0.0027364948164514
Northern Ireland,2017-02-01,118092.0,114853.43388834476,114102.13888085916,117319.52044044028,0.006562825223792146,-0.13228430230966778,0.14540995275725208,2.05,0.0,0.0174418604651163,0.0120052008454525,-0.0068796340135364
Northern Ireland,2017-03-01,118092.0,114405.22536585364,114229.9752818449,117911.10238055492,0.0015330108210278581,-0.13731411671243207,0.1403801383544878,2.05,0.0,-0.3534743202416919,0.0080972217699413,-0.0039100734078427
Northern Ireland,2017-04-01,120356.0,116145.29446064138,114653.01876588115,118809.62367582247,0.012931606557293307,-0.12591552097616662,0.15177873409075324,2.05,0.0,0.2482758620689655,0.0081878859709312,0.0150951916107686
Northern Ireland,2017-05-01,120356.0,115695.55469506292,114914.78722413881,119543.78167425518,0.006771339460962977,-0.13207578807249695,0.1456184669944229,2.05,0.0,0.2710843373493976,0.0042687882606458,-0.0038797332855882
Northern Ireland,2017-06-01,120356.0,115695.55469506292,115304.7307301864,119949.43287440338,0.0033837563192786746,-0.13546337121418126,0.1422308838527386,2.05,0.0,0.2932692307692308,0.0023768082930804,0.0
Northern Ireland,2017-07-01,121964.0,117354.8953488372,115861.42750025127,120411.87631446053,0.01280775072517315,-0.12603937680828678,0.15165487825863308,2.05,0.0,0.0252525252525253,0.0043735748434647,0.0142404247217644
Northern Ireland,2017-08-01,121964.0,116676.54335260116,116100.82934702057,121362.19623585836,0.004946487476610528,-0.1339006400568494,0.14379361501007046,2.05,0.0,0.1658767772511848,0.0053468050516465,-0.0057971176843256
Northern Ireland,2017-09-01,121964.0,116340.29971181556,116712.10663164905,122353.77945976502,-0.003190760748735144,-0.14203788828219507,0.13565636678472479,2.05,0.0,0.1396396396396395,0.0025162741648556,-0.0028860048891363
Northern Ireland,2017-10-01,122649.0,116881.43666026872,116796.1248813789,122559.47847572691,0.0007301666631320813,-0.13811696087032785,0.139577294196592,2.05,0.0,0.2653061224489796,0.0016085998363761,0.004640544470428
Northern Ireland,2017-11-01,122649.0,116434.47131931166,117016.04866430128,123261.61823047245,-0.00498245665216146,-0.1438295841856214,0.13386467088129847,2.05,0.0,0.1278538812785388,0.0016371231794063,-0.0038314223115563
Northern Ireland,2017-12-01,122649.0,116101.48427073404,115357.39510280812,121862.94809954253,0.006429580349601949,-0.13241754718385798,0.14527670788306188,2.05,0.0,0.055793991416309,-0.000221278967984,-0.0028639637714285
Northern Ireland,2018-01-01,123302.0,117278.6264367816,115985.57279396821,121942.53574713276,0.011086715335819619,-0.1277604121976403,0.14993384286927955,2.05,0.0,-0.0116279069767442,-0.0171099186274386,0.010087853203057
Northern Ireland,2018-02-01,123302.0,116719.62440419446,116107.0525142025,122654.88226324112,0.005262054259146609,-0.13358507327431332,0.14410918179260654,2.05,0.0,0.1257142857142856,-0.0172485053195657,-0.0047778399537126
Northern Ireland,2018-03-01,123302.0,116608.46285714283,116680.2846557185,123377.94450000447,-0.0006157330913776349,-0.13946286062483756,0.1382313944420823,2.3,0.0,0.0373831775700934,-0.0151807918730275,-0.0009528347552727
Northern Ireland,2018-04-01,125009.0,117774.13377609104,117460.93108185883,124676.55726110698,0.0026628927919229994,-0.13618423474153693,0.14151002032538293,2.3,0.0,0.0662983425414365,-0.012264135946715,0.0099468181217794
Northern Ireland,2018-05-01,125009.0,117328.86294896028,117628.45510956348,125328.202926403,-0.0025501850756874944,-0.14139731260914742,0.13629694245777244,2.3,0.0,0.0663507109004739,-0.0121727085515142,-0.0037878833169369
Northern Ireland,2018-06-01,125009.0,117328.86294896028,117963.2210275488,125684.8820212957,-0.0053921033368560245,-0.14423923087031595,0.1334550241966039,2.3,0.0,0.003717472118959,-0.0120819724787721,0.0
Northern Ireland,2018-07-01,127398.0,119571.09073724008,118511.57739801912,126269.13281682199,0.008900440690402078,-0.12994668684305785,0.147747568223862,2.3,0.0,0.1280788177339902,-0.0120819724787721,0.0189303097172857
Northern Ireland,2018-08-01,127398.0,118785.17746478872,118606.45457507198,127206.31835090803,0.0015057221852998737,-0.13734140534816006,0.1403528497187598,2.3,0.0,0.1504065040650406,-0.0130383306854722,-0.0065944657252803
Northern Ireland,2018-09-01,127398.0,118673.74671669796,118836.89566585829,127573.14277925974,-0.0013738245426324625,-0.1402209520760924,0.13747330299082747,2.3,0.0,-0.1225296442687746,-0.0138249689850679,-0.0009385265822636
Northern Ireland,2018-10-01,129427.0,120450.8069353327,119055.66480187693,127927.88957059688,0.011650273192110205,-0.12719685434134972,0.15049740072557014,2.3,0.0,0.032258064516129,-0.0119025431716988,0.0148633246299301
Northern Ireland,2018-11-01,129427.0,120113.09439252336,118680.39101490092,127883.20079148437,0.011999662106434883,-0.12684746542702505,0.1508467896398948,2.3,0.0,0.1417004048582995,-0.0118803036910424,-0.0028076761541981
Northern Ireland,2018-12-01,129427.0,120000.94397759104,113814.0344513481,122754.10966504915,0.05293376955975049,-0.08591335797370944,0.19178089709321042,2.55,0.0,-0.056910569105691,-0.0108682019697079,-0.000934142991797
Northern Ireland,2019-01-01,128168.0,119727.96237064913,114777.52846823407,122868.59291211765,0.04222646937296126,-0.09662065816049867,0.1810735969064212,2.55,0.0,0.0176470588235293,0.0187438881854291,-0.0022774201833914
Northern Ireland,2019-02-01,128168.0,119167.4382022472,114707.53199481232,123371.24287055343,0.03814385897804584,-0.10070326855541409,0.17699098651150577,2.55,0.0,0.0507614213197968,0.021518492488429,-0.0046926411781935
Northern Ireland,2019-03-01,128168.0,118944.6953271028,114788.77931176244,123689.82262193938,0.035564902011886446,-0.10328222552157348,0.17441202954534638,2.55,0.0,0.0090090090090089,0.0216055283207816,-0.0018709079358121
Northern Ireland,2019-04-01,129613.0,119614.97118959107,114642.6859947125,124225.10587141052,0.04245779778628567,-0.09638932974717426,0.1813049253197456,2.55,0.0,0.0466321243523315,0.0206680500867979,0.0056193709193834
Northern Ireland,2019-05-01,129613.0,119282.39944392956,114696.93803820905,124630.40900627147,0.039200457932480504,-0.09964666960097943,0.17804758546594043,2.55,0.0,0.0888888888888888,0.0188431700538938,-0.0027842245364038
Northern Ireland,2019-06-01,129613.0,119282.39944392956,114863.54897405191,124811.449489428,0.037748893098601854,-0.10109823443485808,0.17659602063206178,2.55,0.0,-0.1518518518518519,0.0198662542753522,0.0
Northern Ireland,2019-07-01,132336.0,121788.36700648748,115440.81886334607,125438.71455543848,0.05352683388530011,-0.08532029364815982,0.19237396141876004,2.55,0.0,-0.0524017467248908,0.0198662542753522,0.0207910554199752
Northern Ireland,2019-08-01,132336.0,121226.61254612544,115967.236797714,126594.64721925679,0.044353915181867265,-0.09449321235159266,0.1832010427153272,2.55,0.0,-0.0494699646643109,0.0198662542753522,-0.0046232167414572
Northern Ireland,2019-09-01,132336.0,121114.88294930875,116210.29524777069,126977.00940969908,0.04133810114863934,-0.09750902638482059,0.18018522868209927,2.55,0.0,0.0855855855855856,0.0218786474050345,-0.0009220839749666
Northern Ireland,2019-10-01,132623.0,121601.69806094184,116751.55431572867,127333.26618724485,0.04070272409431652,-0.09814440343914341,0.17954985162777645,2.55,0.0,-0.00390625,0.0218954498924759,0.0040113927313587
Northern Ireland,2019-11-01,132623.0,121377.5474654378,116856.41213918643,127682.98808763069,0.03795998033771575,-0.10088714719574418,0.17680710787117568,2.55,0.0,-0.0425531914893616,0.0247430032129414,-0.0018450189735705
Northern Ireland,2019-12-01,132623.0,121377.5474654378,114217.61751823802,124799.71299827618,0.06080036046795634,-0.07804676706550359,0.19964748800141627,2.55,0.0,-0.0818965517241379,0.0257299543948867,0.0
Northern Ireland,2020-01-01,133173.0,122218.8438077634,115054.85459126242,125366.92111555484,0.06040422841299353,-0.0784428991204664,0.19925135594645346,2.55,0.0,0.1040462427745665,0.0078066621059833,0.0069073247174102
Northern Ireland,2020-02-01,133173.0,121768.682320442,115114.50675200194,125895.62369856406,0.05619585454895315,-0.08265127298450678,0.19504298208241308,2.55,0.0,-0.0289855072463768,0.0030521104822365,-0.003690041087454
Northern Ireland,2020-03-01,133173.0,121768.682320442,115203.16579992657,125992.58616185324,0.055425969621570204,-0.08342115791188973,0.19427309715503013,2.55,0.0,-0.1116071428571429,0.0040582749252187,0.0
Northern Ireland,2020-04-01,133286.0,121984.32995391704,116507.61093037327,127301.87095614802,0.04593599273676574,-0.09291113479669419,0.18478312027022567,2.55,0.0,-0.7970297029702971,0.0059385338670261,0.0017693950751596
Northern Ireland,2020-05-01,133286.0,121984.32995391704,116915.52075265901,127747.57302782983,0.04244096433430755,-0.09640616319915238,0.18128809186776748,2.55,0.0,-0.7795918367346939,0.0125116418543771,0.0
Northern Ireland,2020-06-01,133286.0,121872.00552486187,117073.0352127321,128037.57929609975,0.0401733863306557,-0.09867374120280423,0.17902051386411563,2.55,0.0,-0.4410480349344978,0.0153346297034135,-0.0009212345193212
Northern Ireland,2020-07-01,136013.0,123795.51695692028,117343.01738450647,128923.69785145675,0.0535297295639392,-0.08531739796952073,0.19237685709739913,1.9,0.0,-0.2073732718894009,0.01439969910516,0.0156597886514369
Northern Ireland,2020-08-01,136013.0,124365.47790055248,118517.57379702771,129617.40699251973,0.04816338129023201,-0.09068374624322792,0.18701050882369194,1.9,0.0,-0.3717472118959107,0.0097507545629733,0.0045934853391891
Northern Ireland,2020-09-01,136013.0,123795.51695692028,118870.18897302682,130601.587280536,0.040599098878589146,-0.09824802865487078,0.17944622641204908,1.9,0.0,-0.0539419087136929,0.0191003464596788,-0.0045934853391891
Northern Ireland,2020-10-01,139563.0,127026.63519706692,119648.64226085367,131456.8667740094,0.05983732373036155,-0.07900980380309838,0.19868445126382148,1.9,0.0,0.2078431372549019,0.0153656799822299,0.0257656428151502
Northern Ireland,2020-11-01,139563.0,127259.9256198347,120592.48018807228,132250.96769870163,0.053814724314142026,-0.0850324032193179,0.19266185184760196,1.9,0.0,0.0851851851851852,0.0134940381758108,0.0018348629001092
Northern Ireland,2020-12-01,139563.0,126910.31043956042,116582.32910583293,128205.34076895224,0.08488290893518702,-0.05396421859827291,0.22373003646864695,1.9,0.0,0.4413145539906102,0.0172304470712694,-0.00275103337189
Northern Ireland,2021-01-01,141087.0,128531.55137614676,117836.56111602653,129347.28259463134,0.08687582112305492,-0.05197130641040501,0.22572294865651485,1.9,0.0,0.1989528795811519,0.0275899074665217,0.0126937902388331
Northern Ireland,2021-02-01,141087.0,128413.7406049496,118451.44583847241,130141.51803602558,0.08075426273831532,-0.05809286479514461,0.21960139027177525,1.9,0.0,0.2835820895522387,0.0266289177927741,-0.0009170106098821
Northern Ireland,2021-03-01,141087.0,128061.60054844606,119484.61368703241,131637.63078913742,0.06932379511386877,-0.06952333241959116,0.2081709226473287,1.9,0.0,0.7638190954773869,0.0294797419552839,-0.002745997148855
Northern Ireland,2021-04-01,146044.0,131718.15803814714,120122.78415642265,133187.4978411091,0.0921500525191501,-0.046697075014309836,0.23099718005261002,1.9,0.0,5.2682926829268295,0.0266566713649127,0.0281530710524187
Northern Ireland,2021-05-01,146044.0,130886.00361010832,121078.70140001987,135100.90750374825,0.07788598395075397,-0.06096114358270596,0.2167331114842139,1.9,0.0,3.7222222222222223,0.0191899899667955,-0.0063377305845495
Northern Ireland,2021-06-01,146044.0,130298.01617250672,121437.32618735882,136112.53176891277,0.0704259630945483,-0.06842116443891164,0.20927309062800822,1.9,0.0,2.046875,0.0127510640374024,-0.0045024839683165
Northern Ireland,2021-07-01,150563.0,134329.79245283018,122567.7532416835,137379.5663222495,0.09163394924386381,-0.04721317828959612,0.23048107677732374,1.9,0.0,0.4593023255813953,0.0091306365437686,0.0304736550810353
Northern Ireland,2021-08-01,150563.0,133371.1498661909,123726.64379879882,139675.29476178598,0.0750611955662901,-0.06378593196716983,0.21390832309975003,1.9,0.0,0.6449704142011834,0.0137767260306183,-0.0071620717966158
Northern Ireland,2021-09-01,150563.0,133015.17704626333,125306.5593582686,141837.43476202813,0.05970002508129646,-0.07914710245216347,0.1985471526147564,1.9,0.0,0.7412280701754386,0.001928990609469,-0.0026726073814753
Northern Ireland,2021-10-01,150539.0,131589.1082746479,125970.78075965785,144111.58805938702,0.0436342702697079,-0.09521285726375203,0.18248139780316783,1.9,0.0,-0.25,0.0038554235516707,-0.0107789832455029
Northern Ireland,2021-11-01,150539.0,130554.78340611352,127160.23551614136,146624.84357097873,0.026344946723090956,-0.11250218081036897,0.16519207425655089,1.9,0.0,-0.0989761092150171,-0.006748683035142,-0.0078913167072443
Northern Ireland,2021-12-01,150539.0,129874.21980886185,123516.8233744261,143170.05408254225,0.050189073708878595,-0.08865805382458133,0.18903620124233853,1.9,0.0,-0.1628664495114006,-0.0163623956047745,-0.0052264927335432
Northern Ireland,2022-01-01,155086.0,134029.93733681462,125568.38191059486,145295.13677268228,0.0652127019966926,-0.07363442553676733,0.20405982953015253,1.9,0.0,-0.1353711790393013,-0.0200721072554598,0.0314967458044002
Northern Ireland,2022-02-01,155086.0,132988.25388601035,126565.14931112555,147595.61218759656,0.04950361776465506,-0.08934350976880487,0.188350745298115,1.9,0.0,-0.127906976744186,-0.0201642653443089,-0.0078023802841844
Northern Ireland,2022-03-01,155086.0,131511.8684884714,127027.69022505521,149798.01133286973,0.034692006249349205,-0.10415512128411072,0.17353913378280914,1.9,0.0,-0.3048433048433048,-0.0268876236319713,-0.0111637054647779
Northern Ireland,2022-04-01,160214.0,132577.08500000002,126690.29547293526,153100.0549521876,0.04541875998385336,-0.09342836754960657,0.1842658875173133,1.55,0.0,-0.0817120622568093,-0.0350446200012445,0.008067147636245
Northern Ireland,2022-05-01,160214.0,131699.09105960265,127640.78569934086,155277.0081820783,0.03129975014807762,-0.10754737738538231,0.17014687768153755,1.55,0.0,-0.0901960784313725,-0.0523392841816153,-0.0066445427186696
Northern Ireland,2022-06-01,160214.0,130617.81773399014,128368.92834408881,157455.54352779474,0.017367266471145726,-0.1214798610623142,0.15621439400460566,1.8,0.0,-0.3692307692307692,-0.0526299933894199,-0.0082440697750811
Northern Ireland,2022-07-01,166363.0,134855.8848979592,129429.73145918462,159669.10477089745,0.04106856930308034,-0.09777855823037959,0.17991569683654027,2.05,0.0,-0.0916334661354582,-0.0561680364864344,0.0319310516067261
Northern Ireland,2022-08-01,166363.0,134198.58570268075,130964.54757883692,162353.83491394587,0.024394028348600827,-0.1144530991848591,0.16324115588206076,2.05,0.0,-0.1007194244604317,-0.0615613619922261,-0.0048860032056268
Northern Ireland,2022-09-01,166363.0,133439.78917609047,132011.2639721007,164582.01892997048,0.01076310662611668,-0.12808402090734325,0.1496102341595766,2.3,0.0,-0.309823677581864,-0.0594229786532655,-0.0056703270600877
Northern Ireland,2022-10-01,165729.0,130403.24643423136,131128.21452612808,166650.35924670057,-0.005544036240527461,-0.1443911637739874,0.13330309129293247,2.55,0.0,0.0779220779220779,-0.0622383429546075,-0.0230188135431141
Northern Ireland,2022-11-01,165729.0,129888.63220205207,132514.14046273247,169078.96874751465,-0.020011952274799683,-0.1588590798082596,0.11883517525866025,2.55,0.0,-0.0757575757575758,-0.0702508684630298,-0.0039541372199796
Northern Ireland,2022-12-01,165729.0,129378.06367924529,124076.80728358883,158938.26673184792,0.0418380569268173,-0.09700907060664263,0.18068518446027723,3.05,0.0,-0.1167315175097276,-0.0665830635889876,-0.003938563578929
Northern Ireland,2023-01-01,162479.0,127643.70806962026,125112.36599843255,159256.8284209655,0.020030590491948885,-0.11881653704151104,0.15887771802540882,3.55,0.0,-0.2272727272727273,-0.0451223498828787,-0.0134959923638593
Northern Ireland,2023-02-01,162479.0,126146.71383893664,125633.39046368106,161817.8312215993,0.004077558772225487,-0.13476956876123444,0.14292468630568542,3.55,0.0,-0.2355555555555555,-0.0407485357941528,-0.0117972268720407
Northern Ireland,2023-03-01,162479.0,125168.07370054306,125797.55563236607,163296.1220645719,-0.005016489736707541,-0.14386361727016747,0.1338306377967524,4.3,0.0,-0.1188524590163934,-0.0445729541643997,-0.0077882013603449
Northern Ireland,2023-04-01,164587.0,125333.50536809817,125680.57111538124,165042.7640830384,-0.002765310800981524,-0.14161243833444145,0.1360818167324784,4.8,0.0,-0.3389830508474576,-0.0413424570389069,0.0013208035831162
Northern Ireland,2023-05-01,164587.0,124474.40289413556,126940.40223041252,167847.68190184457,-0.019617607016462202,-0.15846473454992213,0.11922952051699773,4.8,0.0,-0.2155172413793104,-0.0289017517850752,-0.0068781318161974
Northern Ireland,2023-06-01,164587.0,124285.08821292776,128081.61404029645,169614.6248368478,-0.030089645209358196,-0.16893677274281813,0.10875748232410173,5.3,0.0,-0.0894308943089431,-0.0291285632571133,-0.0015220703090683
Northern Ireland,2023-07-01,169726.0,128753.18411000764,130293.93161512412,171757.05587532476,-0.011895640447843192,-0.15074276798130312,0.12695148708561674,5.55,0.0,-0.2017543859649122,-0.0225803821997371,0.0353192449761756
Northern Ireland,2023-08-01,169726.0,128360.94287890328,131642.8474343908,174065.51730247244,-0.02524639250937888,-0.1640935200428388,0.11360073502408105,5.55,0.0,-0.0919999999999999,-0.0124571290434679,-0.0030511083928974
Northern Ireland,2023-09-01,169726.0,127680.2409090909,132801.28397136813,176533.42884411474,-0.03932488493565245,-0.17817201246911238,0.09952224259780748,5.8,0.0,-0.156934306569343,-0.0106434282860152,-0.0053171412776205
Northern Ireland,2023-10-01,168157.0,126499.925,135166.37126889412,179677.35153569008,-0.06626468416936504,-0.20511181170282497,0.07258244336409489,6.3,0.0,-0.1646586345381526,-0.0102939398975631,-0.0092873052370148
Northern Ireland,2023-11-01,168157.0,126788.07972665149,136818.21248194168,181459.80447000722,-0.07613609938592525,-0.21498322691938518,0.06271102814753468,6.3,0.0,-0.151639344262295,0.0088926073095925,0.0022753138371349
Northern Ireland,2023-12-01,168157.0,126308.54841149774,129439.12048954038,172324.7908229329,-0.024482948101585578,-0.1633300756350455,0.11436417943187435,6.55,0.0,-0.1013215859030837,0.0151970707142217,-0.0037893186683497
Northern Ireland,2024-01-01,169060.0,127662.79847908745,131480.93143230982,174116.2385030085,-0.029469432049719302,-0.16831655958317923,0.10937769548374063,6.55,0.0,0.0065359477124182,0.0179059210947196,0.0106646904832796
Northern Ireland,2024-02-01,169060.0,126890.83900226756,133206.0812379626,177473.9632203671,-0.048570230572794415,-0.18741735810625434,0.09027689696066551,6.55,0.0,-0.0348837209302325,0.0168884289862047,-0.0060652195030908
Northern Ireland,2024-03-01,169060.0,126222.992481203,134378.28698437347,179983.00270817394,-0.0626087355316578,-0.20145586306511773,0.07623839200180213,6.55,0.0,-0.041860465116279,0.0227339783154076,-0.0052770571008444
Northern Ireland,2024-04-01,175418.0,130479.45617977528,135525.49143967227,182201.94468475578,-0.037943960871302806,-0.17679108840476274,0.10090316666215712,6.55,0.0,0.0769230769230768,0.0253054381761159,0.0331656661303814
Northern Ireland,2024-05-01,175418.0,130089.67438386857,136487.0572738173,184044.48105704068,-0.04800577601890943,-0.18685290355236936,0.0908413515145505,6.55,0.0,0.1978021978021977,0.0333520613997446,-0.002991774856822
Northern Ireland,2024-06-01,175418.0,129895.65548098434,138141.15991139054,186553.16761447603,-0.06154458224904502,-0.20039170978250495,0.07730254528441491,6.55,0.0,-0.0982142857142857,0.0373758502504211,-0.0014925375905061
Northern Ireland,2024-07-01,180467.0,133934.02914798204,139987.62127727168,188623.80389626336,-0.04420664032146071,-0.18305376785492064,0.09464048721199922,6.55,0.0,0.1043956043956044,0.0374064872318449,0.0306158809173471
Northern Ireland,2024-08-01,180467.0,133435.39166046164,141346.75388115837,191166.8584716976,-0.05759871566656294,-0.19644584320002287,0.08124841186689699,6.55,0.0,0.118942731277533,0.0349884840808174,-0.0037299558350643
Northern Ireland,2024-09-01,180467.0,133534.8219076006,143280.08993096833,193637.34208193302,-0.07043910332406611,-0.20928623085752604,0.06840802420939382,6.55,0.0,0.0173160173160173,0.0342861232206355,0.0007448789916111
Northern Ireland,2024-10-01,182320.0,134106.48888888888,145158.20555311922,197344.99244381767,-0.07919004286327258,-0.2180371703967325,0.05965708467018735,6.55,0.0,0.3365384615384614,0.0405750291426072,0.0042718954630256
Northern Ireland,2024-11-01,182320.0,134007.22427831235,145933.1072852039,198545.44606476382,-0.08525463641489317,-0.2241017639483531,0.05359249111856676,6.3,0.0,0.1739130434782609,0.0344086585995397,-0.0007404665277235
Northern Ireland,2024-12-01,182320.0,133513.09734513276,135558.23610104737,185112.75745520668,-0.015201754229233089,-0.15404888176269302,0.12364537330422684,6.3,0.0,0.0931372549019606,0.0312938084903726,-0.0036941305401434
Northern Ireland,2025-01-01,184322.0,135178.5420974889,138775.7466925153,189226.9496693512,-0.026262858443894643,-0.16510998597735457,0.11258426908956529,6.3,0.0,0.2012987012987013,0.044556068002175,0.0123968582337941
Northern Ireland,2025-02-01,184322.0,134582.16617647058,,,,,,6.3,0.0,0.2891566265060241,0.0405598848134169,-0.0044215252578769
Northern Ireland,2025-03-01,184322.0,134089.19120879122,,,,,,6.05,0.0,0.5388349514563107,0.0422716535346878,-0.0036697288889619
Northern Ireland,2025-04-01,185455.0,133253.8458755427,,,,,,6.05,0.0,-0.25,0.043948273245977,-0.0062492598343766
Northern Ireland,2025-05-01,185455.0,133061.28251445087,,,,,,6.05,0.0,-0.1330275229357798,0.0349829927365334,-0.0014461318500007
Northern Ireland,2025-06-01,185455.0,132582.30021598272,,,,,,5.8,0.0,0.0693069306930693,0.0365839438921919,-0.0036062065767286
Northern Ireland,2025-07-01,193178.0,138004.13956834533,,,,,,5.8,0.0,0.0248756218905472,0.0343952624472614,0.0400800952712661
Northern Ireland,2025-08-01,193178.0,137706.93036611628,,,,,,5.8,0.0,-0.0393700787401575,0.0313386746406962,-0.0021559476550674
Northern Ireland,2025-09-01,193178.0,137706.93036611628,,,,,,5.55,0.0,0.0382978723404254,0.0329632883931789,0.0
Northern Ireland,2025-10-01,195936.0,139173.42489270386,156403.98313183605,220194.12730947312,-0.11672147883481543,-0.2555686063682754,0.0221256486986445,5.55,0.0,-0.0071942446043165,0.0321941422365197,0.0105930826226536
Northern Ireland,2025-11-01,195936.0,139472.72258064518,156010.29271426736,219168.53810312483,-0.11205293892538215,-0.2509000664588421,0.02679418860807778,5.55,0.0,-0.0071942446043165,0.0346336229651511,0.0
Northern Ireland,2025-12-01,195936.0,138875.408993576,156797.81990492018,221222.3017993889,-0.1213800111483394,-0.26022713868179936,0.017467116385120524,5.55,0.0,-0.0071942446043165,0.037626684947317,0.0
Northern Ireland,2026-01-01,195936.0,139472.72258064518,156417.35592397966,219740.3942738687,-0.11465874825003475,-0.2535058757834947,0.024188379283425182,5.55,0.0,-0.0071942446043165,-0.032119914346895,0.0
Scotland,2005-01-01,90440.0,116632.36363636365,,,,,,,,,,
Scotland,2005-02-01,90028.0,115800.26424870468,,,,,,,,,,-0.0071599495304663
Scotland,2005-03-01,92995.0,119153.5935483871,,,,,,,,,,0.0285465158821693
Scotland,2005-04-01,98866.0,126187.58097686376,,,,,,5.95,0.0,,,0.0573561748325186
Scotland,2005-05-01,99902.0,127020.08450704228,,,,,,5.95,0.0,,,0.006575681888183
Scotland,2005-06-01,103919.0,132127.48655569783,,,,,,5.95,0.0,,,0.039422044055156
Scotland,2005-07-01,105856.0,134418.16879795396,,,,,,5.95,0.0,,,0.0171883397262604
Scotland,2005-08-01,105951.0,134195.59056122447,,,,,,5.95,0.0,,,-0.0016572366821563
Scotland,2005-09-01,106034.0,133958.98473282444,,,,,,5.95,0.0,,,-0.0017646977646599
Scotland,2005-10-01,105467.0,133073.3557814485,,,,,,5.95,0.0,,,-0.0066331456097952
Scotland,2005-11-01,104885.0,132339.01524777635,,,,,,5.95,0.0,,,-0.0055335959259004
Scotland,2005-12-01,106541.0,134087.72243346006,,,,,,5.7,0.0,,,0.013127303311629
Scotland,2006-01-01,105257.0,133146.75286624202,,,,,,5.7,0.0,,,-0.0070423058629369
Scotland,2006-02-01,103309.0,130185.07233502538,,,,,,5.7,0.0,,0.0357209327559431,-0.0224948535304854
Scotland,2006-03-01,107282.0,135020.31178707225,,,,,,5.7,0.0,,0.0344577751808896,0.0364681534060959
Scotland,2006-04-01,111829.0,139856.67128463474,,,,,,5.7,0.0,0.0142314990512333,0.0371614940256395,0.0351928968510026
Scotland,2006-05-01,114395.0,142170.50688360448,,,,,,5.7,0.0,0.1777996070726915,0.0346197868134989,0.0164089683219135
Scotland,2006-06-01,115914.0,143698.62921348316,,,,,,5.7,0.0,0.2929042904290428,0.0321098907053902,0.0106911638395441
Scotland,2006-07-01,118077.0,146563.07624999998,,,,,,5.7,0.0,0.0207501995211492,0.0295328372953895,0.0197376365873065
Scotland,2006-08-01,119737.0,147884.1305970149,,,,,,5.7,0.0,0.1191666666666666,0.0321396249852123,0.0089731753626747
Scotland,2006-09-01,121628.0,150033.04844720496,,,,,,5.7,0.0,0.1135091926458833,0.029631212210567,0.0144265270448133
Scotland,2006-10-01,118828.0,146397.27543424317,,,,,,5.7,0.0,0.1419807186678352,0.0309755145918275,-0.0245316018778805
Scotland,2006-11-01,120670.0,148298.650990099,,,,,,5.7,0.0,0.1223267750213858,0.0310064349391865,0.0129041616773886
Scotland,2006-12-01,122894.0,150103.00369003692,,,,,,5.95,0.0,0.1303587051618546,0.0284544388130993,0.012093597089013
Scotland,2007-01-01,121923.0,150210.34615384616,,,,,,5.95,0.0,0.0788235294117647,0.0119606310622517,0.0007148697747627
Scotland,2007-02-01,119596.0,146615.83703703704,,,,,,5.95,0.0,0.0601398601398601,0.0155744692799635,-0.0242208069534868
Scotland,2007-03-01,124226.0,151543.51105651105,,,,,,6.2,0.0,0.0661896243291593,0.0144212967285439,0.0330569728881791
Scotland,2007-04-01,130471.0,158771.6948529412,,,,,,6.2,0.0,0.0944808231992515,0.0107174361837965,0.04659450351852
Scotland,2007-05-01,133535.0,162103.00122249388,,,,,,6.45,0.0,0.0633861551292744,0.0146295423664959,0.0207646542796506
Scotland,2007-06-01,136549.0,165357.50853658534,,,,,,6.45,0.0,0.0440331844288448,0.0185225184456119,0.0198779051487569
Scotland,2007-07-01,136470.0,166275.71779141104,,,,,,6.45,0.0,0.0390930414386239,0.0185815920676712,0.0055375126993499
Scotland,2007-08-01,137886.0,167384.83863080686,,,,,,6.45,0.0,0.1526433358153387,0.0235511199901845,0.0066482231909166
Scotland,2007-09-01,136930.0,166021.3553113553,,,,,,6.7,0.0,-0.1191672648959081,0.0248962513520298,-0.0081791577090051
Scotland,2007-10-01,134287.0,162025.5054678007,,,,,,6.7,0.0,-0.0253261703760552,0.024918041891881,-0.0243626625371558
Scotland,2007-11-01,136189.0,163922.03272727272,,,,,,6.95,0.0,0.052591463414634,0.0212036683024792,0.0116371405822945
Scotland,2007-12-01,134469.0,160876.76746987953,,,,,,6.95,0.0,-0.2120743034055727,0.021255884145358,-0.018752252121688
Scotland,2008-01-01,133172.0,160485.18932038834,,,,,,6.95,0.0,-0.1494002181025081,0.0133544384910437,-0.0024369925251797
Scotland,2008-02-01,132325.0,158311.7168674699,,,,,,6.95,0.0,0.0448548812664908,0.0119446319243996,-0.0136356789359357
Scotland,2008-03-01,132653.0,157942.96043165465,,,,,,6.95,0.0,-0.238255033557047,0.0096151232198591,-0.0023320230776207
Scotland,2008-04-01,134077.0,158498.16785714283,,,,,,8.5,15.0,-0.152991452991453,0.0097346856585862,0.0035090760686387
Scotland,2008-05-01,140152.0,164504.6524822695,,,,,,8.5,15.0,-0.1670588235294118,0.0049854947888683,0.0371958183828731
Scotland,2008-06-01,136219.0,158762.2852112676,,,,,,8.25,14.25,-0.4144254278728606,0.0003036683286505,-0.0355308304363113
Scotland,2008-07-01,134444.0,156877.66392479438,,,,,,8.25,14.25,-0.3965387509405568,-0.0043122169138176,-0.0119417310003822
Scotland,2008-08-01,132590.0,153631.12018669775,,,,,,8.0,13.5,-0.4941860465116279,-0.0092205972609219,-0.0209118853617571
Scotland,2008-09-01,127429.0,146965.15331010454,,,,,,8.0,13.5,-0.4580277098614507,-0.0125357019766181,-0.0443588992088379
Scotland,2008-10-01,128794.0,148885.26426076834,,,,,,8.0,13.5,-0.3700787401574803,-0.0159216639979873,0.0129804644299955
Scotland,2008-11-01,124927.0,144583.34615384616,,,,,,8.0,13.5,-0.5908761766835626,-0.0088130117991728,-0.0293198395300873
Scotland,2008-12-01,121026.0,140560.02105263158,,,,,,8.0,13.5,-0.4793713163064833,-0.005246257986131,-0.0282215376094274
Scotland,2009-01-01,119792.0,140110.0777385159,,,,,,8.0,13.5,-0.4974358974358974,0.0181967702486556,-0.0032062104335093
Scotland,2009-02-01,116433.0,135067.72079439252,,,,,,7.5,12.0,-0.5505050505050505,0.017980031185637,-0.0366520950467386
Scotland,2009-03-01,120988.0,140024.57342657342,,,,,,6.0,7.5,-0.4548458149779736,0.0170072880404212,0.0360416435067953
Scotland,2009-04-01,122189.0,141085.67093023253,,,,,,5.0,4.5,-0.4732593340060544,0.0195264568219857,0.0075493694345745
Scotland,2009-05-01,125773.0,144551.60763888888,,,,,,4.5,3.0,-0.4472693032015066,0.0244731302782075,0.0242692889640352
Scotland,2009-06-01,127072.0,145539.21107266436,,,,,,4.0,1.5,-0.3277661795407098,0.02701398625608,0.0068089521326513
Scotland,2009-07-01,128109.0,146726.91695501728,,,,,,3.5,0.0,-0.1134663341645885,0.0307188883636075,0.0081276090971389
Scotland,2009-08-01,127658.0,145706.19999999998,,,,,,3.5,0.0,-0.1864623243933588,0.029509124410129,-0.0069808858233244
Scotland,2009-09-01,126761.0,144516.2721010333,,,,,,3.5,0.0,-0.0030075187969924,0.0331926470684791,-0.0082001545790628
Scotland,2009-10-01,127904.0,145652.14678899082,,,,,,3.5,0.0,-0.0775,0.0368232656030309,0.007829111756882
Scotland,2009-11-01,129125.0,146538.42857142855,,,,,,3.5,0.0,0.2300884955752211,0.033228593629482,0.0060664824622556
Scotland,2009-12-01,128022.0,144461.18863636363,,,,,,3.5,0.0,0.4037735849056603,0.0284873923397057,-0.0142768244036393
Scotland,2010-01-01,124112.0,140368.12756264236,,,,,,3.5,0.0,0.114795918367347,-0.0019041601778753,-0.0287424265651505
Scotland,2010-02-01,121755.0,137077.9081632653,,,,,,3.5,0.0,0.1264044943820224,-0.006650729531623,-0.0237190172389407
Scotland,2010-03-01,124038.0,138861.0304396843,,,,,,3.5,0.0,0.1555555555555554,-0.0030026995780324,0.0129242150871977
Scotland,2010-04-01,128143.0,142652.46524663674,,,,,,3.5,0.0,0.2222222222222223,-0.0063064500230135,0.0269377072883987
Scotland,2010-05-01,127965.0,142135.6208053691,,,,,,3.5,0.0,0.0,-0.009573162906952,-0.0036296813948002
Scotland,2010-06-01,129189.0,143334.8346368715,,,,,,3.5,0.0,0.1226708074534161,-0.0071925521232416,0.0084017162749496
Scotland,2010-07-01,130339.0,144934.6326987682,,,,,,3.5,0.0,0.0618846694796062,-0.0048584377788385,0.0110994376262709
Scotland,2010-08-01,128781.0,142404.82516703787,,,,,,3.5,0.0,0.0266875981161696,-0.0026296772811428,-0.0176089487978572
Scotland,2010-09-01,128715.0,142331.8429844098,,,,,,3.5,0.0,-0.0135746606334841,-0.0047510712983777,-0.0005126293336221
Scotland,2010-10-01,128708.0,142007.82666666666,,,,,,3.5,0.0,-0.048780487804878,-0.0036071070125137,-0.0022790802169208
Scotland,2010-11-01,126552.0,139165.15614617942,,,,,,3.5,0.0,-0.0949640287769784,-0.0046798912983683,-0.0202207719287805
Scotland,2010-12-01,124867.0,135957.16118421053,,,,,,3.5,0.0,-0.2473118279569892,-0.0045737124943675,-0.0233215567011608
Scotland,2011-01-01,124856.0,135796.2847754655,131356.16621255825,120773.59491648106,0.03324339676121468,-0.10560373077224525,0.1720905242946746,3.5,0.0,-0.0892448512585812,-0.034390158730964,-0.0011839881328494
Scotland,2011-02-01,121170.0,130784.57608695651,130667.16832195486,121061.22342013945,0.000898121931902196,-0.13794900560155773,0.13974524946536213,3.5,0.0,-0.0598503740648379,-0.0376399459095854,-0.0376043444449383
Scotland,2011-03-01,121416.0,130765.82212581344,130776.25879264198,121425.69043989519,-7.980870074497659e-05,-0.1389269362342049,0.13876731883271495,3.5,0.0,-0.0611888111888111,-0.0406112814237248,-0.0001434060991947
Scotland,2011-04-01,124954.0,133132.31974248926,130332.54604676375,122326.216430598,0.021254288196168147,-0.11759283933729178,0.16010141572962808,3.5,0.0,-0.0924764890282131,-0.0372654710171327,0.0179354127869419
Scotland,2011-05-01,124938.0,132830.2291220557,130695.87536922358,122930.46082059902,0.01619877793908131,-0.12264834959437862,0.15504590547254124,3.5,0.0,-0.0289608177172061,-0.0422265554139119,-0.0022716788633232
Scotland,2011-06-01,126264.0,134383.87138263666,130932.63971416248,123021.30196708317,0.026017425995034316,-0.11282970153842561,0.16486455352849425,3.5,0.0,-0.0816044260027663,-0.042134586502092,0.0116285762245027
Scotland,2011-07-01,128400.0,136657.2347266881,131199.6777247304,123272.20475042643,0.0407554343131018,-0.09809169322035813,0.17960256184656173,3.5,0.0,-0.0728476821192053,-0.0400353492674681,0.0167754381592448
Scotland,2011-08-01,127523.0,135000.36140724947,131129.56041487533,123866.5938259346,0.02909161027281293,-0.109755517260647,0.16793873780627286,3.5,0.0,0.0107033639143729,-0.0421805216713396,-0.0121983989281062
Scotland,2011-09-01,126976.0,133566.91525423728,131264.51246358696,124787.2102372871,0.017388123611691952,-0.12145900392176798,0.15623525114515188,3.5,0.0,0.1024464831804281,-0.0419518252530164,-0.0106748654035584
Scotland,2011-10-01,124255.0,130566.36507936507,131591.11782599604,125230.2178706609,-0.007817880722782888,-0.14666500825624282,0.13102924681067704,3.5,0.0,-0.1210826210826211,-0.0480411144992897,-0.0227209479548307
Scotland,2011-11-01,123373.0,129502.52536997886,131458.41397300936,125236.31381517307,-0.01499017617509324,-0.15383730370855317,0.12385695135836669,3.5,0.0,0.0158982511923688,-0.0469305462799125,-0.0081812602912645
Scotland,2011-12-01,121178.0,126529.70977917982,132082.6314599396,126496.05490272163,-0.04295058213453018,-0.1817977096679901,0.09589654539892975,3.5,0.0,0.0910714285714284,-0.0447644793396396,-0.0232232413691626
Scotland,2012-01-01,120989.0,127000.08139534884,132886.79075788846,126597.08364245971,-0.0453098410718642,-0.18415696860532413,0.09353728646159573,3.5,0.0,0.1407035175879396,-0.0470135462554396,0.0037105868598779
Scotland,2012-02-01,117292.0,122472.08832807573,132587.71462145503,126979.77503021524,-0.07936126990599668,-0.2182083974394566,0.05948585762746325,3.5,0.0,0.0875331564986736,-0.0409261557346568,-0.0363045737267597
Scotland,2012-03-01,120685.0,125618.66352201256,132493.14421974175,127289.48598754646,-0.05328006443438227,-0.1921271919678422,0.08556706309907766,3.5,0.0,0.2718808193668529,-0.0386540159594347,0.0253676842755634
Scotland,2012-04-01,120417.0,124556.334375,132112.84533188466,127722.38823626313,-0.05889834775083358,-0.1977454752842935,0.07994877978262635,3.5,0.0,-0.0310880829015544,-0.0395938059219574,-0.0084927394113663
Scotland,2012-05-01,121688.0,126002.27737226276,132328.24169053487,127797.36533859311,-0.048985534217525384,-0.1878326617509853,0.08986159331593455,3.5,0.0,0.0719298245614035,-0.0352448950105954,0.0115418826670943
Scotland,2012-06-01,123523.0,128438.05130890053,132825.1253035671,127742.18999487067,-0.03358671859918694,-0.17243384613264687,0.10526040893427299,3.5,0.0,0.144578313253012,-0.0321664451327384,0.019146715939561
Scotland,2012-07-01,122685.0,127433.2688284519,133046.82376236547,128089.38924151196,-0.04310827877858081,-0.18195540631204074,0.09573884875487912,3.5,0.0,-0.1228571428571428,-0.0291532565929151,-0.0078538512619186
Scotland,2012-08-01,121958.0,126019.03642039542,132577.61742047957,128305.22692958798,-0.05073528752869372,-0.18958241506215365,0.08811184000476621,3.5,0.0,0.1285930408472011,-0.0301687866592403,-0.0111598676076312
Scotland,2012-09-01,121080.0,124593.20207253886,132643.11592834553,128902.92736239017,-0.06260813587036651,-0.20145526340382644,0.07623899166309342,3.5,0.0,-0.1914008321775312,-0.0300443956571758,-0.0113789313814827
Scotland,2012-10-01,119920.0,122763.46391752578,132395.0763306243,129328.52370665212,-0.07553100863417228,-0.2143781361676322,0.06331611889928765,3.5,0.0,0.0453808752025932,-0.0278862479201247,-0.014794600517618
Scotland,2012-11-01,118524.0,121084.7037037037,132511.7832414594,129709.41924541646,-0.090181240297726,-0.22902836783118594,0.04866588723573392,3.5,0.0,0.109546165884194,-0.0318726701845183,-0.0137691150433632
Scotland,2012-12-01,117574.0,119621.90778688523,129996.22743560879,127770.71296792968,-0.08316943009083211,-0.22201655762429204,0.05567769744262782,3.5,0.0,-0.0065466448445171,-0.0328423363323511,-0.0121543310811418
Scotland,2013-01-01,117973.0,120645.92070030895,132366.02768952286,129433.44701563613,-0.09271104165237354,-0.23155816918583347,0.04613608588108639,3.5,0.0,0.0154185022026431,-0.0077174967465761,0.0085239802607919
Scotland,2013-02-01,115650.0,117423.77300613496,132041.4539691905,130046.87007237495,-0.11732653581782948,-0.25617366335128944,0.02152059171563045,3.5,0.0,0.0682926829268293,-0.0078518182672115,-0.0270705977905709
Scotland,2013-03-01,116783.0,118211.5382262997,132004.7752398082,130409.55136984072,-0.11036238165558743,-0.24920950918904736,0.028484745877872503,3.5,0.0,-0.0644216691068814,-0.0097467043196916,0.0066863336477975
Scotland,2013-04-01,118758.0,119966.11800610376,132107.80576270053,130777.41496952128,-0.09640894661879962,-0.23525607415225955,0.04243818091466031,2.3,0.0,0.1176470588235294,-0.0096607274179161,0.0147336366290584
Scotland,2013-05-01,120633.0,121612.76040609136,132460.97978900227,131393.82184508283,-0.08544620831987437,-0.2242933358533343,0.05340091921358556,2.3,0.0,0.2733224222585924,-0.0054597834604382,0.013632548611941
Scotland,2013-06-01,122327.0,123571.42522889114,132743.3727377555,131406.58147151428,-0.07159840516929705,-0.21044553270275698,0.06724872236416288,2.3,0.0,0.0263157894736842,-0.0085130303392605,0.0159774292505296
Scotland,2013-07-01,123580.0,124837.17192268564,133267.95212969513,131925.87809012117,-0.0653515156164417,-0.20419864314990163,0.07349561191701823,2.3,0.0,0.2459283387622151,-0.010639680421582,0.0101909327037095
Scotland,2013-08-01,124889.0,125648.2036474164,133473.55947622765,132667.07271202083,-0.06041743445828196,-0.1992645619917419,0.07842969307517797,2.3,0.0,0.1662198391420912,-0.0096037010293533,0.0064757038775891
Scotland,2013-09-01,122961.0,123209.15539858727,133616.94994636413,133347.83222240367,-0.08109376227259446,-0.2199408898060544,0.05775336526086547,2.3,0.0,0.2898799313893654,-0.0084585606879939,-0.0196026057698848
Scotland,2013-10-01,122611.0,122858.44904137235,133755.45217931183,133486.0554981853,-0.08498027703493527,-0.2238274045683952,0.05386685049852466,2.3,0.0,0.2573643410852713,-0.0083502809574236,-0.0028504897707186
Scotland,2013-11-01,123781.0,123905.77923387096,133985.15089590353,133850.2212373981,-0.07820754771243443,-0.21705467524589436,0.0606395798210255,2.3,0.0,0.2693935119887165,-0.0032121995116071,0.0084885600206288
Scotland,2013-12-01,122231.0,121862.8343373494,130450.23118435025,130844.3406441217,-0.0680956802739292,-0.20694280780738913,0.07075144725953073,2.3,0.0,0.2042833607907743,-0.0021638651520979,-0.0166253283746211
Scotland,2014-01-01,122220.0,122590.36363636365,131161.88637993438,130765.6269044663,-0.06758391377039885,-0.20643104130385878,0.07126321376306108,2.3,0.0,0.4099783080260304,0.0036563710703472,0.0059523168694735
Scotland,2014-02-01,120322.0,120080.14673366834,131096.61819971498,131360.65972680404,-0.0877751855684874,-0.22662231310194733,0.05107194196497253,2.3,0.0,0.2968036529680364,0.0045662930163001,-0.0206890110929212
Scotland,2014-03-01,121877.0,121388.02507522568,130968.82527821792,131496.39355728426,-0.07596708638207161,-0.21481421391553154,0.06288004115138832,2.3,0.0,0.0688575899843506,0.0067238108402383,0.0108328242327235
Scotland,2014-04-01,124711.0,123714.30869130867,130919.59812705997,131974.33809182985,-0.056608434787714046,-0.19545556232117398,0.08223869274574588,2.3,0.0,0.2105263157894736,0.00778621974523,0.0189827117105103
Scotland,2014-05-01,126714.0,125827.002,131093.80297283552,132017.9284721405,-0.04100515666178062,-0.17985228419524055,0.09784197087167931,2.3,0.0,0.1349614395886889,0.0058055017841815,0.0169330182897091
Scotland,2014-06-01,128414.0,127260.58083832337,131402.92590246143,132593.8889771061,-0.03203157096429088,-0.1708786984977508,0.10681555656916905,2.3,0.0,0.1499999999999999,0.0088597534859373,0.011328838457004
Scotland,2014-07-01,130067.0,129285.8168168168,132220.3053175458,133019.21954907177,-0.022443923363320906,-0.16129105089678084,0.11640320417013902,2.3,0.0,0.0666666666666666,0.0048017038782093,0.0157887857222185
Scotland,2014-08-01,130465.0,129293.15868263472,132789.37943033245,133992.90854903637,-0.0266818857174993,-0.16552901325095923,0.11216524181596063,2.3,0.0,0.0919540229885058,0.0078191264123781,5.678625499783152e-05
Scotland,2014-09-01,129726.0,128432.62013958124,133200.680648215,134542.0772307751,-0.0364524581431116,-0.17529958567657153,0.10239466939034833,2.3,0.0,0.0465425531914893,0.0088904188482121,-0.0066779640358429
Scotland,2014-10-01,129927.0,128503.49701195216,133780.33400358458,135262.2913792537,-0.04024303828443543,-0.17909016581789536,0.0986040892490245,2.3,0.0,0.1430332922318125,0.0119691845322547,0.0005517081440675
Scotland,2014-11-01,128308.0,127282.56143856145,134193.7831039616,135274.9011954336,-0.052875389594888134,-0.19172251712834806,0.0859717379385718,2.3,0.0,-0.04,0.0109612470974616,-0.0095466098000063
Scotland,2014-12-01,127668.0,126647.67632367632,132789.82040284635,133859.62761656515,-0.04735855145909085,-0.18620567899255078,0.09148857607436908,2.3,0.0,-0.0984952120383036,0.0150143008849523,-0.0050004792135851
Scotland,2015-01-01,129869.0,129869.0,133969.37600184992,133969.37600184992,-0.031084986448002283,-0.1699321139814622,0.10776214108545765,2.3,0.0,-0.0353846153846153,0.0064242977540995,0.0251172210324721
Scotland,2015-02-01,127575.0,127318.56783919597,134469.2986841802,134740.1331226176,-0.054643556578261254,-0.19349068411172118,0.08420357095519868,2.3,0.0,-0.073943661971831,0.0084208079360093,-0.0198338962480395
Scotland,2015-03-01,134523.0,133983.2888665998,134908.25888839996,135451.6959836201,-0.006879901417434553,-0.14572702895089448,0.13196722611602538,2.3,0.0,0.1273792093704246,0.0114766285661185,0.0510227283866164
Scotland,2015-04-01,128978.0,128203.35735735734,135405.58269236286,136223.74331286055,-0.05465685816012211,-0.19350398569358204,0.08419026937333782,2.3,0.0,0.0619235836627141,0.0114766285661183,-0.0440973496446464
Scotland,2015-05-01,130564.0,129520.53146853148,135845.0677149683,136939.48920713319,-0.047675615635888846,-0.18652274316934878,0.09117151189757108,2.3,0.0,-0.0260475651189128,0.0135016068014859,0.010221680152755
Scotland,2015-06-01,131762.0,130578.50898203591,136210.4105627175,137444.94600588412,-0.042226179375868256,-0.18107330690932819,0.09662094815759167,2.3,0.0,0.0713489409141583,0.0104661624037145,0.0081352345367466
Scotland,2015-07-01,133810.0,132873.33000000002,136553.79321473496,137516.4080712336,-0.02732235809745376,-0.1661694856309137,0.11152476943600617,2.3,0.0,0.2549019607843137,0.0114766285661183,0.0174216211118469
Scotland,2015-08-01,133341.0,132011.5782652044,137201.32445528853,138583.00949512023,-0.03855973583934613,-0.17740686337280606,0.1002873916941138,2.3,0.0,-0.0778947368421052,0.0104651519375524,-0.0065066355098846
Scotland,2015-09-01,133035.0,131840.0748502994,137467.78381821717,138713.71539360887,-0.04179995625344546,-0.1806470837869054,0.09704717128001447,2.3,0.0,0.1067344345616263,0.0104681772913763,-0.0012999989731596
Scotland,2015-10-01,132471.0,131150.2522432702,137701.17405134396,139087.89282326083,-0.04874230222190512,-0.18758942975536505,0.09010482531155481,2.3,0.0,0.0658036677454152,0.0124860862792581,-0.0052460042669828
Scotland,2015-11-01,133255.0,131926.43569292122,137749.90215110005,139137.11163902655,-0.043195275818568746,-0.18204240335202868,0.09565185171489118,2.3,0.0,0.0416666666666667,0.0124850798408602,0.0059008322474554
Scotland,2015-12-01,131549.0,130237.444666002,132574.82337349918,133909.91726447098,-0.017787908877950898,-0.15663503641141083,0.12105921865550903,2.3,0.0,0.2488619119878603,0.0094597260166344,-0.0128851800090821
Scotland,2016-01-01,131634.0,131369.40904522612,133613.46965429906,133882.58036860783,-0.01693780571462611,-0.15578493324808604,0.12190932181883382,2.3,0.0,0.025518341307815,0.0301435259658113,0.0086539892032799
Scotland,2016-02-01,129551.0,128901.94689378758,133478.20041485116,134150.29608662784,-0.03488615799449768,-0.1737332855279576,0.10396096953896225,2.3,0.0,0.0779467680608365,0.0301269773923591,-0.0189612573321209
Scotland,2016-03-01,131107.0,129929.39221556886,133299.06454052767,134507.21316174092,-0.025604043359528816,-0.16445117089298875,0.11324308417393111,2.3,0.0,0.4714285714285715,0.0290989439027811,0.0079391523606044
Scotland,2016-04-01,131303.0,130123.63173652694,133729.1328815778,134941.17940316309,-0.027331345878927493,-0.16617847341238742,0.11151578165453244,2.3,0.0,-0.1612903225806451,0.0270510474296941,0.0014938457867383
Scotland,2016-05-01,133044.0,131586.3466135458,133809.20092070615,135291.47807088518,-0.016751647181640905,-0.15559877471510083,0.12209548035181902,2.3,0.0,-0.1558139534883721,0.0291113303733845,0.0111782524849317
Scotland,2016-06-01,134949.0,133205.1262425447,133484.73842914792,135232.27276910655,-0.002096909752475895,-0.14094403728593582,0.13675021778098403,2.3,0.0,-0.0780437044745057,0.0291174865973196,0.0122269782984254
Scotland,2016-07-01,136931.0,135161.513916501,133870.55633861638,135623.14166832637,0.009597127102848546,-0.12925000043061138,0.14844425463630848,2.3,0.0,-0.091796875,0.0280975728613299,0.0145802200343592
Scotland,2016-08-01,135571.0,133421.2120911794,133849.9483313514,136006.64437697237,-0.0032082519284024613,-0.1420553794618624,0.13563887560505747,2.3,0.0,-0.0136986301369863,0.0260454818975348,-0.0129593306856552
Scotland,2016-09-01,135236.0,132828.23738872402,134588.04938706238,137027.71191371608,-0.01316178176132965,-0.15200890929478958,0.12568534577213028,2.3,0.0,0.0895522388059701,0.0260637859794716,-0.004454286640076
Scotland,2016-10-01,134368.0,131845.28063241104,134898.98172245274,137480.13041603443,-0.02289709609763335,-0.16174422363109328,0.11595003143582658,2.3,0.0,-0.145748987854251,0.0230130151320453,-0.0074277266792215
Scotland,2016-11-01,135543.0,132735.89644970413,135064.65135440676,137921.00349785344,-0.01739214967993341,-0.15623927721339334,0.12145497785352652,2.3,0.0,-0.0322222222222222,0.0230220949143149,0.0067322943449923
Scotland,2016-12-01,132996.0,129602.57899901865,131432.5904998579,134873.92720982397,-0.014021417006476966,-0.1528685445399369,0.12482571052698296,2.05,0.0,0.040097205346294,0.0210042998553123,-0.0238887296405732
Scotland,2017-01-01,133141.0,130383.6420118343,132259.9105040993,135056.94788636125,-0.014287808650680134,-0.15313493618414006,0.1245593188827798,2.05,0.0,-0.004665629860031,0.0062446362896684,0.0060085135252236
Scotland,2017-02-01,130885.0,127295.597453477,132176.230090506,135903.25369829466,-0.03762418766826059,-0.17647131520172052,0.10122293986519934,2.05,0.0,0.0335097001763669,0.0031409400568278,-0.0239692759899714
Scotland,2017-03-01,131731.0,127618.4224390244,132074.13258983716,136330.2979905167,-0.03431863850047634,-0.17316576603393627,0.10452848903298359,2.05,0.0,-0.1774051191526919,-0.0007328086158625,0.0025328160315751
Scotland,2017-04-01,135773.0,131022.92419825072,132639.93209410517,137448.63053860448,-0.012265877659181967,-0.1511130051926419,0.12658124987427796,2.05,0.0,0.1908284023668638,-0.0006429385522159,0.0263275648004945
Scotland,2017-05-01,136715.0,131421.0987415295,132976.3890351869,138332.94045654387,-0.011764924440990754,-0.15061205197445068,0.12708220309246918,2.05,0.0,0.1804407713498623,-0.0045277084703804,0.0030343601986384
Scotland,2017-06-01,138220.0,132867.82187802516,133230.60289451524,138597.39455189754,-0.0027266695890055814,-0.1415737971224655,0.13612045794445435,2.05,0.0,0.2437923250564333,-0.0064031163849312,0.0109481516188587
Scotland,2017-07-01,142004.0,136637.56976744186,134163.91364500282,139433.1912201842,0.01826965565841654,-0.12057747187504339,0.15711678319187647,2.05,0.0,-0.0354838709677419,-0.0044238397243436,0.0279771306334879
Scotland,2017-08-01,141685.0,135542.58670520232,134674.7938459136,140777.88118032055,0.00642294615439809,-0.13242418137906184,0.14527007368785802,2.05,0.0,0.1064814814814814,-0.0034591341426811,-0.0080460602548981
Scotland,2017-09-01,139082.0,132668.99711815562,134809.11052702833,141325.56299963393,-0.01600249902719142,-0.15484962656065135,0.12284462850626851,2.05,0.0,0.029504741833509,-0.0062648721095048,-0.0214286012880755
Scotland,2017-10-01,139591.0,133026.73992322455,135282.1457441312,141957.69976373084,-0.016812405899752747,-0.15565953343321268,0.12203472163370718,2.05,0.0,0.0687203791469195,-0.0071645960223621,0.0026928773885206
Scotland,2017-11-01,140834.0,133698.05162523902,135047.81271930863,142255.80272346103,-0.010044972760788085,-0.14889210029424801,0.12880215477267185,2.05,0.0,0.010332950631458,-0.007136322518316,0.0050337511982121
Scotland,2017-12-01,139761.0,132299.97426120113,133323.8302171884,140842.5960703229,-0.007709105956571705,-0.14655623349003163,0.13113802157688823,2.05,0.0,-0.0245327102803738,-0.0089784467243767,-0.0105120346938836
Scotland,2018-01-01,141353.0,134447.82471264366,134262.31622929836,141157.96389062185,0.0013807332478528167,-0.1374663942856071,0.14022786078131275,2.05,0.0,-0.0421875,-0.0199295924952666,0.0161043268570928
Scotland,2018-02-01,140480.0,132980.59103908483,134394.1523601048,141973.27877719028,-0.010573732381402579,-0.1494208599148625,0.12827339515205735,2.05,0.0,-0.0699658703071672,-0.0200677816157003,-0.0109730178935567
Scotland,2018-03-01,139202.0,131645.31999999998,135156.92934316056,142915.182084913,-0.026325206400843015,-0.16517233393430295,0.11252192113261691,2.3,0.0,-0.2714592274678111,-0.0180059999388296,-0.0100918490288837
Scotland,2018-04-01,142832.0,134565.63187855785,135261.837800952,143570.97385921795,-0.005160389846116331,-0.14400751737957626,0.1336867376873436,2.3,0.0,-0.0596273291925465,-0.0150977111927878,0.0219407128740716
Scotland,2018-05-01,143019.0,134232.38846880908,135352.0779897015,144211.98238983302,-0.008306828461789095,-0.14715395599524903,0.13054029907167083,2.3,0.0,-0.0303383897316219,-0.0150065460806658,-0.0024795091872231
Scotland,2018-06-01,144308.0,135442.1965973535,135476.65860997423,144344.7178341921,-0.0002544083746407466,-0.13910153590810068,0.13859271915881918,2.3,0.0,-0.0263157894736841,-0.0149160703077663,0.0089724157318027
Scotland,2018-07-01,146056.0,137082.80529300566,135771.59283049134,144658.95792010054,0.009611152065261308,-0.12923597546819862,0.14845827959872124,2.3,0.0,0.0011148272017837,-0.0149160703077663,0.0120402055126866
Scotland,2018-08-01,146404.0,136506.2647887324,135864.83856220875,145716.06552744444,0.004709952005892859,-0.13413717552756707,0.1435570795393528,2.3,0.0,0.108786610878661,-0.0158696849541286,-0.004214651978156
Scotland,2018-09-01,145738.0,135757.81801125704,135590.01756560194,145557.86377133097,0.001236792375278739,-0.1376103351581812,0.14008391990873867,2.3,0.0,-0.1054247697031729,-0.0166540665787421,-0.005497961061101
Scotland,2018-10-01,145816.0,135703.17525773196,135626.40083345256,145733.50421882566,0.0005659126987502816,-0.13828121483470965,0.1394130402322102,2.3,0.0,0.0266075388026607,-0.0147371557399682,-0.0004025827328284
Scotland,2018-11-01,143919.0,133562.21214953272,136089.9422363381,146642.7373543623,-0.018748629217467894,-0.15759575675092782,0.12009849831599204,2.3,0.0,0.1556818181818182,-0.0147149800590018,-0.0159025877633052
Scotland,2018-12-01,142681.0,132289.66666666666,131906.99017942828,142268.26433249516,0.0028969083820182817,-0.13595021915144165,0.1417440359154782,2.55,0.0,-0.0862275449101795,-0.0137057818126634,-0.0095734151484148
Scotland,2019-01-01,144124.0,134633.2380056444,132617.47947975982,141966.14369283454,0.015085435668417801,-0.12376169186504213,0.15393256320187773,2.55,0.0,0.1141924959216966,0.0064637119374273,0.0175603630925369
Scotland,2019-02-01,141355.0,131428.3848314607,132506.648855918,142514.70390545862,-0.008170722985825662,-0.1470178505192856,0.13067640454763427,2.55,0.0,0.0091743119266054,0.009204870513533,-0.0240922246207286
Scotland,2019-03-01,143985.0,133623.46261682242,132756.31186802825,143050.60795447152,0.006510658052645724,-0.1323364694808142,0.14535778558610565,2.55,0.0,0.2547864506627393,0.0092908571956786,0.0165637628466921
Scotland,2019-04-01,145110.0,133916.57063197027,133276.1344144404,144416.03285995757,0.0047938243216147924,-0.13405330321184514,0.14364095185507472,2.55,0.0,0.0607661822985468,0.0083646795428078,0.0021911347536125
Scotland,2019-05-01,145709.0,134095.49304911954,133652.49882945497,145227.6397149868,0.0033090416161822844,-0.13553808591727765,0.14215616914964221,2.55,0.0,0.1805054151624547,0.0065617970391111,0.0013351820158575
Scotland,2019-06-01,146925.0,135214.5736793327,134510.20336367155,146159.62681712146,0.005222893681255059,-0.13362423385220487,0.144070021214715,2.55,0.0,-0.1127679403541472,0.0075725487649331,0.008310770443451
Scotland,2019-07-01,148942.0,137070.81186283595,135065.56619170634,146763.08753358625,0.014737331175130208,-0.12410979635832972,0.15358445870859014,2.55,0.0,0.0055679287305121,0.0075725487649331,0.0136347159197587
Scotland,2019-08-01,148383.0,135926.4935424354,135435.6471178692,147847.17167751282,0.0036176524750111128,-0.13522947505844882,0.14246478000847104,2.55,0.0,-0.030188679245283,0.0075725487649331,-0.0083834162446692
Scotland,2019-09-01,149037.0,136399.76129032258,135724.94192079504,148299.6596012715,0.004959643463713803,-0.13388748406974613,0.14380677099717373,2.55,0.0,0.0228832951945079,0.0095606840388389,0.0034757443760398
Scotland,2019-10-01,148150.0,135838.36565096953,136392.48779681636,148754.3446968299,-0.004070978025533023,-0.14291810555899295,0.1347761495079269,2.55,0.0,0.0237580993520518,0.0095772839851808,-0.0041243042731249
Scotland,2019-11-01,146779.0,134333.22304147464,136874.4939258181,149555.71592095934,-0.018740950971277925,-0.15758807850473786,0.120106176562182,2.55,0.0,0.0029498525073745,0.0123905122342948,-0.0111422388167259
Scotland,2019-12-01,144623.0,132360.03594470047,131693.02253829569,143894.18877547918,0.005052127242707982,-0.13379500029075195,0.1438992547761679,2.55,0.0,0.0747051114023591,0.0133655664766825,-0.0147976976259585
Scotland,2020-01-01,147731.0,135579.37430683916,132390.13761772017,144255.92034478675,0.023804105618854265,-0.11504302191460566,0.1626512331523142,2.55,0.0,0.0322108345534406,0.0225767170325019,0.0240315024340809
Scotland,2020-02-01,143944.0,131617.3038674033,131843.24643527667,144191.1033521757,-0.0017151913104651584,-0.1405623188439251,0.13713193622299477,2.55,0.0,0.0763636363636364,0.0177524843962413,-0.0296587584536442
Scotland,2020-03-01,144948.0,132535.32596685085,132496.95692670468,144906.03748479486,0.0002895423908011452,-0.13855758514265878,0.13913666992426107,2.55,0.0,-0.2582159624413145,0.0187733948263719,0.0069507223609246
Scotland,2020-04-01,146059.0,133674.2737327189,134211.44782132,146645.94248351682,-0.004010477344397856,-0.14285760487785779,0.13483665018906207,2.55,0.0,-0.6587795765877957,0.0206812101724891,0.0085568267752673
Scotland,2020-05-01,147150.0,134672.76497695854,134592.55332222692,147062.3568525843,0.0005957815704658032,-0.13825134596299413,0.13944290910392573,2.55,0.0,-0.6554536187563711,0.027350651285688,0.0074418250123926
Scotland,2020-06-01,149474.0,136673.74033149172,134328.35968790468,146908.9613505181,0.017309380276579134,-0.1215377472568808,0.15615650781003906,2.55,0.0,-0.5703781512605042,0.0302150118375998,0.0147487554638345
Scotland,2020-07-01,148755.0,135392.95600366636,134203.85630183786,147448.54705468792,0.008821375910429197,-0.13002575162303073,0.14766850344388913,1.9,0.0,-0.4130675526024363,0.0292663792300145,-0.0094152926956283
Scotland,2020-08-01,148875.0,136126.0359116022,134533.3052179814,147133.10117495246,0.011769400399714414,-0.12707772713374552,0.15061652793317434,1.9,0.0,-0.3326848249027238,0.0245493014150284,0.0053998557084558
Scotland,2020-09-01,154532.0,140651.03208065996,134281.62972703317,147533.99600422275,0.04634256402488823,-0.0925045635085717,0.18518969155834816,1.9,0.0,0.1912751677852349,0.0340359175953066,0.0327006816179142
Scotland,2020-10-01,156874.0,142782.6599450046,134316.20186528118,147571.9800956916,0.0611268779687002,-0.07772024956475973,0.19997400550216013,1.9,0.0,0.3670886075949366,0.030246517178226,0.0150417407311707
Scotland,2020-11-01,157849.0,143933.93663911844,135045.95847115904,148101.7611028119,0.06373926734393898,-0.07510786018952095,0.2025863948773989,1.9,0.0,0.2254901960784314,0.0283474452571601,0.0080308073920178
Scotland,2020-12-01,156254.0,142088.11538461538,127630.12266132732,140354.57597801555,0.10731098196530908,-0.03153614556815085,0.246158109498769,1.9,0.0,0.3597560975609757,0.0321386136285071,-0.0129070249387002
Scotland,2021-01-01,157866.0,143817.3743119266,128080.7519622232,140592.1647923699,0.11588332103508314,-0.022963806498376788,0.2547304485685431,1.9,0.0,0.1092198581560284,0.0429248915731019,0.0120968647126211
Scotland,2021-02-01,155612.0,141634.02016498626,128136.66097498169,140782.57514975328,0.10014904956640791,-0.03869807796705202,0.23899617709986784,1.9,0.0,0.2280405405405405,0.0419495608073809,-0.0152978529364222
Scotland,2021-03-01,160963.0,146102.61334552104,128400.14478525292,141459.97824276605,0.12915768710567832,-0.00968944042778161,0.2680048146391383,1.9,0.0,0.9414556962025316,0.0448429285399525,0.0310627981665483
Scotland,2021-04-01,154719.0,139542.20435967302,128786.8568085159,142793.8865520403,0.08020833066674271,-0.05863879686671722,0.21905545820020264,1.9,0.0,1.613138686131387,0.0419777285530968,-0.0459421102538364
Scotland,2021-05-01,161935.0,145127.66696750902,128972.58493196638,143908.98701371474,0.11801395501741929,-0.020833172516040638,0.25686108255087925,1.9,0.0,1.5680473372781063,0.0343996199798615,0.0392467211682294
Scotland,2021-06-01,165261.0,147443.102425876,128951.59496565693,144534.86928174843,0.13400525397554297,-0.004841873557916959,0.27285238150900293,1.9,0.0,1.7457212713936432,0.0278646043301691,0.0158285382090994
Scotland,2021-07-01,168799.0,150599.64690026952,129297.59282549664,144922.67957178023,0.15250830211098965,0.013661174577529717,0.2913554296444496,1.9,0.0,1.0679245283018868,0.0241901482813009,0.0211826156479215
Scotland,2021-08-01,170669.0,151181.37109723463,129054.9655324382,145690.44950842217,0.15824184611584258,0.019394718582382647,0.29708897364930253,1.9,0.0,0.4562682215743441,0.0289055725367395,0.0038552783826322
Scotland,2021-09-01,170829.0,150919.21441281136,128925.96040622979,145934.3197347455,0.15750640051078868,0.01865927297732875,0.29635352804424864,1.9,0.0,-0.0976525821596244,0.0168810303631474,-0.0017355593653398
Scotland,2021-10-01,170955.0,149435.136443662,128535.03893005125,147045.12006499316,0.15066088507563435,0.011813757542174425,0.2895080126090943,1.9,0.0,-0.191358024691358,0.0188362119514156,-0.0098822610207278
Scotland,2021-11-01,172873.0,149923.92052401745,129161.32169657374,148932.23901568676,0.1490657900665724,0.01021866253311246,0.28791291760003235,1.9,0.0,-0.2239999999999999,0.0080738575998162,0.0032655401821646
Scotland,2021-12-01,169213.0,145984.80364900085,129505.72813611504,150111.8762181958,0.11977741882260773,-0.0190697087108522,0.2586245463560677,1.9,0.0,-0.1910313901345292,-0.0016833228341746,-0.0266254372267749
Scotland,2022-01-01,173589.0,150020.78067885118,131194.6654756748,151805.3077860527,0.13409160616059523,-0.004755521372864696,0.2729387336940552,1.9,0.0,-0.0601023017902813,-0.0445919211162634,0.0272712906645065
Scotland,2022-02-01,170905.0,146553.25129533678,131456.14097483142,153299.30639361005,0.10871558520492641,-0.030131542328533517,0.24756271273838634,1.9,0.0,-0.092159559834938,-0.0446817732199466,-0.0233849698786112
Scotland,2022-03-01,171510.0,145439.30828351836,131507.29189641934,155080.60303193054,0.10069657262721599,-0.038150554906243944,0.23954370016067592,1.9,0.0,-0.3235533822330888,-0.0512368992377109,-0.0076299780897244
Scotland,2022-04-01,175109.0,144902.6975,130723.74144440141,157974.3099025999,0.10297621291765857,-0.03587091461580136,0.2418233404511185,1.55,0.0,0.2276536312849162,-0.0591897907599655,-0.0036964089509936
Scotland,2022-05-01,177326.0,145765.4950331126,131148.50412836464,159544.20240389172,0.10566883154493922,-0.033178295988520706,0.24451595907839915,1.55,0.0,-0.0080645161290322,-0.0760517068273092,0.0059366665449633
Scotland,2022-06-01,181120.0,147661.87192118226,131013.53834465804,160699.38540160473,0.11962434678641287,-0.019222780747047058,0.25847147431987283,1.8,0.0,-0.2208370436331255,-0.0763351418920715,0.012925878804733
Scotland,2022-07-01,182979.0,148325.01795918366,130929.44604717167,161519.2058487264,0.12474733490227408,-0.014099792631185853,0.26359446243573403,2.05,0.0,-0.1104014598540146,-0.0797846558648385,0.004480922434503
Scotland,2022-08-01,183378.0,147923.92688870837,131240.16162249423,162695.5075098594,0.11966919451279168,-0.019177933020668253,0.25851632204625163,2.05,0.0,-0.0310310310310309,-0.0850430292598966,-0.0027077991164077
Scotland,2022-09-01,181639.0,145692.67124394185,132062.43487969867,164645.81508667365,0.09822460934592492,-0.04062251818753501,0.23707173687938485,2.3,0.0,0.064516129032258,-0.0829581526756906,-0.0151987224883036
Scotland,2022-10-01,182341.0,143474.33676703644,132451.84592437965,168332.55745877858,0.07993702896103372,-0.05891009857242621,0.21878415649449365,2.55,0.0,-0.107824427480916,-0.0857030707644792,-0.0153432302740341
Scotland,2022-11-01,180523.0,141483.29834254144,134037.85054911466,171023.11847505366,0.054059450352841765,-0.08478767718061817,0.1929065778863017,2.55,0.0,-0.0494845360824742,-0.0935151063843331,-0.0139745041439471
Scotland,2022-12-01,175560.0,137052.7358490566,125795.95211373671,161140.43412756606,0.08570461837279986,-0.05314250916066007,0.2245517459062598,3.05,0.0,-0.1097560975609756,-0.0899390775414205,-0.0318158922368194
Scotland,2023-01-01,175092.0,137552.49683544305,127341.36508796757,162094.14448256898,0.07713424485196008,-0.06171288268149985,0.21598137238542,3.55,0.0,-0.1891156462585034,-0.0394342794065794,0.0036398544431168
Scotland,2023-02-01,171282.0,132981.25566849098,128451.86674759019,165448.0740887894,0.034653927142425545,-0.10419320039103439,0.17350105467588547,3.55,0.0,-0.1666666666666666,-0.0350344111288335,-0.033797455942123
Scotland,2023-03-01,173352.0,133544.2482544608,128906.6019475219,167331.933444467,0.03534474429774903,-0.1035023832357109,0.17419187183120896,4.3,0.0,-0.0036144578313253,-0.0388816110158729,0.0042246870565083
Scotland,2023-04-01,175512.0,133652.9263803681,129909.62840218922,170596.32974466743,0.028407295616776906,-0.11043983191668302,0.16725442315023684,4.8,0.0,-0.1877133105802048,-0.0356318702780481,0.0008134676726943
Scotland,2023-05-01,179854.0,136020.58035034273,132121.3756540608,174698.2540118649,0.0290851877684144,-0.10976193976504553,0.16793231530187433,4.8,0.0,-0.1010452961672473,-0.0231170575108089,0.0175598621975385
Scotland,2023-06-01,177705.0,134190.9239543726,133960.2773276227,177399.56161714386,0.0017202733571757278,-0.1371268541762842,0.14056740089063566,5.3,0.0,0.0891428571428571,-0.0233452200665565,-0.0135426088847339
Scotland,2023-07-01,181013.0,137315.4385026738,135598.64710799637,178749.8782118502,0.012581351649503247,-0.12626577588395668,0.15142847918296318,5.55,0.0,-0.1435897435897436,-0.0167580324250997,0.0230171585182166
Scotland,2023-08-01,182593.0,138092.04036557503,137658.95852117214,182020.3550234633,0.003141110655899837,-0.1357060168775601,0.14198823818935977,5.55,0.0,-0.1208677685950413,-0.0065744764882647,0.0056396719832605
Scotland,2023-09-01,180364.0,135682.91818181818,138556.5056807719,184183.87462096565,-0.020957546041321606,-0.15980467357478154,0.11788958149213832,5.8,0.0,-0.1544477028347995,-0.0047499717731217,-0.0175997423714129
Scotland,2023-10-01,180051.0,135447.45681818182,140647.02338027678,186962.81053571537,-0.03766957884370825,-0.17651670637716818,0.10117754868975168,6.3,0.0,-0.1529411764705882,-0.0043984015320008,-0.0017368870812131
Scotland,2023-11-01,179184.0,135102.28701594533,142363.61806848427,188814.58710593532,-0.05235230210013242,-0.19119942963359235,0.08649482543332751,6.3,0.0,-0.1203904555314533,0.014902437210513,-0.0025516194147616
Scotland,2023-12-01,176538.0,132603.8078668684,132513.76113572437,176418.11905481128,0.0006792966225912522,-0.13816783091086868,0.13952642415605118,6.55,0.0,-0.0772104607721045,0.0212444554077968,-0.0186663788580823
Scotland,2024-01-01,179248.0,135356.09429657794,135316.86998418858,179196.05642417725,0.00028982807919675224,-0.13855729945426318,0.13913695561265668,6.55,0.0,0.0436241610738254,0.0316577955208587,0.0205432469655288
Scotland,2024-02-01,175883.0,132011.95691609976,136451.65692610177,181798.12901634708,-0.03307788899967079,-0.17192501653313072,0.10576923853378914,6.55,0.0,0.0272727272727273,0.0306265571285115,-0.0250165400679431
Scotland,2024-03-01,177778.0,132731.9954887218,136774.0367776638,183191.8115954611,-0.02999817381891212,-0.16884530135237205,0.10884895371454781,6.55,0.0,-0.0447400241837968,0.0365510796306385,0.0054395225385128
Scotland,2024-04-01,180647.0,134368.89213483146,137602.60599858753,184994.44008873552,-0.02378092029458223,-0.16262804782804216,0.1150662072388777,6.55,0.0,0.1064425770308123,0.0391572798267387,0.0122569202482996
Scotland,2024-05-01,180418.0,133797.66542195668,138718.5409228681,187053.5008013297,-0.036118295555988666,-0.1749654230894486,0.10272883197747126,6.55,0.0,0.1950904392764858,0.047312612656857,-0.0042602446930324
Scotland,2024-06-01,181219.0,134191.25055928412,138952.14083445084,187648.35937462092,-0.03486353791123342,-0.17371066544469335,0.10398358962222651,6.55,0.0,-0.0797481636935991,0.0513907627582592,0.002937326111942
Scotland,2024-07-01,185882.0,137952.78475336323,140795.3958319608,189712.2251995605,-0.020396255986428358,-0.1592433835198883,0.11845087154703157,6.55,0.0,0.0730538922155688,0.0514218136442616,0.0276454617583059
Scotland,2024-08-01,186285.0,137737.15934475054,141901.2065545875,191916.73756577144,-0.029783860391022543,-0.16863098792448247,0.10906326714243739,6.55,0.0,0.1868390129259693,0.048971143352779,-0.0015642605557193
Scotland,2024-09-01,184496.0,136516.04172876303,142756.86096640606,192930.2189495639,-0.044700780650783756,-0.18354790818424369,0.09414634688267617,6.55,0.0,0.0,0.0482592936212278,-0.0089050970477355
Scotland,2024-10-01,185664.0,136566.18666666668,143157.782851254,194625.38454097978,-0.0471380174579199,-0.18598514499137983,0.09170911007554003,6.55,0.0,0.1982323232323233,0.0546331624486353,0.0003672515693313
Scotland,2024-11-01,184775.0,135811.67653589934,144505.5996083311,196603.2880874676,-0.06204906366048846,-0.2008961911939484,0.07679806387297147,6.3,0.0,0.2009864364981504,0.0483834844489396,-0.0055401863557129
Scotland,2024-12-01,181800.0,133132.30088495577,135484.95278131514,185012.68476481704,-0.017517207280693725,-0.15636433481415365,0.1213299202527662,6.3,0.0,0.049932523616734,0.0452265528205775,-0.0199258174677137
Scotland,2025-01-01,185315.0,135906.79098966025,136761.1383675011,186479.94093614953,-0.006266598171066562,-0.1451137257045265,0.13258052936239337,6.3,0.0,0.130225080385852,0.0468255047257071,0.0206259131109138
Scotland,2025-02-01,182843.0,133502.2786764706,137037.24678217215,187684.44675101122,-0.026134216767180973,-0.1649813443006409,0.11271291076627896,6.3,0.0,0.1079646017699114,0.0428206392984742,-0.017850743966882
Scotland,2025-03-01,184120.0,133942.24175824175,,,,,,6.05,0.0,-0.010126582278481,0.0445361270645312,0.0032901289429112
Scotland,2025-04-01,187324.0,134596.76700434153,,,,,,6.05,0.0,-0.0151898734177214,0.0462163894547158,0.0048747222627678
Scotland,2025-05-01,187196.0,134310.42485549132,,,,,,6.05,0.0,-0.0118918918918918,0.0372316306832161,-0.0021296734765279
Scotland,2025-06-01,190639.0,136288.35637149028,,,,,,5.8,0.0,0.1151653363740021,0.0388360601177881,0.0146191844172847
Scotland,2025-07-01,191838.0,137046.85899280576,,,,,,5.8,0.0,0.046875,0.0366426234718686,0.0055499952121547
Scotland,2025-08-01,192196.0,137006.91170136395,,,,,,5.8,0.0,0.0198019801980198,0.0335793948225289,-0.0002915288603659
Scotland,2025-09-01,193036.0,137605.7056712132,,,,,,5.55,0.0,0.0890173410404624,0.0352075382640582,0.0043610153429174
Scotland,2025-10-01,192825.0,136963.6802575107,148200.82003018403,208645.26324491165,-0.07885246304229732,-0.21769959057575725,0.059994664491162614,5.55,0.0,0.0906217070600632,0.0344367210352687,-0.0046766072019046
Scotland,2025-11-01,192776.0,137223.34623655915,147827.7781066128,207673.4647117068,-0.0744380718527271,-0.21328519938618704,0.06440905568073282,5.55,0.0,0.0906217070600632,0.0368815018596262,-0.0002541487198619
Scotland,2025-12-01,188287.0,133453.9550321199,148574.00063313576,209619.51146729424,-0.10732664266399006,-0.24617377019745,0.03152048486946987,5.55,0.0,0.0906217070600632,0.0398810666662805,-0.023815647308165
Scotland,2026-01-01,187716.0,133621.49677419354,148213.49143868688,208215.3278519317,-0.10364259190994396,-0.2424897194434039,0.03520453562351597,5.55,0.0,0.0906217070600632,-0.0321199143468952,-0.0268528594524293
South East,2005-01-01,197095.0,254175.75974025973,267837.3528433925,207688.58176174446,-0.052353908700970564,-0.1912010362344305,0.08649321883248937,,,,,
South East,2005-02-01,197964.0,254635.0414507772,267603.3334888359,208046.09612626515,-0.049674475157992504,-0.18852160269145243,0.08917265237546743,,,,,0.0018053148014232
South East,2005-03-01,197976.0,253664.7329032258,267385.0026027003,208684.16618035524,-0.05267613117323222,-0.19152325870669215,0.08617099636022771,,,,,-0.0038178640838193
South East,2005-04-01,199492.0,254621.53727506427,267429.50143136305,209526.83999355533,-0.04907771040868347,-0.1879248379421434,0.08976941712477646,5.95,0.0,,,0.0037648292236696
South East,2005-05-01,200349.0,254733.10755441745,268722.3975867787,211351.65409393166,-0.05346250750343806,-0.192309635036898,0.08538462003002187,5.95,0.0,,,0.0004380848678628
South East,2005-06-01,200722.0,255207.35723431504,268849.347809611,211451.50114733755,-0.05207479705730478,-0.1909219245907647,0.08677233047615515,5.95,0.0,,,0.0018600203332486
South East,2005-07-01,201847.0,256309.55370843987,269901.7307074772,212551.01048665377,-0.051672024239367786,-0.19051915177282772,0.08717510329409214,5.95,0.0,,,0.0043095278235423
South East,2005-08-01,202466.0,256439.71683673465,270065.625507525,213224.01852759277,-0.051771371990181336,-0.19061849952364127,0.0870757555432786,5.95,0.0,,,0.0005077067431109
South East,2005-09-01,202698.0,256080.29770992367,271543.58349320415,214937.82137528545,-0.05863159678373542,-0.19747872431719535,0.08021553074972451,5.95,0.0,,,-0.0014025566827804
South East,2005-10-01,200825.0,253391.6454891995,271806.4559998408,215419.61819926964,-0.07015395650610223,-0.20900108403956216,0.0686931710273577,5.95,0.0,,,-0.0105547605393745
South East,2005-11-01,202090.0,254987.7636594663,272784.15335083124,216194.49011792973,-0.06746527703424121,-0.20631240456770114,0.07138185049921872,5.95,0.0,,,0.006279260670281
South East,2005-12-01,202298.0,254603.18631178705,267572.1295611634,212602.62862412684,-0.04968297219150131,-0.18853009972496124,0.08916415534195862,5.7,0.0,,,-0.0015093573412627
South East,2006-01-01,202770.0,256497.59235668788,269379.7631750521,212953.79062680356,-0.04900286497892381,-0.18784999251238374,0.08984426255453612,5.7,0.0,,,0.0074130770264737
South East,2006-02-01,203401.0,256316.2347715736,269287.08080592233,213694.0782226252,-0.04936605121426041,-0.18821317874772034,0.08948107631919952,5.7,0.0,,0.0007590314008338,-0.0007073038326232
South East,2006-03-01,204255.0,257066.17870722432,269961.30390448135,214500.97560990514,-0.04894507341100507,-0.187792200944465,0.08990205412245486,5.7,0.0,,-0.000461486898389,0.0029215822334336
South East,2006-04-01,206834.0,258672.7481108312,270286.9204779883,216120.65947585372,-0.043920321226472936,-0.18276744875993287,0.094926806306987,5.7,0.0,0.1462179198559208,0.0021509649375048,0.0062301855325372
South East,2006-05-01,210031.0,261027.26282853563,270622.4114803404,217751.56774702115,-0.03609967659292401,-0.17494680412638394,0.10274745094053592,5.7,0.0,0.2431066681313851,-0.0003049441469604,0.0090611151728818
South East,2006-06-01,211136.0,261745.37827715356,270451.0561689489,218158.40482510376,-0.032718950955013426,-0.17156607848847336,0.1061281765784465,5.7,0.0,0.3021215043394407,-0.0027301159462638,0.0027473354335629
South East,2006-07-01,213316.0,264778.485,271421.2193816225,218667.64904863847,-0.024778358481720275,-0.1636254860151802,0.11406876905173965,5.7,0.0,0.1665584114317528,-0.0052201780787323,0.0115213781789638
South East,2006-08-01,214624.0,265076.6567164179,271244.825147294,219618.16658451597,-0.023002772091158974,-0.1618498996246189,0.11584435544230096,5.7,0.0,0.2348654708520179,-0.0027013853798213,0.0011254840216388
South East,2006-09-01,216474.0,267029.41863354034,271494.4927755461,220093.72274351926,-0.016583020253230885,-0.15543014778669081,0.12226410728022905,5.7,0.0,0.1780707455203787,-0.0051251239172168,0.0073397796952008
South East,2006-10-01,216253.0,266425.8424317618,271917.7306980497,220710.66560184094,-0.020403619789933103,-0.15925074732339303,0.11844350774352683,5.7,0.0,0.2417287630402385,-0.003826199944134,-0.0022628943920572
South East,2006-11-01,218140.0,268085.4207920792,272279.96310942364,221553.08176476767,-0.01552514906742175,-0.15437227660088168,0.12332197846603818,5.7,0.0,0.2313411219465095,-0.0037963233471715,0.0062097239379976
South East,2006-12-01,221044.0,269983.63099631,263794.43021025823,215976.7087219939,0.023191204844268398,-0.11565592268919153,0.16203833237772833,5.95,0.0,0.1617021276595744,-0.0062621740319558,0.0070556671962815
South East,2007-01-01,222209.0,273763.6935483871,267332.2262640817,216988.69523549834,0.023773123941182916,-0.11507400359227701,0.16262025147464285,5.95,0.0,0.1619433198380566,-0.0067293029197574,0.0139039707532564
South East,2007-02-01,221538.0,271589.1777777778,266791.25177476165,217624.28392503216,0.017824024657674187,-0.12102310287578574,0.15667115219113412,5.95,0.0,0.1029126213592233,-0.003182208798246,-0.0079747532625713
South East,2007-03-01,223253.0,272346.7186732186,266585.33016044914,218530.16994018693,0.021381574982987317,-0.11746555255047261,0.16022870251644725,6.2,0.0,0.0524578463734499,-0.0043140833681094,0.0027854068472574
South East,2007-04-01,227249.0,276541.9816176471,267184.9580704758,219559.844698397,0.034421496257461826,-0.1044256312759981,0.17326862379092176,6.2,0.0,0.0387901404301287,-0.0079495371913549,0.0152866861300307
South East,2007-05-01,231796.0,281385.608801956,267214.1591537108,220122.0364428353,0.051675570840542306,-0.08717155669291762,0.19052269837400224,6.45,0.0,0.0388829975256275,-0.0041096838256535,0.0173633602548655
South East,2007-06-01,233432.0,282680.4585365853,266381.2692295909,219972.44790358967,0.05938851243155163,-0.0794586151019083,0.19823563996501156,6.45,0.0,-0.0048878027105088,-0.0002886072490267,0.0045911359823449
South East,2007-07-01,237575.0,289462.5460122699,268166.1313680817,220096.06955184956,0.07641923228074887,-0.06242789525271106,0.2152663598142088,6.45,0.0,0.0233853006681514,-0.0002306246596248,0.0237087759755496
South East,2007-08-01,237788.0,288659.51589242055,268259.8384263418,220983.43185573778,0.07329179068093516,-0.06555533685252476,0.2121389182143951,6.45,0.0,0.034876683310637,0.0046471208892047,-0.0027780660494514
South East,2007-09-01,240100.0,291110.2564102564,269702.19317408,222443.19859976994,0.07638372140428018,-0.06246340612917975,0.2152308489377401,6.7,0.0,-0.1390180471274332,0.0059674089759478,0.0084542355670738
South East,2007-10-01,240647.0,290355.3718104496,270031.67231777153,223802.68511331922,0.07256633580291272,-0.06628079173054721,0.21141346333637265,6.7,0.0,-0.09521523443751,0.0059887970656056,-0.0025964906170674
South East,2007-11-01,240470.0,289438.43636363634,271576.08110361395,225629.67463291192,0.06370029417323764,-0.07514683336022229,0.20254742170669757,6.95,0.0,-0.1157374735356386,0.0023430243634714,-0.0031629734513725
South East,2007-12-01,238888.0,285802.1493975904,261789.3071815668,218816.84286072553,0.0877597769234928,-0.051087350609967136,0.22660690445695272,6.95,0.0,-0.3186813186813186,0.0023942758302408,-0.012642833248007
South East,2008-01-01,237074.0,285697.1868932039,261101.59386828833,216664.36389473273,0.09002288269950931,-0.04882424483395062,0.22887001023296924,6.95,0.0,-0.3111293297806927,0.0105254796101901,-0.0003673232807166
South East,2008-02-01,233574.0,279444.55662650603,261089.23970419692,218231.69079001353,0.06794164318558593,-0.070905484347874,0.20678877071904586,6.95,0.0,-0.2562137531068765,0.0091196087689502,-0.0221285561778668
South East,2008-03-01,234248.0,278906.79136690643,262294.7449073906,220295.88847206827,0.061408792874427576,-0.07743833465903235,0.2002559204078875,6.95,0.0,-0.4227345935407307,0.0067966033016653,-0.0019262617626445
South East,2008-04-01,232605.0,274972.33928571426,262015.01888056553,221644.1247328047,0.04826868210226998,-0.09057844543118995,0.1871158096357299,8.5,15.0,-0.3086594819436566,0.006915831960611,-0.0142071366896008
South East,2008-05-01,233826.0,274455.3404255319,262527.0313437507,223663.51310857313,0.04443450017550177,-0.09441262735795816,0.1832816277089617,8.5,15.0,-0.3665362368152433,0.0021798993006347,-0.0018819547389536
South East,2008-06-01,230941.0,269160.1091549296,262973.54823242855,225632.8933474614,0.023252953802685994,-0.11559417373077394,0.16210008133614592,8.25,14.25,-0.4853762000446529,-0.0024888570095543,-0.0194821495938519
South East,2008-07-01,229526.0,267825.285546416,263712.14038700727,226001.03874052686,0.015476717385404015,-0.12337041014805591,0.15432384491886394,8.25,14.25,-0.5150007772423442,-0.0070918561886144,-0.0049715555432818
South East,2008-08-01,222187.0,257446.5472578763,264383.47642770794,228173.85629259387,-0.026588496333662448,-0.16543562386712238,0.11225863119979748,8.0,13.5,-0.577381387528328,-0.0119865339202803,-0.0395227332251444
South East,2008-09-01,216790.0,250026.0975609756,265696.2561295448,230377.1163419316,-0.06078845941602218,-0.1996355869494821,0.07805866811743775,8.0,13.5,-0.5324485125858124,-0.015292383932419,-0.0292468124329356
South East,2008-10-01,210598.0,243450.3073341094,267201.6318230738,231144.21121452205,-0.09309070372659001,-0.23193783126004994,0.04575642380686992,8.0,13.5,-0.4719667492041033,-0.0186688934394785,-0.0266524576183329
South East,2008-11-01,204620.0,236815.45454545453,269982.933196138,233278.30481599842,-0.1310775816078369,-0.26992470914129685,0.007769545925623039,8.0,13.5,-0.5940409683426443,-0.0115800863057321,-0.027631680031531
South East,2008-12-01,201861.0,234442.0736842105,261815.61572979557,225430.3639969539,-0.11043196241623932,-0.24927908994969925,0.028415165117220614,8.0,13.5,-0.4485407066052227,-0.0080232897193941,-0.0100726281726828
South East,2009-01-01,196036.0,229285.92226148408,266594.9650032939,227934.66796354132,-0.1507607280393053,-0.28960785557276525,-0.011913600505845362,8.0,13.5,-0.483040761678072,0.0161051301199877,-0.022238743267497
South East,2009-02-01,193166.0,224081.58644859813,267381.89018580975,230492.3444099226,-0.17666772605833891,-0.31551485359179887,-0.037820598524878984,7.5,12.0,-0.4906711222500696,0.015888836295193,-0.0229595828097295
South East,2009-03-01,192598.0,222901.8811188811,268331.7136637744,231851.57132277792,-0.18549227304528593,-0.3243394005787459,-0.046645145511826,6.0,7.5,-0.27856093979442,0.0149180914165767,-0.0052785311067662
South East,2009-04-01,194568.0,224658.16744186045,269663.5348951134,233545.45821731875,-0.1825950236802658,-0.32144215121372577,-0.04374789614680588,5.0,4.5,-0.3321482291809107,0.0174320851723814,0.0078483114998064
South East,2009-05-01,198240.0,227838.3333333333,268962.56606867985,234021.8097516006,-0.16593589720030977,-0.3047830247337697,-0.027088769666849838,4.5,3.0,-0.265207466093729,0.0223685968789231,0.0140563219708145
South East,2009-06-01,200821.0,230006.0588235294,268564.5382894767,234486.86273612923,-0.15498559984720828,-0.29383272738066823,-0.016138472313748348,4.0,1.5,-0.0786695589298626,0.0249042332799123,0.0094693381652817
South East,2009-07-01,204085.0,233744.41176470587,268137.4049462171,234113.9275814403,-0.13727129315167907,-0.27611842068513903,0.0015758343817808551,3.5,0.0,0.182051282051282,0.0286015245580333,0.0161226097068336
South East,2009-08-01,208289.0,237736.75517241377,267882.4870663382,234700.66842670113,-0.11938441243445475,-0.2582315399679147,0.019462715099005184,3.5,0.0,0.1776509254454246,0.0273942457733407,0.0169357298256382
South East,2009-09-01,211006.0,240561.37543053963,266220.5445889324,233512.68311879167,-0.1013498239683166,-0.24019695150177653,0.03749730356514333,3.5,0.0,0.336335160532498,0.0310702015212149,0.0118112654636952
South East,2009-10-01,212096.0,241526.75229357797,264969.30659567803,232682.00941735273,-0.09263375261059714,-0.23148088014405707,0.04621337492286279,3.5,0.0,0.2781778596549991,0.0346933618240765,0.004004986216838
South East,2009-11-01,213753.0,242579.11885714284,263339.3750818719,232046.27713659412,-0.0821156793849891,-0.22096280691844902,0.05673144814847084,3.5,0.0,0.5541721275666229,0.0311060742386626,0.0043476779934206
South East,2009-12-01,213276.0,240662.57727272727,252650.68280743703,223899.90017174682,-0.048611976177864946,-0.18745910371132488,0.09023515135559498,3.5,0.0,0.7890966971746916,0.0263746126054689,-0.0079320623548806
South East,2010-01-01,219580.0,248340.47835990888,251325.73411268424,222219.53126982556,-0.011949142040172944,-0.15079626957363287,0.12689798549328699,3.5,0.0,0.2405755395683453,-0.0037365306662864,0.0314048430778672
South East,2010-02-01,218979.0,246537.58163265305,248703.58132993436,220902.8788851985,-0.008747308060316428,-0.14759443559377636,0.1300998194731435,3.5,0.0,0.3920174958993985,-0.0084743859534506,-0.0072862583704988
South East,2010-03-01,218300.0,244387.7113866967,247956.04454765958,221487.4234781209,-0.014495545437496204,-0.15334267297095613,0.12435158209596373,3.5,0.0,0.2580907795644209,-0.0048330532950104,-0.0087584975546519
South East,2010-04-01,219916.0,244816.80269058293,247731.1874317611,222533.95688734233,-0.011834049926367385,-0.15068117745982731,0.12701307760709254,3.5,0.0,0.2454954954954955,-0.0081307384959788,0.0017542414330922
South East,2010-05-01,222097.0,246691.6342281879,247840.26638479234,223131.11595972243,-0.004645339241916346,-0.14349246677537628,0.13420178829154358,3.5,0.0,0.1056286549707601,-0.0113914541319141,0.0076289255271433
South East,2010-06-01,223722.0,248218.9340782123,247879.9394998178,223416.4610798962,0.0013666414064257282,-0.1374804861270342,0.14021376893988566,3.5,0.0,0.1359284256788573,-0.0090152138312478,0.0061720431781289
South East,2010-07-01,226247.0,251582.6103023516,248226.8876565281,223229.21518356455,0.013428208482642034,-0.1254189190508179,0.15227533601610196,3.5,0.0,0.0383676789587852,-0.0066853846086443,0.0134602505624332
South East,2010-08-01,225813.0,249701.9031180401,248778.95951942215,224978.3541273324,0.0037030294338045167,-0.1351440980996554,0.14255015696726445,3.5,0.0,0.0329024676850764,-0.0044607158171743,-0.0075035871175046
South East,2010-09-01,226281.0,250219.4131403118,248682.97131088513,224891.54908074002,0.00615930785119545,-0.13268781968226448,0.14500643538465538,3.5,0.0,-0.0266627600351596,-0.0065782152386835,0.0020703666368948
South East,2010-10-01,222967.0,246006.92333333337,249524.6324351562,226155.25598352528,-0.014197958345604889,-0.15304508587906482,0.12464916918785504,3.5,0.0,-0.1171383647798741,-0.0054363511182683,-0.0169785063439054
South East,2010-11-01,221473.0,243546.72093023255,249734.2749794515,227099.7485462686,-0.02508865598025878,-0.1639357835137187,0.11375847155320115,3.5,0.0,-0.0853127196064652,-0.0065071659156353,-0.0100508826468654
South East,2010-12-01,220306.0,239872.65131578947,249062.8549067719,228746.54952162737,-0.03759713095815442,-0.17644425849161435,0.1012499965753055,3.5,0.0,-0.2699065836298933,-0.00640118204172,-0.0152006335248167
South East,2011-01-01,218315.0,237444.46330777655,251733.87259665306,231453.19806721475,-0.058438710935512006,-0.19728583846897194,0.08040841659794792,3.5,0.0,0.0431454418928323,-0.0335063567579448,-0.0101744055700283
South East,2011-02-01,218828.0,236191.52608695652,251193.12243831455,232726.75996299033,-0.06157902827897388,-0.2004261558124338,0.07726809925448605,3.5,0.0,-0.0606834249803613,-0.0367591183970547,-0.0052907303141669
South East,2011-03-01,217406.0,234147.67678958783,251776.90005689915,233774.72492694968,-0.07259136446124792,-0.21143849199470785,0.06625576307221201,3.5,0.0,-0.0745834007442161,-0.0397331735108481,-0.0086910134210071
South East,2011-04-01,219824.0,234211.62231759657,251418.69101121987,235974.03829049037,-0.0708945655490929,-0.20974169308255283,0.06795256198436703,3.5,0.0,-0.0350156172940983,-0.0363843007557668,0.000273061850283
South East,2011-05-01,220226.0,234137.4925053533,252145.55300872345,237164.0951763824,-0.07409799446181076,-0.2129451219952707,0.06474913307164917,3.5,0.0,-0.0608264462809917,-0.0413499259266668,-0.0003165579287589
South East,2011-06-01,220815.0,235015.3215434084,252841.94944766382,237564.49026653607,-0.07311387770121236,-0.2119610052346723,0.06573324983224757,3.5,0.0,-0.0672930772419511,-0.0412578728376747,0.0037421924635019
South East,2011-07-01,223680.0,238064.56591639871,253670.91937104394,238343.37137279354,-0.0634959117416134,-0.20234303927507333,0.07535121579184653,3.5,0.0,-0.0658049353701527,-0.0391567142162437,0.012891212167359
South East,2011-08-01,222006.0,235023.4093816631,253397.73599841923,239362.61466920163,-0.07527520977693314,-0.21412233731039307,0.06357191775652679,3.5,0.0,0.0483503981797497,-0.0413038500503973,-0.0128567986702439
South East,2011-09-01,222908.0,234478.43644067796,253694.1582501434,241175.51398603764,-0.07876581194731536,-0.21761293948077529,0.060081315586144574,3.5,0.0,0.1034015653220952,-0.0410749443111487,-0.0023214953917136
South East,2011-10-01,219955.0,231127.31746031743,254117.4251087317,241833.80335120994,-0.09482774723987397,-0.2336748747733339,0.04401938029358596,3.5,0.0,-0.0051944197091124,-0.047169806953239,-0.014394911654346
South East,2011-11-01,221389.0,232388.2420718816,255171.80872218325,243094.19038387245,-0.09352764777572276,-0.23237477530918269,0.045319479757737174,3.5,0.0,0.0714505224339274,-0.0460582222545949,0.0054407136764051
South East,2011-12-01,221026.0,230787.4006309148,251831.55395772037,241180.06829183493,-0.08726348417582486,-0.2261106117092848,0.05158364335763507,3.5,0.0,0.1238385376999238,-0.0438901727597188,-0.0069124870468897
South East,2012-01-01,219302.0,230197.5539112051,253167.03000028877,241184.3004836588,-0.09511159821994397,-0.2339587257534039,0.04373552931351596,3.5,0.0,0.1703357794084945,-0.0278291407498877,-0.0025590728538951
South East,2012-02-01,220135.0,229857.05047318613,253468.29138722905,242747.57815634928,-0.09778113590460613,-0.23662826343806606,0.0410659916288538,3.5,0.0,0.1381977838176875,-0.0216192060231907,-0.0014802742846189
South East,2012-03-01,220747.0,229771.24842767292,253892.9957288793,243921.36749783572,-0.09982865964400567,-0.2386757871774656,0.03901846788945426,3.5,0.0,0.3104895104895104,-0.0193013261950621,-0.0003733540633383
South East,2012-04-01,224907.0,232638.178125,253945.92823536386,245506.63756893185,-0.08763700038442224,-0.22648412791788217,0.05121012714903769,3.5,0.0,-0.087052810902896,-0.0202600349068076,0.0124001210539752
South East,2012-05-01,225195.0,233178.9728884254,255059.71446907314,246326.552040122,-0.08969140943829323,-0.22853853697175316,0.049155718095166695,3.5,0.0,0.1432594156986977,-0.0158235768219223,0.0023219196855031
South East,2012-06-01,226072.0,235067.535078534,256376.3212661954,246565.34421874784,-0.08677351385565757,-0.2256206413891175,0.05207361367780236,3.5,0.0,0.0754074074074073,-0.0126831552019143,0.0080665734762828
South East,2012-07-01,228480.0,237322.84518828453,256653.3603822728,247090.24423509848,-0.07830495202428267,-0.2171520795577426,0.06054217550917726,3.5,0.0,-0.0043326345213137,-0.0096093086846501,0.0095485739745946
South East,2012-08-01,229580.0,237224.70343392304,256725.1317549384,248452.01572658186,-0.07899817858628566,-0.2178453061197456,0.05984894894717427,3.5,0.0,0.0538524145415084,-0.0106452822111304,-0.0004136224327595
South East,2012-09-01,230180.0,236858.79792746116,256857.20423463653,249614.5036117062,-0.08105613068545203,-0.21990325821891196,0.0577909968480079,3.5,0.0,-0.1242668121675077,-0.0105183871153133,-0.0015436334656993
South East,2012-10-01,226623.0,231996.5350515464,257062.3770117917,251108.26354626176,-0.1025963311214042,-0.24144345865486413,0.036250796412055725,3.5,0.0,0.0665373713262718,-0.0083167940793645,-0.0207417378143954
South East,2012-11-01,226257.0,231145.2685185185,257376.2760240143,251933.2732077965,-0.1074927422627674,-0.24633986979622732,0.031354385270692536,3.5,0.0,0.1029685931449877,-0.0123834663210122,-0.0036760555194561
South East,2012-12-01,227569.0,231532.8043032787,254518.5307059449,250161.21447029428,-0.09465207880276871,-0.23349920633622864,0.04419504873069122,3.5,0.0,-0.0634318243426402,-0.0133726526503881,0.0016751858285548
South East,2013-01-01,226909.0,232050.08959835224,258567.40617282118,252838.82315590067,-0.10820316704216104,-0.24705029457562097,0.03064396049129889,3.5,0.0,0.0258407752232567,-0.0153400414877984,0.0022316850624548
South East,2013-02-01,225549.0,229008.3404907975,258241.85005469684,254340.9157638404,-0.12013812489809794,-0.2589852524315579,0.018709002635361988,3.5,0.0,0.0308596620132255,-0.0154733311734499,-0.0131948275554965
South East,2013-03-01,226994.0,229770.6850152905,258446.9473053349,255323.72135602572,-0.117608650130137,-0.25645577766359695,0.021238477403322936,3.5,0.0,-0.0963180362860192,-0.0173536610348583,0.0033233656456328
South East,2013-04-01,229580.0,231915.50356052897,258802.88046485616,256196.6077512121,-0.10969359611003782,-0.24854072364349775,0.029153531423422113,2.3,0.0,0.1528270199664116,-0.0172683445929602,0.0092913066415309
South East,2013-05-01,230065.0,231933.54822335023,258942.05535292346,256855.9159341688,-0.11015341159777492,-0.24900053913123485,0.02869371593568501,2.3,0.0,0.2033559113300491,-0.0130996715695828,7.780403025847704e-05
South East,2013-06-01,232729.0,235096.5381485249,259583.26612347536,256969.13454116444,-0.09908129209843786,-0.2379284196318978,0.03976583543502207,2.3,0.0,0.0724617715938835,-0.0161294639272744,0.013545329855086
South East,2013-07-01,235515.0,237910.87995930825,260276.47757322577,257655.36500954776,-0.08984829172056052,-0.22869541925402045,0.048998835812899405,2.3,0.0,0.1975014037057831,-0.0182397774468244,0.0118999191728992
South East,2013-08-01,236276.0,237712.3282674772,260283.7060715191,258710.99485658546,-0.09071097547234253,-0.22955810300580246,0.048136152061117404,2.3,0.0,0.1693911700347534,-0.0172117562713762,-0.0008349117533814
South East,2013-09-01,236916.0,237394.1352169526,260327.732083761,259803.4063393828,-0.09221956761145478,-0.2310666951449147,0.04662755992200515,2.3,0.0,0.2560747663551401,-0.0160754127025675,-0.0013394601949414
South East,2013-10-01,237086.0,237564.4783047427,261037.5589568095,260511.80355105558,-0.09422522679105505,-0.23307235432451498,0.04462190074240488,2.3,0.0,0.2271646384109666,-0.0159679647583966,0.0007172965822448
South East,2013-11-01,239013.0,239253.94052419352,261344.98263136513,261081.79533767796,-0.0883158065663423,-0.22716293409980223,0.05053132096711763,2.3,0.0,0.2224678195293199,-0.0108693531768339,0.0070864262904652
South East,2013-12-01,240777.0,240051.7680722892,260153.9172218807,260939.88071801927,-0.08041884479067107,-0.219265972324131,0.058428282742788856,2.3,0.0,0.3173661360347322,-0.0098290719428538,0.0033290998652439
South East,2014-01-01,242778.0,243513.6909090909,262301.071073427,261508.62070764625,-0.07431980381397096,-0.2131669313474309,0.06452732371948897,2.3,0.0,0.4030375995554731,-0.015211155179725,0.014318566058165
South East,2014-02-01,243134.0,242645.28844221105,262138.3080334016,262666.28045642964,-0.07727159916272797,-0.2161187266961879,0.06157552837073196,2.3,0.0,0.3382038488952246,-0.0143183386661649,-0.0035725078723967
South East,2014-03-01,245206.0,244222.22467402203,262118.52803303036,263174.3932013407,-0.07071823086646489,-0.20956535839992482,0.06812889666699504,2.3,0.0,0.1703572483023323,-0.0122013795686507,0.0064779090975637
South East,2014-04-01,248969.0,246979.23776223775,262150.35551074985,264262.34226209525,-0.05961393970029505,-0.19846106723375498,0.07923318783316488,2.3,0.0,0.3133700226610554,-0.011158942666509,0.0112257077856092
South East,2014-05-01,253291.0,251517.963,262826.31783570285,264679.0713350482,-0.04397901511934954,-0.18282614265280947,0.09486811241411039,2.3,0.0,0.1248560828962517,-0.0131024255247856,0.0182101349963321
South East,2014-06-01,255353.0,253059.41017964072,262853.8771021559,265236.2385260425,-0.0379739933972747,-0.17682112093073463,0.10087313413618523,2.3,0.0,0.1939627488760436,-0.0101055900621117,0.0061098735568752
South East,2014-07-01,259645.0,258085.57057057053,264048.6285051429,265644.0884961105,-0.022842086257066185,-0.16168921379052612,0.11600504127639374,2.3,0.0,0.1186261868479663,-0.0140873532438228,0.0196669148044534
South East,2014-08-01,263224.0,260859.7125748503,264270.3246501038,266665.52396717423,-0.012989773163178953,-0.15183690069663888,0.12585735437028098,2.3,0.0,0.0836543753439735,-0.0111266546049156,0.0106915642948877
South East,2014-09-01,265157.0,262513.36091724824,264676.4222598845,267341.8444377282,-0.008206052354957194,-0.14705317988841712,0.13064107517850274,2.3,0.0,0.1305803571428572,-0.0100755011715698,0.0063192163640337
South East,2014-10-01,265506.0,262597.0697211155,265282.017770919,268220.6906767399,-0.0101726750209572,-0.14901980255441713,0.12867445251250273,2.3,0.0,0.1242448421292601,-0.0070546125598361,0.0003188236214413
South East,2014-11-01,264953.0,262835.4935064935,267312.4540040081,269466.02865862247,-0.01688987742313941,-0.15573700495659934,0.12195725011032052,2.3,0.0,-0.1049776643267389,-0.0080436019895575,0.0009075334055346
South East,2014-12-01,266210.0,264082.44755244756,265547.5209737555,267686.8766311473,-0.005532455658824986,-0.14437958319228492,0.13331467187463494,2.3,0.0,-0.0041744479841809,-0.0040667407127032,0.0047330192297021
South East,2015-01-01,266846.0,266846.0,268298.67190183856,268298.67190183856,-0.0054290943972485906,-0.14427622193070852,0.13341803313621134,2.3,0.0,-0.1188118811881188,0.0052660389231109,0.0104103572475882
South East,2015-02-01,266564.0,266028.1929648241,268096.15511159465,268636.12722662307,-0.00774341213688956,-0.1465905396703495,0.13110371539657037,2.3,0.0,-0.0893475366178429,0.0072602513906725,-0.0030694212181519
South East,2015-03-01,267089.0,266017.42928786355,268903.63484927744,269986.8317670993,-0.010791250385684847,-0.14963837791914478,0.12805587714777508,2.3,0.0,-0.0131180625630675,0.0103125551827654,-4.046148116643167e-05
South East,2015-04-01,270576.0,268950.9189189189,270093.566401283,271725.5516967591,-0.004239535789512416,-0.14308666332297235,0.1346075917439475,2.3,0.0,-0.0918166132610303,0.0103125551827651,0.0109670751302441
South East,2015-05-01,273192.0,271008.6473526473,270472.7267030116,272651.76176204893,0.001979461714856967,-0.13686766581860296,0.1408265892483169,2.3,0.0,-0.0525417946093483,0.0123352029408887,0.0076218240170291
South East,2015-06-01,277300.0,274809.28143712576,271600.7800054563,274062.4184949317,0.011744067451191498,-0.12710306008226843,0.15059119498465143,2.3,0.0,0.0564819795589026,0.0093032519308344,0.0139266056011173
South East,2015-07-01,281987.0,280013.091,273256.27039499336,275182.5482326217,0.024426281388738147,-0.11442084614472178,0.16327340892219808,2.3,0.0,0.081001781410458,0.0103125551827654,0.0187590206256693
South East,2015-08-01,285507.0,282660.4695912263,274318.2884605828,277080.80898888677,0.02995735433987967,-0.10888977319358026,0.1688044818733396,2.3,0.0,-0.0425596749619096,0.0093022426275828,0.0094100676197594
South East,2015-09-01,286519.0,283945.4760479042,276411.5158798498,278916.7562050448,0.02689147913715928,-0.11195564839630065,0.1657386066706192,2.3,0.0,0.0303828013600964,0.0093052644996318,0.0045358107152448
South East,2015-10-01,288613.0,285735.5024925224,277221.19121809385,280012.94540961547,0.03025085466403965,-0.10859627286942028,0.16909798219749958,2.3,0.0,0.0396431106154313,0.0113208511460216,0.0062843324707877
South East,2015-11-01,290685.0,287786.84446660016,279856.86765345326,282675.1644072645,0.027941797212855946,-0.11090533032060398,0.16678892474631588,2.3,0.0,0.110992275698158,0.0113198458658987,0.0071535162760039
South East,2015-12-01,293496.0,290569.81854436686,276452.0297835458,279236.0381398756,0.04980657156438717,-0.08904055596907276,0.1886536990978471,2.3,0.0,0.0854936569222284,0.0082979738164985,0.0096238039088554
South East,2016-01-01,295893.0,295298.240201005,279314.0416518642,279876.6076974873,0.055649083241986474,-0.08319804429147346,0.1944962107754464,2.3,0.0,0.0898876404494382,0.0127979747965525,0.0161419427337499
South East,2016-02-01,297843.0,296350.8006012024,280761.5160210515,282175.2195256892,0.054038278217403146,-0.08480884931605678,0.19288540575086308,2.3,0.0,0.1713700833455183,0.0127817048678917,0.0035580603974381
South East,2016-03-01,302466.0,299749.2395209581,281705.8730513373,284259.09848684794,0.06208273359251848,-0.07676439394094145,0.2009298611259784,2.3,0.0,0.9134713701431494,0.0117709814007014,0.0114023670904597
South East,2016-04-01,299958.0,297263.76646706584,284476.9836735172,287055.32491527114,0.04396749793374077,-0.09487962959971916,0.1828146254672007,2.3,0.0,-0.1566019812729,0.0097575673974525,-0.0083264096044146
South East,2016-05-01,303474.0,300149.0856573705,285669.47583747434,288833.9916826025,0.04944383978948963,-0.0894032877439703,0.18829096732294956,2.3,0.0,-0.1540031208738447,0.0117831593079791,0.009659456151942
South East,2016-06-01,307427.0,303454.2852882704,287357.8100214768,291119.79544975393,0.054502810017540426,-0.0843443175159195,0.19334993755100036,2.3,0.0,-0.115682281059063,0.0117892118734483,0.0109516706670316
South East,2016-07-01,311400.0,307375.94433399604,289532.23382272787,293322.6860278592,0.05980493888682936,-0.07904218864663057,0.1986520664202893,2.3,0.0,-0.125436215587437,0.0107864714394794,0.0128405987107651
South East,2016-08-01,312319.0,307366.46878097125,291361.7919643225,296056.4431943619,0.05347497876219265,-0.08537214877126728,0.19232210629565258,2.3,0.0,-0.0169743263314237,0.0087689335723346,-3.0827718484616184e-05
South East,2016-09-01,309748.0,304233.19881305634,294064.49097096984,299394.9651275433,0.0339954083655325,-0.10485171916792743,0.17284253589899243,2.3,0.0,-0.0512028954651905,0.0087869294502378,-0.0102462363738116
South East,2016-10-01,310316.0,304489.90909090906,295863.45314058865,301524.4859801367,0.02873990639451307,-0.11010722113894686,0.167587033927973,2.3,0.0,-0.1879266627657499,0.0057875274659902,0.0008434386332254
South East,2016-11-01,310189.0,303764.9674556212,297546.7130732422,303839.2417485072,0.020683037621697764,-0.11816408991176217,0.1595301651551577,2.3,0.0,-0.070167932399187,0.0057964543629347,-0.0023836783114976
South East,2016-12-01,311517.0,303568.5780176644,290161.3921666008,297758.770007821,0.04517024930916946,-0.09367687822429047,0.1840173768426294,2.05,0.0,-0.0490853658536585,0.0038126349263212,-0.0006467268151606
South East,2017-01-01,315255.0,308726.05029585795,291922.0952930278,298095.6743475632,0.05596734531156855,-0.08287978222189138,0.19481447284502848,2.05,0.0,-0.0498969072164948,0.0069808291627213,0.0168467728418715
South East,2017-02-01,312371.0,303804.5083251714,292043.4095569641,300278.26904094697,0.03948197574621837,-0.09936515178724156,0.1783291032796783,2.05,0.0,-0.096242666333791,0.0038748621907738,-0.0160698852099407
South East,2017-03-01,312789.0,303023.88,292527.945847109,301954.82829132606,0.03525141081930094,-0.10359571671415899,0.17409853835276087,2.05,0.0,-0.4064524747845836,-1.7206099824917942e-06,-0.0025728155465234
South East,2017-04-01,315949.0,304895.3906705539,293425.54978772136,304063.3340700557,0.038344792692587504,-0.10050233484087243,0.17719192022604743,2.05,0.0,0.1922767497988737,8.82152047727569e-05,0.0061571220827509
South East,2017-05-01,317693.0,305391.2381413359,293075.92153472675,304881.59813229885,0.0411620092756646,-0.09768511825779533,0.18000913680912453,2.05,0.0,0.15394438138479,-0.0037993969048668,0.0016249662256413
South East,2017-06-01,320765.0,308344.2836398838,293470.03592963004,305291.58823293843,0.049441420897984756,-0.08940570663547517,0.18828854843144469,2.05,0.0,0.1407185628742515,-0.0056761769131323,0.0096232601279648
South East,2017-07-01,323510.0,311284.3313953488,294899.339570315,306481.48885857506,0.054072667053064905,-0.08477446048039503,0.19291979458652483,2.05,0.0,-0.0033252050543116,-0.0036954521659475,0.0094897806465166
South East,2017-08-01,325527.0,311414.5578034682,294871.65204890526,308234.4157369221,0.05458482397092368,-0.08426230356253625,0.1934319515043836,2.05,0.0,0.0321605870925965,-0.0027300407823874,0.000418264468676
South East,2017-09-01,325029.0,310042.0720461095,295191.62381427287,309460.70532795374,0.04908328683749019,-0.08976384069596974,0.18793041437095012,2.05,0.0,0.021541568495456,-0.005537831494856,-0.0044170032882711
South East,2017-10-01,324496.0,309236.5911708253,295147.411897134,309711.58428682137,0.04663171826674173,-0.0922154092667182,0.18547884580020166,2.05,0.0,0.09343100756575,-0.006438213667453,-0.0026013534047066
South East,2017-11-01,322627.0,306279.74282982794,294854.4660990331,310591.914944198,0.038016977235058036,-0.1008301502984019,0.17686410476851797,2.05,0.0,0.0408374554239043,-0.0064099194778286,-0.0096077745561515
South East,2017-12-01,323152.0,305900.79694947565,288116.74818852416,304365.0240178871,0.05989508276687516,-0.07895204476658477,0.1987422103003351,2.05,0.0,-0.0350539702896227,-0.0082533914264388,-0.0012380201725772
South East,2018-01-01,323399.0,307600.7729885057,289093.6942054361,303941.4065966519,0.06205191362145612,-0.0767952139120038,0.20089904115491605,2.05,0.0,-0.0034722222222222,-0.0110676514108353,0.0055418941799558
South East,2018-02-01,323799.0,306513.25738798856,289062.9619768431,305364.5993088705,0.05861648266588659,-0.08023064486757334,0.19746361019934652,2.05,0.0,-0.0251381215469613,-0.0112070900576647,-0.0035417420333505
South East,2018-03-01,322289.0,304793.3114285714,289623.015209406,306247.9012788281,0.05105374967776477,-0.08779337785569516,0.1899008772112247,2.3,0.0,-0.0719108710330858,-0.0091266654469706,-0.0056271291217822
South East,2018-04-01,323777.0,305038.4829222011,289097.87275563285,306857.15799036965,0.05367265132946386,-0.08517447620399607,0.1925197788629238,2.3,0.0,-0.0412955465587044,-0.0061920795254128,0.0008040627238852
South East,2018-05-01,324252.0,304331.0359168242,288844.85791268863,307752.1245434286,0.05222632274523953,-0.0866208047882204,0.19107345027869946,2.3,0.0,-0.0111889831550473,-0.0061000900849098,-0.0023218992789733
South East,2018-06-01,327114.0,307017.2041587901,289251.1542856089,308185.01634861453,0.059608428940629565,-0.07923869859283036,0.1984555564740895,2.3,0.0,-0.0569351907934585,-0.0060087962167357,0.0087877427375726
South East,2018-07-01,329558.0,309311.0529300567,290442.83339896175,309454.7006405857,0.062940644354045,-0.07590648317941492,0.20178777188750494,2.3,0.0,-0.0262455516014235,-0.0060087962167357,0.0074436287360288
South East,2018-08-01,330535.0,308188.9718309859,289865.313465611,310882.7380069242,0.06129676096656311,-0.07755036656689682,0.20014388850002304,2.3,0.0,0.0320995399414469,-0.0069710335872906,-0.0036342746205964
South East,2018-09-01,329521.0,306955.3030018762,290016.8928212257,311337.36933275586,0.05676297176810152,-0.08208415576535841,0.19561009930156145,2.3,0.0,-0.1042284459088412,-0.0077625077061697,-0.0040109955778806
South East,2018-10-01,326923.0,304249.80224929703,290489.4570776041,312137.211180064,0.04628179860464243,-0.0925653289288175,0.18512892613810236,2.3,0.0,0.0120812740252609,-0.0058282638770441,-0.0088530622535678
South East,2018-11-01,325704.0,302265.48785046727,290765.5515405803,313312.3264334551,0.03878845239622386,-0.10005867513723607,0.1776355799296838,2.3,0.0,0.0721706454465074,-0.0058058876803019,-0.0065433518697997
South East,2018-12-01,323540.0,299976.862745098,285342.0982785321,307755.6769952748,0.05001654223125129,-0.08883058530220864,0.18886366976471122,2.55,0.0,-0.0709934655000553,-0.0047875641146669,-0.0076003825374293
South East,2019-01-01,324657.0,303277.8936970837,286987.3498695841,307218.07946764136,0.05521138842834894,-0.08363573910511099,0.19405851596180887,2.55,0.0,-0.0319396051103367,-0.0006841604216761,0.0109441786081116
South East,2019-02-01,322509.0,299860.8960674158,286947.141308731,308619.88612056867,0.04402066517581815,-0.09482646235764178,0.18286779270927808,2.55,0.0,-0.0062340606404081,0.0020375305358897,-0.0113308387588713
South East,2019-03-01,319521.0,296527.43271028035,286719.0432417035,308952.04055249016,0.03363694307349263,-0.1052101844599673,0.17248407060695256,2.55,0.0,-0.0240087304474354,0.0021229065434313,-0.0111789514018418
South East,2019-04-01,321318.0,296532.3178438662,286256.8848889859,310183.6939985386,0.035266603691894716,-0.10358052384156521,0.17411373122535465,2.55,0.0,0.0387105855855856,0.0012033065739547,1.6474338654148823e-05
South East,2019-05-01,320650.0,295093.0954587581,286755.9181057515,311590.77103333926,0.02865949003003543,-0.1101876375034245,0.16750661756349536,2.55,0.0,-0.0024869435463814,-0.0005867719171758,-0.004865325903113
South East,2019-06-01,323255.0,297490.46802594996,287403.7615708651,312294.7217874758,0.03449412238701299,-0.10435300514644694,0.17334124992047292,2.55,0.0,-0.1023335474202525,0.0004168014829526,0.0080912998415669
South East,2019-07-01,324982.0,299079.8202038925,288807.6955377879,313820.24520168494,0.034949441704961615,-0.10389768582849832,0.17379656923842154,2.55,0.0,0.0114207400639561,0.0004168014829526,0.0053283107441295
South East,2019-08-01,325154.0,297857.8616236162,289460.4368968681,315987.0227554935,0.02859777073976666,-0.11024935679369327,0.1674448982732266,2.55,0.0,-0.0541991692837605,0.0004168014829526,-0.00409409666808
South East,2019-09-01,326204.0,298544.30599078344,289973.94713182555,316839.6099073824,0.029127269129610056,-0.10971985840384987,0.16797439666306999,2.55,0.0,0.0246444335458557,0.0023908170851782,0.002301952298513
South East,2019-10-01,324716.0,297731.2908587258,290672.1038944744,317017.00757071073,0.023995530069067073,-0.11485159746439286,0.162842657602527,2.55,0.0,-0.0232230059685295,0.0024072991392443,-0.0027269794040876
South East,2019-11-01,324631.0,297104.68479262677,290562.0585541144,317482.2089941733,0.022267370578225254,-0.11657975695523468,0.16111449811168518,2.55,0.0,-0.0508195031440057,0.0052005479333583,-0.0021068204463894
South East,2019-12-01,323702.0,296254.45714285714,277519.2146871565,303230.96468838345,0.06532856463887526,-0.07351856289458467,0.2041756921723352,2.55,0.0,0.0376728659990461,0.0061686773724123,-0.002865813203444
South East,2020-01-01,324130.0,297468.65988909424,278638.8916812916,303612.5687806219,0.06539222607695372,-0.07345490145650621,0.20423935361041365,2.55,0.0,0.065236952609478,0.0279898234794038,0.0040901369817927
South East,2020-02-01,320582.0,293128.8453038674,278416.1379234811,304491.36534229654,0.05149536396250198,-0.08735176357095795,0.1903424914959619,2.55,0.0,0.0116909039064727,0.0231400533119734,-0.0146966171039757
South East,2020-03-01,325604.0,297720.78453038674,278533.90358904604,304620.1604206485,0.06661629425252791,-0.07223083328093202,0.20546342178598784,2.55,0.0,-0.0745434215430488,0.024166368027904,0.015543825194566
South East,2020-04-01,327607.0,299828.34193548386,280877.0543649003,306899.90330908034,0.06529307270311868,-0.07355405483034125,0.2041402002365786,2.55,0.0,-0.5603740344220084,0.0260842825747729,0.0070540347261101
South East,2020-05-01,323236.0,295827.97050691245,281654.4179227459,307749.28846543736,0.049097253574506894,-0.08974987395895304,0.18794438110796682,2.55,0.0,-0.4977561705310396,0.0327890290045176,-0.0134320126894209
South East,2020-06-01,324453.0,296668.3508287293,281981.5197519488,308390.665106361,0.050773314996495955,-0.08807381253696397,0.18962044252995588,2.55,0.0,-0.2907226329596947,0.0356685523195861,0.0028367463395433
South East,2020-07-01,328205.0,298723.7076076994,281469.0561389792,309247.4725555149,0.05949657473346193,-0.079350552799998,0.19834370226692186,1.9,0.0,-0.2028003613369466,0.0347148980356821,0.0069042403723535
South East,2020-08-01,331902.0,303479.453038674,281117.6712458607,307445.9123595214,0.07654056760970107,-0.06230655992375886,0.215387695143161,1.9,0.0,-0.2152956298200514,0.0299728499236948,0.0157948168053962
South East,2020-09-01,334430.0,304389.54170485795,281237.3147302687,308992.8603934775,0.07910941899716128,-0.059737708536298645,0.21795654653062121,1.9,0.0,-0.0136412588249371,0.0395096844028541,0.0029943601468609
South East,2020-10-01,334997.0,304905.61044912925,282202.5418264222,310053.34655853634,0.07737720821424077,-0.06146991931921916,0.2162243357477007,1.9,0.0,0.1153205199422287,0.0357002244367088,0.0016939864558445
South East,2020-11-01,339278.0,309369.1955922865,282622.69132511405,309945.7309698381,0.09042260954629988,-0.04842451798716005,0.2292697370797598,1.9,0.0,0.0907906168549088,0.0337910995990373,0.0145331166518598
South East,2020-12-01,340233.0,309387.7005494505,274693.42926746106,302079.7832427669,0.11893951161328786,-0.019907615920172067,0.2577866391467478,1.9,0.0,0.2922794117647058,0.037602336878282,5.981333633542363e-05
South East,2021-01-01,337566.0,307525.7229357798,275862.98917649646,302810.3305159931,0.10865440913689106,-0.03019271839656887,0.247501536670351,1.9,0.0,0.1796424046177671,0.0199704218753615,-0.0060364491897573
South East,2021-02-01,337619.0,307292.087076077,276101.88533508626,303350.6111788309,0.10702877160817437,-0.03181835592528556,0.2458758991416343,1.9,0.0,0.5025366403607667,0.0190165578525363,-0.000760016600509
South East,2021-03-01,342322.0,310718.23217550275,276855.5553684926,305015.08315521746,0.11539058622547671,-0.02345654130798322,0.25423771375893667,1.9,0.0,1.0385286615653109,0.0218462434134785,0.011087776670184
South East,2021-04-01,339163.0,305893.60490463214,275859.3241777289,305862.15097651514,0.1033463043316214,-0.03550082320183853,0.24219343186508133,1.9,0.0,2.0499383477188657,0.0190441056344652,-0.0156491505394171
South East,2021-05-01,340283.0,304964.8185920578,276005.95886074286,307970.395183991,0.09977396551647644,-0.03907316201698349,0.23862109304993637,1.9,0.0,1.160337552742616,0.0116327889989962,-0.0030409240261661
South East,2021-06-01,354769.0,316518.97304582206,276737.23902396514,310179.80567338696,0.13431472581534365,-0.00453240171811628,0.2731618533488036,1.9,0.0,2.216207128446537,0.0052416071190386,0.0371867651440922
South East,2021-07-01,339769.0,303136.22371967655,278133.4604665234,311744.75478271965,0.08608121559761095,-0.05276591193584898,0.22492834313107088,1.9,0.0,-0.0728045325779036,0.001648024765593,-0.0432008985094487
South East,2021-08-01,350795.0,310739.90633363073,278741.7214910121,314672.1750165403,0.10867062458741295,-0.030176502946046985,0.24751775212087287,1.9,0.0,0.1814086814086815,0.006259663921972,0.0247739605234116
South East,2021-09-01,361613.0,319467.7126334519,279444.960545535,316310.3078078363,0.1338508607122133,-0.0049962668212466255,0.27269798824567326,1.9,0.0,0.7786000242630111,-0.0055002216198883,0.0276999645569837
South East,2021-10-01,354140.0,309560.75704225356,280604.1155350967,321013.3688296775,0.09820954547080696,-0.04063758206265297,0.2370566730042669,1.9,0.0,-0.3247335391971312,-0.0035880730025311,-0.0315018328486118
South East,2021-11-01,360386.0,312544.3650655021,280908.1739172666,323907.2096024877,0.10671859459362842,-0.032128532939831506,0.24556572212708835,1.9,0.0,-0.1624850657108721,-0.0141135511046168,0.0095920473673842
South East,2021-12-01,362713.0,312922.683753258,283553.4322086935,328670.6953395834,0.09855556445553582,-0.040291563077924114,0.23740269198899575,1.9,0.0,-0.1698968705547653,-0.0236559788709738,0.0012097159542037
South East,2022-01-01,368184.0,318195.5718015666,286917.05227825476,331991.6345092797,0.10347304187275519,-0.03537408566070474,0.24232016940621512,1.9,0.0,-0.1590881966821816,-0.0556611462914362,0.016710056143264
South East,2022-02-01,367655.0,315268.9248704663,287725.0676171468,335534.3688828359,0.09142060649250183,-0.0474265210409581,0.23026773402596176,1.9,0.0,-0.2422622397298818,-0.055749957381138,-0.0092401950538114
South East,2022-03-01,369755.0,313549.7139197267,286914.8094384993,338345.66148286266,0.08877258412560352,-0.050074543407856414,0.22761971165906345,1.9,0.0,-0.3804412248929865,-0.0622291366201949,-0.005468079755813
South East,2022-04-01,370658.0,306719.495,284540.113073008,343855.12153837824,0.07505939423145058,-0.06378773330200935,0.2139065217649105,1.55,0.0,-0.1518091772791591,-0.070089887046933,-0.0220242917541853
South East,2022-05-01,376100.0,309161.6721854305,284523.9404772787,346127.8148001538,0.0830469516956498,-0.055800175837810134,0.22189407922910973,1.55,0.0,-0.03125,-0.086756443298969,0.0079307181835144
South East,2022-06-01,380603.0,310294.56403940887,284922.8354548896,349482.39031626936,0.08530366207880036,-0.05354346545465957,0.2241507896122603,1.8,0.0,-0.5382645060115003,-0.0870365945244758,0.0036577018707308
South East,2022-07-01,387054.0,313750.71183673467,285750.55234888213,352512.0107022967,0.09347952359324552,-0.04536760394021441,0.23232665112670545,2.05,0.0,0.4222425908952032,-0.0904461429079274,0.0110767063483283
South East,2022-08-01,390701.0,315163.3574329813,286802.8721189615,355543.1375412302,0.09429597638993137,-0.04455115114352856,0.2331431039233913,2.05,0.0,0.1072212593876371,-0.095643593519882,0.0044923401812813
South East,2022-09-01,391553.0,314064.72455573507,286309.2566414745,356949.50626600743,0.09252655027891343,-0.0463205772545465,0.23137367781237336,2.3,0.0,-0.3390628197258031,-0.0935828720259281,-0.0034920056020943
South East,2022-10-01,391862.0,308335.15530903323,283830.4129252975,360719.0142112039,0.08281043572066515,-0.056036691812794776,0.22165756325412508,2.55,0.0,0.3732113881103407,-0.0962959878753557,-0.0184117358877138
South East,2022-11-01,389960.0,305627.68745067087,285847.17449279525,364721.4200225293,0.06691034040401611,-0.07193678712944382,0.20575746793747604,2.55,0.0,0.1378982406086544,-0.1040175143365957,-0.0088197044521312
South East,2022-12-01,388158.0,303019.570754717,269519.98224734835,345246.1404014372,0.11715486014245613,-0.0216922673910038,0.2560019876759161,3.05,0.0,-0.009853271928885,-0.1004829168666954,-0.0085702601120143
South East,2023-01-01,387727.0,304598.8219936709,271380.56734882726,345443.1391026361,0.11547342974351515,-0.023373697789944775,0.2543205572769751,3.55,0.0,-0.077348850411581,-0.0490096451896764,0.0051981796926767
South East,2023-02-01,383401.0,297667.8600469116,272515.7206432888,351004.63917700545,0.08828199844315954,-0.05056512909030039,0.22712912597661947,3.55,0.0,-0.1979205347196435,-0.0446536368449403,-0.02301727174925
South East,2023-03-01,380362.0,293017.4290147401,272438.9525152069,353649.3552790551,0.07281753040160233,-0.0660295971318576,0.21166465793506226,4.3,0.0,-0.1438137755102041,-0.0484624860544892,-0.0157462093766476
South East,2023-04-01,379543.0,289023.15874233126,272685.21288771176,358088.13454740803,0.058188755411261894,-0.08065837212219804,0.19703588294472182,4.8,0.0,-0.3309103908484271,-0.0452451402435265,-0.0137252729814889
South East,2023-05-01,377989.0,285866.77608530084,274114.06215324736,362448.9059488558,0.041981579413192804,-0.09686554812026713,0.18082870694665273,4.8,0.0,-0.2743121442125237,-0.0328550809495626,-0.0109809345489448
South East,2023-06-01,377848.0,285325.5239543726,276345.8057830138,365956.4296119468,0.03197771680811812,-0.10686941072534181,0.17082484434157805,5.3,0.0,-0.1056266274199025,-0.0330809690748549,-0.0018951666291364
South East,2023-07-01,381968.0,289758.76546982425,279603.09931385075,368580.5206463552,0.03567763848776373,-0.1031694890456962,0.17452476602122366,5.55,0.0,-0.2306122448979591,-0.0265594455829681,0.0154180158191703
South East,2023-08-01,381601.0,288598.4714394516,282159.9331545337,373087.6054701941,0.022562300836623805,-0.11628482669683612,0.16140942837008374,5.55,0.0,-0.1681101951372221,-0.0164774040672468,-0.0040123837413208
South East,2023-09-01,379338.0,285365.63181818184,283466.80658615433,376813.8818667913,0.0066762447312509465,-0.13217088280220898,0.14552337226471088,5.8,0.0,-0.1963880288957687,-0.0146710868635316,-0.0112650731661876
South East,2023-10-01,377965.0,284332.76136363635,286265.2177406257,380533.8241869345,-0.006773468663253013,-0.14562059619671294,0.13207365887020692,6.3,0.0,-0.1816521645719196,-0.0143230212380607,-0.0036260294871688
South East,2023-11-01,375344.0,283004.24601366743,290350.52580939897,385087.2532638252,-0.025627001654099146,-0.16447412918755908,0.11322012587936078,6.3,0.0,-0.2274341830338487,0.004785417768633,-0.0046833460922428
South East,2023-12-01,367572.0,276096.0635400908,274311.45467574743,365196.1158925862,0.0064847047289564586,-0.13236242280450347,0.1453318322624164,6.55,0.0,-0.222714981070849,0.0110642157793745,-0.0247130396482671
South East,2024-01-01,369326.0,278890.2798479087,278999.8552791769,369471.10744422727,-0.000392820828968965,-0.1392399483624289,0.13845430670449096,6.55,0.0,-0.1255191508998615,0.0187099914490562,0.0100695808153528
South East,2024-02-01,367789.0,276050.24716553284,281082.6653545551,374493.82302525325,-0.01806590473216474,-0.15691303226562467,0.12078122280129519,6.55,0.0,-0.0390432098765431,0.0176916955970682,-0.0102355381848919
South East,2024-03-01,366875.0,273914.94360902254,282923.37586698827,378940.67462547275,-0.03235847091655231,-0.17120559845001224,0.10648865661690762,6.55,0.0,-0.0892613283674735,0.0235418624776804,-0.0077652706830093
South East,2024-04-01,369214.0,274628.8404494382,284661.07059972285,382701.4393259114,-0.03587873166520872,-0.17472585919866865,0.10296839586825121,6.55,0.0,0.1554764024933215,0.0261153536013947,0.0026028815355001
South East,2024-05-01,372808.0,276473.74458551157,286907.98075440514,386877.93175241543,-0.03704567963681171,-0.17589280717027164,0.10180144789664822,6.55,0.0,0.2681810753391076,0.0341683330619335,0.0066953452154248
South East,2024-06-01,373083.0,276265.0402684564,290356.5277341661,392112.8939491609,-0.04974887809906825,-0.18859600563252818,0.08909824943439168,6.55,0.0,-0.0363291139240505,0.0381953004080484,-0.0007551644020367
South East,2024-07-01,377066.0,279840.4618834081,293003.18257184315,394801.8713807917,-0.04596380918233223,-0.18481093671579216,0.0928833183511277,6.55,0.0,0.1451905626134302,0.0382259615904205,0.0128589660350666
South East,2024-08-01,381897.0,282370.60387192847,295761.57617168984,400007.8517609059,-0.04633323757652086,-0.1851803651099808,0.09251388995693907,6.55,0.0,0.1016056196688408,0.035806048395832,0.0090007444673183
South East,2024-09-01,380519.0,281561.37630402384,300060.572469604,405519.92774844775,-0.06363390564190397,-0.2024810331753639,0.07521322189155596,6.55,0.0,0.0259406703480158,0.0351031327225441,-0.002869949397418
South East,2024-10-01,381155.0,280360.6777777778,303297.0972369144,412337.44337344856,-0.07863593489251564,-0.21748306242597557,0.060211192640944294,6.55,0.0,0.2412706747177737,0.0413970064148252,-0.0042735477097153
South East,2024-11-01,377413.0,277402.7453737972,307138.3473174333,417868.990156951,-0.10182788416897104,-0.24067501170243097,0.03701924336448889,6.3,0.0,0.2058147396889791,0.03522576489533,-0.0106065045187904
South East,2024-12-01,378958.0,277511.27876106196,286358.80348469724,391039.8162389219,-0.03138400561424781,-0.17023113314770774,0.10746312191921212,6.3,0.0,0.1692179237406068,0.0321084542850704,0.0003911719074611
South East,2025-01-01,381267.0,279614.57237813884,288673.6195807409,393619.41683013417,-0.03188457824727742,-0.17073170578073735,0.10696254928618251,6.3,0.0,0.2318381706244503,0.0419462614352512,0.0075505511198521
South East,2025-02-01,379942.0,277413.5338235294,290141.6988551396,397374.330758298,-0.04486012558091801,-0.18370725311437794,0.09398700195254192,6.3,0.0,0.2725228842139071,0.0379600626460367,-0.0079028328572228
South East,2025-03-01,382857.0,278517.94945054944,,,,,,6.05,0.0,1.0438931297709924,0.0396675545406379,0.0039732129341309
South East,2025-04-01,377304.0,271101.93342981185,,,,,,6.05,0.0,-0.3213625154130702,0.0413399852444942,-0.0269876194664249
South East,2025-05-01,377277.0,270690.7955202312,,,,,,6.05,0.0,-0.1416237113402062,0.0323971043444777,-0.0015176947438746
South East,2025-06-01,381713.0,272887.69546436286,,,,,,5.8,0.0,0.0572704584263759,0.0339940555493751,0.0080831450919021
South East,2025-07-01,383034.0,273635.08057553956,,,,,,5.8,0.0,0.0415701572595392,0.0318108424898981,0.0027350573840507
South East,2025-08-01,386091.0,275224.9554917444,,,,,,5.8,0.0,-0.0019357777271692,0.028761891518898,0.0057933872336075
South East,2025-09-01,383037.0,273047.9117013639,,,,,,5.55,0.0,0.0836149705845537,0.0303824462000015,-0.0079415027164611
South East,2025-10-01,384639.0,273209.2467811159,322039.09877593216,453384.350542551,-0.16443498962177827,-0.30328211715523823,-0.02558786208831834,5.55,0.0,0.0487521150592216,0.029615221742667,0.0005906927971111
South East,2025-11-01,382798.0,272486.3182795699,321228.4819058778,451272.6407439069,-0.16456424687739357,-0.30341137441085353,-0.025717119343933642,5.55,0.0,0.0487521150592216,0.0320486074678603,-0.0047977971650443
South East,2025-12-01,378030.0,267939.89293361886,322850.0169950796,455501.38349456846,-0.1864251964553869,-0.32527232398884687,-0.04757806892192698,5.55,0.0,0.0487521150592216,0.0350341913327139,-0.0173316745200863
South East,2026-01-01,379532.0,270161.488172043,322066.63363689807,452450.10465606523,-0.1757385763503425,-0.31458570388380247,-0.03689144881688258,5.55,0.0,0.0487521150592216,-0.032119914346895,-0.0133663173133431
South West,2005-01-01,169711.0,218861.0688311688,213547.46531427532,165590.68307350655,0.024578011675504996,-0.11426911585795493,0.16342513920896493,,,,,
South West,2005-02-01,169886.0,218519.16839378237,215454.3315744665,167503.26684339187,0.014124769252539693,-0.12472235828092024,0.15297189678599962,,,,,-0.0015634017174441
South West,2005-03-01,170230.0,218114.0516129032,215422.39124517696,168129.25802116026,0.012417387271174363,-0.12642974026228557,0.1512645148046343,,,,,-0.0018556393721986
South West,2005-04-01,170941.0,218180.4794344473,215909.2936350298,169161.56137769707,0.010464224982269954,-0.12838290255118998,0.14931135251572988,5.95,0.0,,,0.0003045090750859
South West,2005-05-01,171771.0,218397.6991037132,216797.8093699994,170512.67786301058,0.0073525434433250325,-0.1314945840901349,0.14619967097678496,5.95,0.0,,,0.000995100982454
South West,2005-06-01,172333.0,219112.25224071703,218127.48151996572,171558.47237370917,0.004504496320148377,-0.13434263121331155,0.1433516238536083,5.95,0.0,,,0.0032664572321134
South West,2005-07-01,174673.0,221803.4386189258,218641.09608853597,172182.6154493808,0.014360023218793927,-0.124487104314666,0.15320715075225386,5.95,0.0,,,0.0122074122294595
South West,2005-08-01,174072.0,220476.39795918364,219786.25653391445,173527.1149270785,0.003135137552614964,-0.13571198998084497,0.1419822650860749,5.95,0.0,,,-0.0060009276134316
South West,2005-09-01,174544.0,220511.69465648857,221383.96849920016,175234.44032262973,-0.003947877512086251,-0.14279500504554618,0.13489925002137368,5.95,0.0,,,0.0001600800473813
South West,2005-10-01,174580.0,220276.92503176615,221738.16469000393,175738.1023273244,-0.006611742519220698,-0.14545887005268063,0.13223538501423923,5.95,0.0,,,-0.0010652255363954
South West,2005-11-01,174479.0,220149.48792884368,222902.25039510152,176660.69593247224,-0.012426530137254588,-0.15127365767071452,0.12642059739620534,5.95,0.0,,,-0.000578698746164
South West,2005-12-01,175463.0,220829.85931558933,216952.48767152772,172382.18808946162,0.017714158922647272,-0.12113296861081266,0.1565612864561072,5.7,0.0,,,0.003085731478615
South West,2006-01-01,174840.0,221167.03184713377,218458.75454827625,172699.01542839562,0.012320985910291071,-0.12652614162316886,0.151168113443751,5.7,0.0,,,0.001525678590454
South West,2006-02-01,174072.0,219357.22842639592,218377.70280089864,173294.69265569802,0.004475435660129534,-0.1343716918733304,0.14332256319358946,5.7,0.0,,0.0086206100540542,-0.0082166353413626
South West,2006-03-01,177272.0,223106.5855513308,218987.09004491637,173998.80568523568,0.018636840873888616,-0.12021028665957131,0.15748396840734855,5.7,0.0,,0.0073905038317587,0.0169480384696871
South West,2006-04-01,178748.0,223547.5617128463,218763.7733059202,174922.89627885263,0.02163170855856933,-0.1172154189748906,0.16047883609202926,5.7,0.0,0.1462179198559208,0.0100234780860783,0.0019745761121683
South West,2006-05-01,180567.0,224409.30037546932,217880.9606498012,175314.0861623275,0.029522756729948085,-0.10932437080351184,0.16836988426340802,5.7,0.0,0.2431066681313851,0.007548276322929,0.003847422814811
South West,2006-06-01,182781.0,226593.67415730335,218090.33994514687,175921.81500107012,0.0382490514981928,-0.10059807603526713,0.17709617903165273,5.7,0.0,0.3021215043394407,0.0051040533052513,0.0096868135508234
South West,2006-07-01,184611.0,229148.40375,218567.1996069892,176086.36423523803,0.047276328029038694,-0.09157079950442124,0.18612345556249862,5.7,0.0,0.1665584114317528,0.0025944302008689,0.0112114131057055
South West,2006-08-01,186791.0,230700.82462686565,218814.82289490048,177167.28862789526,0.052895925055207016,-0.08595120247825291,0.19174305258866695,5.7,0.0,0.2348654708520179,0.0051330095679908,0.0067518946590308
South West,2006-09-01,187122.0,230822.5416149068,219414.3304793652,177873.65159706847,0.05068733478670495,-0.08815979274675498,0.18953446232016488,5.7,0.0,0.1780707455203787,0.0026902310713756,0.0005274575450169
South West,2006-10-01,189077.0,232944.7406947891,219558.00191550696,178211.2281408848,0.05918481780049767,-0.07966230973296226,0.1980319453339576,5.7,0.0,0.2417287630402385,0.0039993588923963,0.0091520638639721
South West,2006-11-01,190479.0,234091.14727722772,220551.25271000096,179461.64369554963,0.05958045132255663,-0.0792666762109033,0.19842757885601656,5.7,0.0,0.2313411219465095,0.0040294701884318,0.0049092967561712
South West,2006-12-01,191663.0,234097.61254612549,214229.16377451256,175396.08272777312,0.08869187518781274,-0.05015525234564719,0.22753900272127267,5.95,0.0,0.1617021276595744,0.0015442487275691,2.7618214929248097e-05
South West,2007-01-01,190711.0,234957.84491315135,216046.7078639688,175361.1747616907,0.08391149028614286,-0.054935637247317065,0.2227586178196028,5.95,0.0,0.1619433198380566,-0.0050747328282529,0.0036679386959193
South West,2007-02-01,192027.0,235410.8777777778,216017.7251647305,176207.81206790707,0.0859719382545272,-0.05287518927893273,0.22481906578798713,5.95,0.0,0.1029126213592233,-0.0015217300296183,0.0019262888149516
South West,2007-03-01,194805.0,237642.95454545453,216579.5398902154,177538.51507616855,0.09281148650821258,-0.04603564102524735,0.2316586140416725,6.2,0.0,0.0524578463734499,-0.0026554900530807,0.0094369527530933
South West,2007-04-01,195621.0,238053.49632352943,216552.82929122192,177952.7781486778,0.0946608900044641,-0.044186237528995836,0.23350801753792402,6.2,0.0,0.0387901404301287,-0.0062969997412406,0.0017260666092955
South West,2007-05-01,198711.0,241222.52200489,217405.20842676182,179091.09818035364,0.10395690310193295,-0.03489022443152698,0.24280403063539288,6.45,0.0,0.0388829975256275,-0.0024507500260312,0.0132244124247602
South West,2007-06-01,200185.0,242419.1524390244,217683.23824415277,179758.56531742727,0.10762729225415057,-0.031219835279309355,0.2464744197876105,6.45,0.0,-0.0048878027105088,0.0013766916221107,0.0049484274791939
South West,2007-07-01,202786.0,247075.4576687117,219771.427889098,180376.34816678235,0.11710574449331368,-0.02174138304014625,0.25595287202677364,6.45,0.0,0.0233853006681514,0.0014347707977291,0.0190255238217975
South West,2007-08-01,204036.0,247686.7334963325,220563.45274088348,181692.75361736424,0.11597935528365788,-0.02286777224980205,0.25482648281711784,6.45,0.0,0.034876683310637,0.0063206415957206,0.0024709896979331
South West,2007-09-01,205256.0,248863.50183150175,221305.7356124106,182527.08707609697,0.11735939620457359,-0.021487731328886345,0.25620652373803354,6.7,0.0,-0.1390180471274332,0.0076431289914606,0.0047397844347187
South West,2007-10-01,204266.0,246459.46294046173,221815.21579752723,183840.80825917918,0.10535285541859096,-0.03349427211486897,0.2441999829520509,6.7,0.0,-0.09521523443751,0.0076645527089627,-0.0097070313270162
South West,2007-11-01,204249.0,245841.5236363636,222904.52846652313,185192.58407339538,0.09794355915719244,-0.04090356837626749,0.23679068669065237,6.95,0.0,-0.1157374735356386,0.0040127069529356,-0.0025104139356919
South West,2007-12-01,201864.0,241507.17108433737,213809.1171807718,178712.55514606304,0.12181552539883178,-0.01703160213462815,0.26066265293229174,6.95,0.0,-0.3186813186813186,0.0040640437933543,-0.0177879488950107
South West,2008-01-01,200690.0,241850.9344660194,213692.60945629867,177323.97803825792,0.12378298509203134,-0.01506414244142859,0.2626301126254913,6.95,0.0,-0.3111293297806927,0.0176840297242142,0.0014223965035178
South West,2008-02-01,196630.0,235245.2891566265,213170.65116003092,178178.89271180832,0.09853572933419485,-0.040311398199265075,0.23738285686765478,6.95,0.0,-0.2562137531068765,0.0162681997111633,-0.0276928096602979
South West,2008-03-01,195161.0,232367.95323741005,213805.5845145014,179570.85345930935,0.08325500209831205,-0.05559212543514788,0.22210212963177198,6.95,0.0,-0.4227345935407307,0.0139287381016157,-0.0123066328042398
South West,2008-04-01,196078.0,231792.2071428571,213614.6651280838,180701.2272986812,0.08166754976130797,-0.05717957777215196,0.2205146772947679,8.5,15.0,-0.3086594819436566,0.0140488113749202,-0.0024808091645045
South West,2008-05-01,196350.0,230467.55319148937,213900.38952687383,182235.37717999524,0.07459964830626298,-0.06424747922719695,0.2134467758397229,8.5,15.0,-0.3665362368152433,0.0092793294260173,-0.0057312259942818
South West,2008-06-01,192614.0,224490.26056338023,213765.25397361425,183411.87954231555,0.04895385456021373,-0.0898932729732462,0.18780098209367366,8.25,14.25,-0.4853762000446529,0.0045774997033403,-0.0262777620128993
South West,2008-07-01,191188.0,223090.1104582844,214748.3239487153,184039.09736188993,0.03810901644189002,-0.10073811109156991,0.17695614397534995,8.25,14.25,-0.5150007772423442,-5.810706549636002e-05,-0.0062565508368308
South West,2008-08-01,187519.0,217276.9743290548,215079.81415063568,185622.7600474268,0.01016373121033709,-0.12868339632312284,0.14901085874379702,8.0,13.5,-0.577381387528328,-0.0049874586342313,-0.0264028535559219
South West,2008-09-01,184041.0,212256.3449477352,215948.74818890702,187242.5701819224,-0.01724638413499946,-0.1560935116684594,0.12160074339846047,8.0,13.5,-0.5324485125858124,-0.0083167272473444,-0.0233782005659772
South West,2008-10-01,179934.0,208002.8661233993,218175.96311311118,188734.29236068734,-0.04775004840020536,-0.1865971759336653,0.09109707913325457,8.0,13.5,-0.4719667492041033,-0.0117171559063744,-0.0202428594455366
South West,2008-11-01,173457.0,200749.1853146853,219972.56794230707,190066.93181722,-0.09144655279609637,-0.2302936803295563,0.04740057473736356,8.0,13.5,-0.5940409683426443,-0.0045781317497626,-0.0354955644354593
South West,2008-12-01,169172.0,196476.9543859649,213521.85006289565,183848.1186342153,-0.08319402569416745,-0.22204115322762738,0.05565310183929248,8.0,13.5,-0.4485407066052227,-0.0009961388599939,-0.0215111506574707
South West,2009-01-01,167438.0,195837.37809187276,216902.7616014655,185448.58469249166,-0.10216453867008468,-0.2410116662035446,0.03668258886337525,8.0,13.5,-0.483040761678072,0.0128629169069447,-0.0032605327298025
South West,2009-02-01,167215.0,193977.2137850467,216839.6555127498,186923.20757191724,-0.11141746827192556,-0.2502645958053855,0.027429659261534373,7.5,12.0,-0.4906711222500696,0.0126473132378004,-0.0095439137743404
South West,2009-03-01,165684.0,191753.16083916085,217210.60828584625,187680.46516541397,-0.12465850368292308,-0.26350563121638304,0.014188623850536847,6.0,7.5,-0.27856093979442,0.0116796658357918,-0.0115317731695032
South West,2009-04-01,165385.0,190961.9825581395,218838.37978610568,189527.70051968872,-0.1362591014857184,-0.27510622901917836,0.0025880260477415262,5.0,4.5,-0.3321482291809107,0.0141856378785565,-0.0041345602427433
South West,2009-05-01,168112.0,193212.05555555553,218811.0894088004,190385.4796064487,-0.12442043293153482,-0.2632675604649948,0.01442669460192511,4.5,3.0,-0.265207466093729,0.0191063980422636,0.0117139551510536
South West,2009-06-01,171781.0,196745.71280276816,218503.0161489566,190777.55790649084,-0.10488772134052837,-0.2437348488739883,0.03395940619293156,4.0,1.5,-0.0786695589298626,0.0216339436723287,0.0181237777976921
South West,2009-07-01,173667.0,198905.8027681661,217696.43450785402,190073.32197211424,-0.09027023036543724,-0.22911735789889717,0.04857689716802269,3.5,0.0,0.182051282051282,0.0253194375426037,0.0109192627486134
South West,2009-08-01,175509.0,200322.34137931032,215993.77214163003,189239.25655913207,-0.07532179855198962,-0.21416892608544955,0.06352532898147031,3.5,0.0,0.1776509254454246,0.0241160109727178,0.0070964163050248
South West,2009-09-01,178055.0,202994.96555683124,216178.14973034096,189618.49790042997,-0.06292165649903225,-0.20176878403249218,0.07592547103442768,3.5,0.0,0.336335160532498,0.0277802373906803,0.0132534024827357
South West,2009-10-01,178549.0,203324.7213302752,214858.00481452825,188676.91862866934,-0.05517305372728387,-0.1940201812607438,0.08367407380617606,3.5,0.0,0.2781778596549991,0.0313918368246333,0.0016231349672839
South West,2009-11-01,179440.0,203638.7657142857,214287.69429123722,188823.49698371862,-0.050971810118563,-0.18981893765202293,0.08787531741489693,3.5,0.0,0.5541721275666229,0.0278159956445798,0.0015433544106233
South West,2009-12-01,180306.0,203458.92954545456,207836.76643233336,184185.65403872443,-0.021288830736487796,-0.16013595826994773,0.11755829679697213,3.5,0.0,0.7890966971746916,0.0230996312754088,-0.0008835038007983
South West,2010-01-01,181839.0,205656.1810933941,207735.061493734,183677.12385850804,-0.010057774383696483,-0.1489049019171564,0.12878935314976345,3.5,0.0,0.2405755395683453,-0.0067570100104563,0.0107415865004316
South West,2010-02-01,182535.0,205507.09183673467,206480.40524107506,183399.51402077364,-0.004724974529775494,-0.14357210206323542,0.13412215300368444,3.5,0.0,0.3920174958993985,-0.0114805010310674,-0.0007252071038887
South West,2010-03-01,181922.0,203662.39684329196,205327.0886972326,183408.99060870628,-0.008140556693312817,-0.14698768422677275,0.1307065708401471,3.5,0.0,0.2580907795644209,-0.0078502081933359,-0.0090168379744195
South West,2010-04-01,183875.0,204694.9271300448,204077.46980728622,183320.34548650487,0.0030210346735444205,-0.1358260928599155,0.14186816220700435,3.5,0.0,0.2454954954954955,-0.0111378954466334,0.0050570048659288
South West,2010-05-01,185803.0,206378.5,204009.27296996315,183669.9798944079,0.011546412968767683,-0.12730071456469225,0.1503935405022276,3.5,0.0,0.1056286549707601,-0.0143887252195126,0.008191151128253
South West,2010-06-01,186550.0,206976.70391061457,204009.54150354952,183875.66933099378,0.014439480610823452,-0.12440764692263648,0.15328660814428338,3.5,0.0,0.1359284256788573,-0.0120196892226933,0.0028943839224666
South West,2010-07-01,187835.0,208869.1545352743,204556.69511506337,183956.8265234155,0.020862826269439694,-0.11798430126402024,0.15970995380289962,3.5,0.0,0.0383676789587852,-0.0096969235944692,0.0091017556180084
South West,2010-08-01,189327.0,209356.02561247215,204315.2081081566,184768.4359326532,0.024372335400169476,-0.11447479213329045,0.1632194629336294,3.5,0.0,0.0329024676850764,-0.0074789995711647,0.0023282734768095
South West,2010-09-01,188980.0,208972.3162583519,205260.3172274592,185623.12675756126,0.01792277139019305,-0.12092435614326688,0.15676989892365298,3.5,0.0,-0.0266627600351596,-0.0095900791414388,-0.0018344894348487
South West,2010-10-01,187399.0,206763.56333333332,205403.8887718582,186166.66656059655,0.0065977043394020995,-0.13224942319405783,0.14544483187286203,3.5,0.0,-0.1171383647798741,-0.0084516769335554,-0.0106258507658019
South West,2010-11-01,185013.0,203452.8338870432,205560.60413638843,186929.73367085474,-0.010306697590111824,-0.14915382512357175,0.1285404299433481,3.5,0.0,-0.0853127196064652,-0.0095192452262816,-0.0161417308237084
South West,2010-12-01,183123.0,199387.21381578947,205389.41432066774,188635.59502562837,-0.029659027085207512,-0.16850615461866744,0.10918810044825242,3.5,0.0,-0.2699065836298933,-0.0094135826751003,-0.0201854713271156
South West,2011-01-01,182406.0,198389.00109529024,205869.2347930925,189283.59654188668,-0.037011429385771066,-0.175858556919231,0.10183569814768886,3.5,0.0,0.0431454418928323,-0.0381610696855893,-0.0050189768945703
South West,2011-02-01,181130.0,195502.27173913043,205016.42952127912,189944.72825737845,-0.047518120426378374,-0.1863652479598383,0.09132900710708156,3.5,0.0,-0.0606834249803613,-0.0413981657569453,-0.0146577557793445
South West,2011-03-01,181050.0,194992.02819956615,205343.32793988602,190661.1765967522,-0.05172467201250264,-0.19057179954596257,0.08712245552095729,3.5,0.0,-0.0745834007442161,-0.0443578975765478,-0.0026133228066829
South West,2011-04-01,181691.0,193582.79291845497,204641.7312903967,192070.58767638443,-0.05555550663162734,-0.19440263416508727,0.08329162090183259,3.5,0.0,-0.0350156172940983,-0.0410251532682649,-0.0072533853612082
South West,2011-05-01,180882.0,192308.16488222696,204655.7083340285,192495.90290431282,-0.06222998492439302,-0.20107711245785295,0.07661714260906691,3.5,0.0,-0.0608264462809917,-0.0459668635796742,-0.0066061805597037
South West,2011-06-01,182891.0,194652.4790996785,205600.08348554024,193177.11771602117,-0.05471712947212737,-0.1935642570055873,0.08412999806133256,3.5,0.0,-0.0672930772419511,-0.0458752538259347,0.0121166993875583
South West,2011-07-01,184599.0,196470.3183279743,205852.87637274197,193414.63610852795,-0.046650353133573574,-0.1854974806670335,0.09219677439988636,3.5,0.0,-0.0658049353701527,-0.0437842145573484,0.00929555796694
South West,2011-08-01,185275.0,196138.6727078891,205760.66402523572,194364.0512141703,-0.04789174535097551,-0.18673887288443544,0.09095538218248442,3.5,0.0,0.0483503981797497,-0.045921009608617,-0.001689445257444
South West,2011-09-01,182896.0,192389.54237288135,206339.24977143167,196157.3532570307,-0.06999947459724787,-0.2088466021307078,0.06884765293621206,3.5,0.0,0.1034015653220952,-0.0456932062982473,-0.0192997396932774
South West,2011-10-01,183152.0,192454.95873015872,206509.61880045882,196527.2807315545,-0.07048484573621572,-0.20933197326967565,0.06836228179724421,3.5,0.0,-0.0051944197091124,-0.05175871558025,0.0003399625444568
South West,2011-11-01,182349.0,191408.6226215645,207504.81044359243,197683.33401776277,-0.08074399398919319,-0.21959112152265312,0.058103133544266744,3.5,0.0,0.0714505224339274,-0.0506524843649972,-0.0054516174540228
South West,2011-12-01,180895.0,188884.05362776024,205468.71338077722,196778.19378159026,-0.08416042208421715,-0.22300754961767708,0.054686705449242784,3.5,0.0,0.1238385376999238,-0.0484948763749177,-0.0132771743343553
South West,2012-01-01,183323.0,192431.0137420719,206546.50652837002,196770.38789107557,-0.07078788092999844,-0.20963500846345837,0.06805924660346149,3.5,0.0,0.1703357794084945,-0.0327320120025145,0.0186043653876755
South West,2012-02-01,183044.0,191127.9621451104,206449.98367653595,197717.9601977701,-0.07711501066540727,-0.2159621381988672,0.06173211686805266,3.5,0.0,0.1381977838176875,-0.0265533953411167,-0.0067945567275558
South West,2012-03-01,181525.0,188945.8333333333,206072.85071065408,197979.35506340786,-0.08676937263548012,-0.22561650016894005,0.052077754897979806,3.5,0.0,0.3104895104895104,-0.0242472050902557,-0.0114827847360956
South West,2012-04-01,184271.0,190605.315625,205512.26888497118,198682.55602172442,-0.07530085502275163,-0.21414798255621156,0.0635462725107083,3.5,0.0,-0.087052810902896,-0.0252010788233162,0.0087445018714795
South West,2012-05-01,183733.0,190246.9958289885,206139.04722768968,199080.91268011523,-0.08022772166289016,-0.2190748491963501,0.05861940587056977,3.5,0.0,0.1432594156986977,-0.0207869947713502,-0.0018816737667606
South West,2012-06-01,185129.0,192495.3895287958,207052.46794424814,199129.00995645215,-0.07290002653614103,-0.21174715406960096,0.0659471009973189,3.5,0.0,0.0754074074074073,-0.0176624109875983,0.0117489969733437
South West,2012-07-01,186786.0,194015.16527196657,207557.0974318864,199823.34858497823,-0.06747014265224927,-0.2063172701857092,0.07137698488121066,3.5,0.0,-0.0043326345213137,-0.014604066553719,0.0078641245718191
South West,2012-08-01,185340.0,191511.57127991677,207896.12675757462,201196.5536898582,-0.08209033314229686,-0.22093746067575679,0.05675679439116307,3.5,0.0,0.0538524145415084,-0.0156348154380768,-0.0129880962796526
South West,2012-09-01,184995.0,190362.73056994815,208371.80785104336,202496.26845544495,-0.09039266131022927,-0.2292397888436892,0.04845446622323066,3.5,0.0,-0.1242668121675077,-0.0155085603021101,-0.0060168708411776
South West,2012-10-01,185136.0,189525.82268041236,208651.96289119901,203819.13797025484,-0.09614233188982091,-0.23498945942328084,0.04270479564363902,3.5,0.0,0.0665373713262718,-0.0133180703835847,-0.0044060777105219
South West,2012-11-01,184755.0,188746.62037037036,208388.40387644008,203981.39835639452,-0.09899818209761868,-0.2378453096310786,0.03984894543584125,3.5,0.0,0.1029685931449877,-0.0173642335035717,-0.0041198000354345
South West,2012-12-01,181353.0,184511.8125,205551.4951204443,202032.48664406207,-0.1079831012515875,-0.24683022878504743,0.03086402628187243,3.5,0.0,-0.0634318243426402,-0.0183484311489402,-0.022691996824939
South West,2013-01-01,183206.0,187356.9083419156,209292.06187198363,204655.17832597793,-0.11071530315038558,-0.2495624306838455,0.02813182438307435,3.5,0.0,0.0258407752232567,-0.0145904826171234,0.0153019127279225
South West,2013-02-01,182642.0,185443.25766871165,208592.96079525986,205442.00972584507,-0.11763585033246926,-0.2564829778659292,0.02121127720099067,3.5,0.0,0.0308596620132255,-0.0147238737677175,-0.0102664518736137
South West,2013-03-01,183856.0,186105.003058104,208095.1103462897,205580.36581038288,-0.11168418947438852,-0.2505313170078485,0.027162938059071412,3.5,0.0,-0.0963180362860192,-0.0166056350044094,0.0035621003194261
South West,2013-04-01,186599.0,188497.26042726348,208155.80253580216,206059.57088891594,-0.09920337671570323,-0.23805050424916316,0.0396437508177567,2.3,0.0,0.1528270199664116,-0.0165202536165418,0.0127724262449966
South West,2013-05-01,186128.0,187639.6994923858,208392.25830668525,206713.36800814196,-0.10489852900123076,-0.24374565653469069,0.033948598532229174,2.3,0.0,0.2033559113300491,-0.0123484072480754,-0.0045598412925897
South West,2013-06-01,186532.0,188429.57884028484,209307.44044033927,207199.61123147383,-0.10507982795275339,-0.24392695548621332,0.03376729958070654,2.3,0.0,0.0724617715938835,-0.01538050599359,0.0042007180853502
South West,2013-07-01,188269.0,190184.2492370295,209829.5992622993,207716.51165643526,-0.09830243414413786,-0.2371495616775978,0.04054469338932207,2.3,0.0,0.1975014037057831,-0.0174924259603249,0.0092689850669867
South West,2013-08-01,189653.0,190805.905775076,210028.83824722038,208759.7818227659,-0.09598813504130099,-0.23483526257476092,0.04285899249215894,2.3,0.0,0.1693911700347534,-0.0164636222178752,0.003263376134889
South West,2013-09-01,191153.0,191538.77800201817,209859.2090963021,209436.5319380014,-0.09134658878687318,-0.2301937163203331,0.047500538746586746,2.3,0.0,0.2560747663551401,-0.0153264136231306,0.0038335729805041
South West,2013-10-01,190381.0,190765.2199798184,210313.85196490175,209890.25911099458,-0.09755749100333411,-0.23640461853679404,0.04128963653012582,2.3,0.0,0.2271646384109666,-0.0152188838856879,-0.0040468270380866
South West,2013-11-01,190595.0,190787.1320564516,210944.90173110948,210732.46980590193,-0.10043865545171649,-0.23928578298517642,0.038408472081743444,2.3,0.0,0.2224678195293199,-0.01011639105608,0.0001148575105904
South West,2013-12-01,191692.0,191114.61445783137,204156.39634471812,204773.18304062358,-0.06601302509913864,-0.20486015263259857,0.07283410243432129,2.3,0.0,0.3173661360347322,-0.0090753179222972,0.0017150090809288
South West,2014-01-01,191343.0,191922.82727272727,205333.82967881166,204713.48578250105,-0.06754374218957615,-0.20639086972303608,0.07130338534388378,2.3,0.0,0.4030375995554731,0.0062703929913545,0.0042200261711951
South West,2014-02-01,192051.0,191664.967839196,204761.5196169317,205173.92952552575,-0.06609709437360856,-0.20494422190706849,0.07275003315985137,2.3,0.0,0.3382038488952246,0.0071826848280205,-0.001344461297565
South West,2014-03-01,193627.0,192850.16148445333,204897.10582681998,205722.47181202372,-0.06059440832530072,-0.19944153585876065,0.07825271920815921,2.3,0.0,0.1703572483023323,0.0093458219047721,0.0061646333694067
South West,2014-04-01,196976.0,195401.76623376625,204810.53920085734,206460.57375635268,-0.0470275741477586,-0.18587470168121853,0.09181955338570133,2.3,0.0,0.3133700226610554,0.010410997852595,0.0131442566235175
South West,2014-05-01,196985.0,195606.105,205103.75472580938,206549.6019393851,-0.04741300294618611,-0.18626013047964604,0.09143412458727382,2.3,0.0,0.1248560828962517,0.0084251211137831,0.0010451901348744
South West,2014-06-01,197646.0,195870.7365269461,205333.77982157562,207194.8110586292,-0.047181915174579814,-0.18602904270803974,0.09166521235888012,2.3,0.0,0.1939627488760436,0.0114873276107563,0.0013519653741038
South West,2014-07-01,201750.0,200538.28828828823,206475.04626740955,207722.62962854197,-0.02917437123245925,-0.16802149876591918,0.10967275630100068,2.3,0.0,0.1186261868479663,0.0074187088172623,0.0235502584024871
South West,2014-08-01,204353.0,202517.49401197603,206522.10253929932,208393.90407288814,-0.019581167764188834,-0.15842829529764876,0.1192659597692711,2.3,0.0,0.0836543753439735,0.0104439902251218,0.0098210804510969
South West,2014-09-01,205994.0,203940.221335992,206651.78042232545,208732.865824363,-0.013208238327123922,-0.15205536586058385,0.125638889206336,2.3,0.0,0.1305803571428572,0.0115180728409338,0.0070006452372748
South West,2014-10-01,204759.0,202515.624501992,207134.9763097366,209429.52287510128,-0.02255359862969719,-0.16140072616315712,0.11629352890376274,2.3,0.0,0.1242448421292601,0.0146048571668337,-0.0070098766304553
South West,2014-11-01,203453.0,201827.001998002,208162.79291421807,209839.8345489751,-0.030909527118819113,-0.16975665465227904,0.10793760041464082,2.3,0.0,-0.1049776643267389,0.0135942945600939,-0.0034061368979099
South West,2014-12-01,204203.0,202571.007992008,205527.24722368794,207183.05586194523,-0.014488133211779441,-0.15333526074523937,0.12435899432168049,2.3,0.0,-0.0041744479841809,0.0176579045217424,0.0036795771248563
South West,2015-01-01,205460.0,205460.0,207367.7271185158,207367.7271185158,-0.009242308949028555,-0.14808943648248848,0.12960481858443137,2.3,0.0,-0.1188118811881188,0.0085255842327387,0.0141608859565778
South West,2015-02-01,202730.0,202322.5025125628,207698.07672066608,208116.4011450783,-0.026222499581638914,-0.16506962711509884,0.11262462795182102,2.3,0.0,-0.0893475366178429,0.0105262628750673,-0.0153883964214358
South West,2015-03-01,204718.0,203896.66399197592,208392.2744553822,209231.719669704,-0.021808921994590946,-0.16065604952805088,0.11703820553886898,2.3,0.0,-0.0131180625630675,0.0135884636716583,0.0077503450792768
South West,2015-04-01,207065.0,205821.36636636633,208822.63837251064,210084.40658019957,-0.014476632422494973,-0.1533237599559549,0.12437049511096496,2.3,0.0,-0.0918166132610303,0.0135884636716585,0.0093953225871494
South West,2015-05-01,207988.0,206325.75824175825,209658.4412306882,211347.53239870985,-0.016023465789258395,-0.15487059332271833,0.12282366174420153,2.3,0.0,-0.0525417946093483,0.0156176698051349,0.0024476314262038
South West,2015-06-01,210000.0,208113.7724550898,209756.2604608996,211657.37460404975,-0.007861279035076052,-0.14670840656853598,0.13098584849838388,2.3,0.0,0.0564819795589026,0.0125758877838744,0.0086286426585182
South West,2015-07-01,212376.0,210889.368,210802.29896341907,212288.31718370502,0.00041295118988493584,-0.138434176343575,0.13926007872334487,2.3,0.0,0.081001781410458,0.0135884636716583,0.0132487605783637
South West,2015-08-01,215432.0,213284.12362911264,211820.23902722873,213953.37335781514,0.006887204728617036,-0.1319599228048429,0.14573433226207697,2.3,0.0,-0.0425596749619096,0.0125748752079868,0.011291516892351
South West,2015-09-01,216615.0,214669.35628742515,212714.67108903607,214642.5986215651,0.009147271318637351,-0.12969985621482258,0.14799439885209728,2.3,0.0,0.0303828013600964,0.0125779068783664,0.0064737760584563
South West,2015-10-01,216413.0,214255.3429710867,213060.42846480335,215206.0521150028,0.005592668001956014,-0.13325445953150392,0.14443979553541594,2.3,0.0,0.0396431106154313,0.0146000290046639,-0.0019304714586514
South West,2015-11-01,218598.0,216418.5583250249,214706.95260396384,216869.15756472884,0.007940215414301122,-0.1309069121191588,0.14678734294776105,2.3,0.0,0.110992275698158,0.0145990204649502,0.010045807464639
South West,2015-12-01,218950.0,216767.0488534397,212090.99205512207,214226.85300230357,0.021807878934776426,-0.1170392485986835,0.16065500646823636,2.3,0.0,0.0854936569222284,0.0115673500850748,0.0016089666776561
South West,2016-01-01,218652.0,218212.4984924623,213368.71587917436,213798.46153049194,0.022447622125616462,-0.11639950540784347,0.1612947496590764,2.3,0.0,0.0898876404494382,0.0122437066365881,0.0066460824116756
South West,2016-02-01,219595.0,218494.82464929865,214235.50572755138,215314.2343565924,0.01968642446341562,-0.11916070307004431,0.15853355199687555,2.3,0.0,0.1713700833455183,0.012227445611878,0.0012929766972433
South West,2016-03-01,225467.0,223441.8473053892,215339.08387165016,217290.79762275273,0.036937269126511296,-0.10190985840694863,0.17578439665997123,2.3,0.0,0.9134713701431494,0.0112172752775436,0.0223888607311604
South West,2016-04-01,219704.0,217730.6107784431,216676.86516380525,218640.70382087902,0.004851425170006252,-0.13399570236345368,0.14369855270346618,2.3,0.0,-0.1566019812729,0.0092049631438706,-0.0258926209001106
South West,2016-05-01,223257.0,220810.95717131472,217651.84348978993,220062.89110145933,0.01441020010554972,-0.12443692742791021,0.15325732763900965,2.3,0.0,-0.1540031208738447,0.0112294465202875,0.0140483697711371
South West,2016-06-01,225556.0,222641.26043737575,219575.1787697595,222449.77829041093,0.013867104561029464,-0.12498002297243047,0.1527142320944894,2.3,0.0,-0.115682281059063,0.0112354957734042,0.0082548404847582
South West,2016-07-01,227453.0,224513.74652087476,220845.10105809837,223736.32594606944,0.01647538144376348,-0.12237174608969645,0.1553225089772234,2.3,0.0,-0.125436215587437,0.0102333041034621,0.0083751585000335
South West,2016-08-01,228579.0,224954.35777998017,221526.70727687623,225096.1204857685,0.015354370485409774,-0.12349275704805016,0.1542014980188697,2.3,0.0,-0.0169743263314237,0.0082168703627367,0.0019605902889594
South West,2016-09-01,228885.0,224809.8961424332,222789.01640638965,226827.48800288013,0.009029930195023184,-0.12981719733843675,0.1478770577284831,2.3,0.0,-0.0512028954651905,0.0082348563921386,-0.0006423882789921
South West,2016-10-01,227406.0,223136.51976284583,225040.57932160542,229346.491715473,-0.00849695809293749,-0.14734408562639742,0.13035016944052244,2.3,0.0,-0.1879266627657499,0.0052370958734746,-0.0074713586461232
South West,2016-11-01,228886.0,224145.75739644968,226764.0434932195,231559.65770606708,-0.011613477992796106,-0.15046060552625604,0.12723364954066382,2.3,0.0,-0.070167932399187,0.005246017885047,0.0045127625121903
South West,2016-12-01,228054.0,222235.1540726202,223712.50375719255,229570.0315494252,-0.006625688298775856,-0.14547281583223579,0.13222143923468407,2.05,0.0,-0.0490853658536585,0.0032632841219601,-0.0085604690630898
South West,2017-01-01,230507.0,225733.1863905325,224791.2601293586,229545.1538481064,0.004181471797553016,-0.13466565573590691,0.14302859933101295,2.05,0.0,-0.0498969072164948,0.0003050328914402,0.0156176367936957
South West,2017-02-01,230810.0,224480.2448579824,224428.51140111152,230756.80779510055,0.00023048539988934635,-0.13861664213357058,0.13907761293334928,2.05,0.0,-0.096242666333791,-0.0027803430204497,-0.0055660035010163
South West,2017-03-01,229946.0,222767.19804878047,224705.26428129137,231946.52153909733,-0.008662335738568672,-0.1475094632720286,0.13018479179489126,2.05,0.0,-0.4064524747845836,-0.0066312259506057,-0.0076604359107541
South West,2017-04-01,232109.0,223988.5685131195,224706.04738402783,232852.4901894911,-0.003198074846455512,-0.14204520237991544,0.13564905268700442,2.05,0.0,0.1922767497988737,-0.0065418863668404,0.0054677459078043
South West,2017-05-01,234080.0,225015.91481122945,224908.04511234496,233967.78509672947,0.00047950191836498846,-0.13836762561509494,0.13932662945182492,2.05,0.0,0.15394438138479,-0.0104037254868918,0.0045761150681311
South West,2017-06-01,236500.0,227342.20716360115,225802.70541550693,234898.48408279827,0.006794769745592788,-0.13205235778786714,0.14564189727905272,2.05,0.0,0.1407185628742515,-0.0122680633506611,0.010285270660173
South West,2017-07-01,240231.0,231152.50290697673,227143.23614137754,236064.2695849966,0.017496863735022572,-0.12135026379843736,0.1563439912684825,2.05,0.0,-0.0033252050543116,-0.0103004698513599,0.0166212755820165
South West,2017-08-01,241705.0,231226.45953757223,227742.51489617032,238063.17267092122,0.015181904456067485,-0.12366522307739244,0.15402903198952742,2.05,0.0,0.0321605870925965,-0.0093414586787352,0.0003198961770891
South West,2017-09-01,240679.0,229581.409221902,228181.34073685986,239211.25448849055,0.006117023942250555,-0.13273010359120938,0.14496415147571048,2.05,0.0,0.021541568495456,-0.0121306350956522,-0.0071398837373699
South West,2017-10-01,242236.0,230844.86372360843,228935.939560438,240232.87917620988,0.00830367478609162,-0.1305434527473683,0.14715080231955155,2.05,0.0,0.09343100756575,-0.0130250481695567,0.0054882084158158
South West,2017-11-01,240656.0,228462.14913957936,229314.7249454919,241554.0808589975,-0.0037248574138928348,-0.14257198494735276,0.1351222701195671,2.05,0.0,0.0408374554239043,-0.0129969415567364,-0.0103753519619118
South West,2017-12-01,240621.0,227775.6463298379,221962.4363673547,234479.95543741703,0.025852975173181747,-0.11299415236027818,0.16470010270664168,2.05,0.0,-0.0350539702896227,-0.0148281921771901,-0.0030094101570306
South West,2018-01-01,243733.0,231826.5028735632,222637.5717932712,234072.12986120358,0.04044404872664309,-0.09840307880681684,0.17929117626010302,2.05,0.0,-0.0034722222222222,-0.0010832400600515,0.0176281222824741
South West,2018-02-01,242054.0,229132.1468064823,222681.35628000938,235239.4186684087,0.028557043399359827,-0.1102900841341001,0.16740417093281976,2.05,0.0,-0.0251381215469613,-0.0012240865006598,-0.0116903620493129
South West,2018-03-01,241882.0,228751.26285714284,222617.27397221897,235395.9090340684,0.02718118804334324,-0.11166593949011669,0.16602831557680317,2.3,0.0,-0.0719108710330858,0.0008773423932162,-0.0016636725819374
South West,2018-04-01,241533.0,227554.33491461095,222732.64980486527,236415.1187254059,0.021416872233997353,-0.11743025529946258,0.16026399976745728,2.3,0.0,-0.0412955465587044,0.0038415563404186,-0.0052461801633381
South West,2018-05-01,242381.0,227489.91776937616,222672.46412058576,237248.20447087588,0.021403998912417066,-0.11744312862104286,0.160251126445877,2.3,0.0,-0.0111889831550473,0.0039344745202993,-0.0002831247523076
South West,2018-06-01,243801.0,228822.6776937618,223321.93861683502,237940.1924034355,0.0243329690917804,-0.11451415844167953,0.16318009662524033,2.3,0.0,-0.0569351907934585,0.004026690105247,0.0058414504767014
South West,2018-07-01,247941.0,232708.32986767485,223721.13866727168,238365.52337358857,0.03938550662405049,-0.09946162090940944,0.17823263415751042,2.3,0.0,-0.0262455516014235,0.004026690105247,0.0168384958742322
South West,2018-08-01,249459.0,232594.16619718308,224023.7565492285,240267.170921378,0.03754305667763447,-0.10130407085582546,0.1763901842110944,2.3,0.0,0.0320995399414469,0.0030547378398981,-0.0004907073301687
South West,2018-09-01,249819.0,232711.31988742968,223627.72375052152,240067.62690640072,0.03981599322119855,-0.09903113431226138,0.17866312075465848,2.3,0.0,-0.1042284459088412,0.0022552728779776,0.0005035560345856
South West,2018-10-01,247946.0,230750.1199625117,224531.1108129034,241263.5400174904,0.027321117451272414,-0.11152601008218752,0.16616824498473234,2.3,0.0,0.0120812740252609,0.0042090451268885,-0.008463321703358
South West,2018-11-01,247975.0,230130.0700934579,224807.93472719777,242240.17135760485,0.02339825699549003,-0.1154488705379699,0.16224538452894996,2.3,0.0,0.0721706454465074,0.0042316472371153,-0.0026907220424234
South West,2018-12-01,247636.0,229600.88515406163,217771.65383544817,234877.58434820242,0.052895465288981924,-0.085951662244478,0.19174259282244185,2.55,0.0,-0.0709934655000553,0.005260251952297,-0.0023021515826808
South West,2019-01-01,245759.0,229575.43461900283,218788.99483496428,234212.18681728805,0.048123895190217425,-0.0907232323432425,0.18697102272367735,2.55,0.0,-0.0319396051103367,0.0096884261774081,-0.0001108529947604
South West,2019-02-01,246349.0,229049.2106741573,218925.06614166152,235460.19198317672,0.0452073667130648,-0.09363976082039513,0.18405449424652473,2.55,0.0,-0.0062340606404081,0.0124383674378667,-0.0022947924023437
South West,2019-03-01,244233.0,226657.35420560747,219076.8908940123,236064.72634098,0.034016656103043275,-0.10483047143041666,0.1728637836365032,2.55,0.0,-0.0240087304474354,0.0125246296217269,-0.0104974499704617
South West,2019-04-01,244108.0,225278.10780669143,218933.48606590554,237233.0624440225,0.02856770654758556,-0.11027942098587437,0.1674148340810455,2.55,0.0,0.0387105855855856,0.0115954844915091,-0.0061037506322083
South West,2019-05-01,243728.0,224302.04263206673,219927.1131000277,238974.17425471288,0.01969736081312945,-0.11914976672033048,0.15854448834658938,2.55,0.0,-0.0024869435463814,0.0097868255441975,-0.0043421254574393
South West,2019-06-01,243886.0,224447.44949026877,220059.25258639178,239117.7578456362,0.019744761759721285,-0.11910236577373864,0.15859188929318122,2.55,0.0,-0.1023335474202525,0.010800815723075,0.0006480536060475
South West,2019-07-01,249181.0,229320.4198331789,220571.6129550895,239674.49182129063,0.03889782134753261,-0.09994930618592732,0.17774494888099254,2.55,0.0,0.0114207400639561,0.010800815723075,0.0214786370254476
South West,2019-08-01,249320.0,228389.99999999997,220330.9146399535,240522.36804603186,0.035924120291257466,-0.10292300724220246,0.1747712478247174,2.55,0.0,-0.0541991692837605,0.010800815723075,-0.0040655448266466
South West,2019-09-01,249763.0,228584.93917050693,221497.57741369837,242019.0045255415,0.031496214055493965,-0.10735091347796596,0.1703433415889539,2.55,0.0,0.0246444335458557,0.0127953209913012,0.0008531723104354
South West,2019-10-01,249635.0,228889.70914127424,222145.0948678261,242279.09138152632,0.029909519200638,-0.10893760833282193,0.16875664673409793,2.55,0.0,-0.0232230059685295,0.0128119741239454,0.0013324017712452
South West,2019-11-01,247600.0,226605.3456221198,222971.32159961632,243629.28895829176,0.016166778383274405,-0.12268034915018552,0.15501390591673433,2.55,0.0,-0.0508195031440057,0.0156342159689673,-0.0100303291868577
South West,2019-12-01,247416.0,226436.94746543776,216711.17315742577,236789.1469041359,0.04390106083318379,-0.09494606670027614,0.18274818836664372,2.55,0.0,0.0376728659990461,0.016612394289514,-0.0007434103482477
South West,2020-01-01,248521.0,228078.88447319777,218037.973810066,237580.14870341535,0.04502231423840897,-0.09382481329505096,0.1838694417718689,2.55,0.0,0.065236952609478,0.014108114594824,0.0072250251143568
South West,2020-02-01,247281.0,226105.00276243093,218191.47852792288,238626.3299912631,0.035626486221882914,-0.10322064131157702,0.17447361375534284,2.55,0.0,0.0116909039064727,0.009323834470275,-0.0086920482814818
South West,2020-03-01,250417.0,228972.4502762431,218691.72890673886,239173.43161401653,0.04593858423544539,-0.09290854329801454,0.18478571176890532,2.55,0.0,-0.0745434215430488,0.0103362900975407,0.0126021864808407
South West,2020-04-01,247576.0,226583.3806451613,220321.4033256371,240733.85962569612,0.028025599201622953,-0.11082152833183698,0.16687272673508288,2.55,0.0,-0.5603740344220084,0.012228305622068,-0.0104886881966539
South West,2020-05-01,247280.0,226312.47926267283,220950.66701848354,241421.4236808204,0.023977245456096696,-0.11486988207736323,0.16282437298955663,2.55,0.0,-0.4977561705310396,0.0188425128889175,-0.0011963077553946
South West,2020-06-01,250343.0,228904.78729281767,221583.65310290584,242336.2006744771,0.03250595651552857,-0.10634117101793136,0.1713530840489885,2.55,0.0,-0.2907226329596947,0.0216831518653737,0.0113894451870564
South West,2020-07-01,254397.0,231545.5737855179,221534.39339039623,243397.80784382907,0.04419886482420665,-0.09464826270925328,0.18304599235766658,1.9,0.0,-0.2028003613369466,0.0207423754824405,0.0114705760741777
South West,2020-08-01,255918.0,234002.37016574584,223477.77030790976,244407.7125421853,0.0460192968224451,-0.09282783071101483,0.18486642435590503,1.9,0.0,-0.2152956298200514,0.0160643627625394,0.0105545270641407
South West,2020-09-01,260328.0,236943.8166819432,224008.31281298122,246115.8804420569,0.0561398906794377,-0.08270723685402223,0.19498701821289763,1.9,0.0,-0.0136412588249371,0.0254724142937587,0.0124918083982787
South West,2020-10-01,262275.0,238715.925756187,225771.63427207223,248053.22556981954,0.05575022924683637,-0.08309689828662356,0.1945973567802963,1.9,0.0,0.1153205199422287,0.0217143962904127,0.0074511972115232
South West,2020-11-01,263680.0,240435.4820936639,227290.83866331144,249264.57533166785,0.056221362831916366,-0.08262576470154356,0.1950684903653763,1.9,0.0,0.0907906168549088,0.0198310517811215,0.0071775380036687
South West,2020-12-01,266843.0,242651.18956043952,218997.14518260158,240830.69742135043,0.10256628417503677,-0.03628084335842316,0.2414134117084967,1.9,0.0,0.2922794117647058,0.0235908230971901,0.0091731903773695
South West,2021-01-01,263614.0,240154.7724770642,218520.16161233728,239866.0384264327,0.09440531770979455,-0.044441809823665385,0.23325244524325447,1.9,0.0,0.1796424046177671,0.0292221183642094,-0.0103413773967808
South West,2021-02-01,264702.0,240924.91842346473,220674.79001730587,242453.36949534813,0.08779526378150138,-0.051051863751958554,0.2266423913149613,1.9,0.0,0.5025366403607667,0.0282596022665384,0.0032017423261656
South West,2021-03-01,268671.0,243866.82175502743,222726.4330489671,245380.3804184995,0.09067800305488483,-0.048169124478575104,0.22952513058834476,1.9,0.0,1.0385286615653109,0.0311149546423283,0.0121369206638775
South West,2021-04-01,265562.0,239512.32152588555,223138.9046867607,247407.78858018483,0.07081039388371835,-0.06803673364974158,0.20965752141717828,1.9,0.0,2.0499383477188657,0.0282873999221024,-0.0180174014041529
South West,2021-05-01,262927.0,235637.6453068592,223304.83042909854,249165.91351001125,0.05375743321925164,-0.08508969431420829,0.19260456075271157,1.9,0.0,1.160337552742616,0.0208088585410688,-0.0163096385527357
South West,2021-06-01,281947.0,251548.40161725064,223924.80905348423,250985.2089391017,0.11632510114619876,-0.022522026387261168,0.2551722286796587,1.9,0.0,2.216207128446537,0.0143597051026325,0.0653401989347184
South West,2021-07-01,258746.0,230848.85714285713,225805.0171244496,253092.63248692086,0.022091327494973,-0.11675580003848693,0.16093845502843293,1.9,0.0,-0.0728045325779036,0.0107335269674573,-0.0858722244892629
South West,2021-08-01,272401.0,241297.22836752905,226698.8148776089,255920.81719818688,0.062407156526122165,-0.07643997100733776,0.2012542840595821,1.9,0.0,0.1814086814086815,0.0153869962444712,0.0442662880210669
South West,2021-09-01,283935.0,250842.93149466187,228315.515703651,258435.68947724448,0.09409845918314552,-0.04474866835031441,0.23294558671660545,1.9,0.0,0.7786000242630111,0.003520442029242,0.0387974860042437
South West,2021-10-01,276090.0,241335.71302816903,228744.2953586067,261685.3167445893,0.053584198761315704,-0.08526292877214423,0.19243132629477563,1.9,0.0,-0.3247335391971312,0.0054499348933243,-0.0386380080348782
South West,2021-11-01,284105.0,246389.75109170304,228951.60003953922,263997.56500027434,0.0734040085221217,-0.06544311901133823,0.21225113605558163,1.9,0.0,-0.1624850657108721,-0.0051710151231542,0.020725671915974
South West,2021-12-01,285237.0,246081.96437880103,238065.63213979933,275945.1587038359,0.033118268020613684,-0.10572885951284625,0.1719653955540736,1.9,0.0,-0.1698968705547653,-0.0147999979930391,-0.0012499672298229
South West,2022-01-01,291018.0,251506.4177545692,241107.49013812403,278985.40399668127,0.042225655899827075,-0.09662147163363285,0.181072783433287,1.9,0.0,-0.1590881966821816,-0.075144901641049,0.0218038381559271
South West,2022-02-01,291034.0,249565.42487046632,242270.31002171917,282526.70594677824,0.02966701839109298,-0.10918010914236695,0.1685141459245529,1.9,0.0,-0.2422622397298818,-0.0752318803656656,-0.0077474023784169
South West,2022-03-01,291647.0,247314.6635354398,241561.77810652167,284862.88233911066,0.023536216948393474,-0.11531091058506646,0.1623833444818534,1.9,0.0,-0.3804412248929865,-0.0815773801075119,-0.009059637454488
South West,2022-04-01,296983.0,245753.4325,238607.37397194002,288347.2797243988,0.029509312026860357,-0.10933781550659957,0.1683564395603203,1.55,0.0,-0.1518091772791591,-0.0892759462318916,-0.0063327409158002
South West,2022-05-01,301875.0,248147.2475165563,240716.8446648277,292835.79894774605,0.030400985627537125,-0.1084461419059228,0.16924811316099705,1.55,0.0,-0.03125,-0.1055986353399884,0.0096935835809262
South West,2022-06-01,299771.0,244394.5837438424,240313.9136541037,294765.70677814534,0.01683802336246565,-0.12200910417099428,0.15568515089592558,1.8,0.0,-0.5382645060115003,-0.1058730064390957,-0.0152382443462837
South West,2022-07-01,309032.0,250505.12326530612,240385.7038355823,296548.3254769268,0.041234639817950836,-0.0976124877155091,0.18008176735141077,2.05,0.0,0.4222425908952032,-0.1092122084566266,0.0246953068617212
South West,2022-08-01,314238.0,253483.61819658816,242739.06998389127,300918.22270913405,0.04331211809971691,-0.09553500943374302,0.18215924563317684,2.05,0.0,0.1072212593876371,-0.1143024244083031,0.0118198259717612
South West,2022-09-01,314370.0,252156.22778675283,243646.1766187288,303760.28867470915,0.034331769893737984,-0.10451535763972195,0.17317889742719791,2.3,0.0,-0.3390628197258031,-0.1122842200608948,-0.0052503514888577
South West,2022-10-01,313800.0,246912.36133122025,241559.7982714324,306997.44755140756,0.0219164069110942,-0.11693072062236573,0.16076353444455413,2.55,0.0,0.3732113881103407,-0.1149413584555796,-0.0210153857126442
South West,2022-11-01,313892.0,246010.0678768745,242422.94365061307,309315.0751312455,0.01468855968374072,-0.12415856784971921,0.15353568721720065,2.55,0.0,0.1378982406086544,-0.1225035731063337,-0.0036609998192851
South West,2022-12-01,308957.0,241190.48820754717,221076.81891616897,283192.0580678418,0.08707679075766173,-0.051770336775798204,0.22592391829112166,3.05,0.0,-0.009853271928885,-0.1190419020357788,-0.0197854326403152
South West,2023-01-01,309102.0,242830.92246835443,223650.39003478538,284686.90131316084,0.082281335024458,-0.05656579250900193,0.22112846255791793,3.55,0.0,-0.077348850411581,-0.0212120211618456,0.0067783800700915
South West,2023-02-01,306826.0,238215.96403440184,224296.77120195908,288897.85535478924,0.060207627706821754,-0.07863949982663818,0.19905475524028168,3.55,0.0,-0.1979205347196435,-0.0167286858872239,-0.0191877347220135
South West,2023-03-01,303206.0,233579.17610550817,224496.22835844668,291415.5471843281,0.03966219674051885,-0.09918493079294108,0.17850932427397878,4.3,0.0,-0.1438137755102041,-0.0206488684638987,-0.0196565705348135
South West,2023-04-01,302791.0,230576.2753067485,223572.7281003733,293593.9954107621,0.03084495359939865,-0.10800217393406128,0.16969208113285858,4.8,0.0,-0.3309103908484271,-0.0173374790395931,-0.0129393835056355
South West,2023-05-01,302199.0,228548.0632140137,224965.54427566702,297461.99358907435,0.015799276583466693,-0.12304785094999324,0.15464640411692662,4.8,0.0,-0.2743121442125237,-0.0045852560199995,-0.0088351895822782
South West,2023-06-01,300808.0,227150.0714828897,226930.80621398555,300517.6336066375,0.0009657543257866052,-0.13788137320767332,0.13981288185924653,5.3,0.0,-0.1056266274199025,-0.0048177468969889,-0.0061356236086833
South West,2023-07-01,306036.0,232157.17952635596,228195.81171822207,300814.0156486936,0.017210556524364762,-0.12163657100909517,0.1560576840578247,5.55,0.0,-0.2306122448979591,0.0018944019332085,0.0218037333265908
South West,2023-08-01,307132.0,232278.80883472963,230851.63914942084,305244.9166195263,0.006163162923339627,-0.1326839646101203,0.14501029045679956,5.55,0.0,-0.1681101951372221,0.0122711433878612,0.0005237721201734
South West,2023-09-01,304837.0,229320.56136363637,232238.7823881014,308716.2061956635,-0.012645220813110924,-0.15149234834657085,0.126201906720349,5.8,0.0,-0.1963880288957687,0.0141302595776544,-0.0128175563607157
South West,2023-10-01,305147.0,229553.7659090909,234990.8814841288,312374.5856586606,-0.02340943501974735,-0.16225656255320728,0.11543769251371258,6.3,0.0,-0.1816521645719196,0.0144884992257585,0.0010164201903286
South West,2023-11-01,299952.0,226159.70842824603,236602.5614237693,313802.188716117,-0.04514035329586186,-0.1839874808293218,0.09370677423759807,6.3,0.0,-0.2274341830338487,0.0341554814401514,-0.0148958520196629
South West,2023-12-01,294676.0,221341.35249621788,219350.87013583956,292026.03254741174,0.009033496822004494,-0.12981363071145544,0.14788062435546442,6.55,0.0,-0.222714981070849,0.0406178098784797,-0.0215353328471241
South West,2024-01-01,299150.0,225898.06083650189,222613.3412975319,294800.14481999446,0.014647468272695363,-0.12419965926076457,0.1534945958061553,6.55,0.0,-0.1255191508998615,0.0314948748400807,0.0203777479597455
South West,2024-02-01,296587.0,222608.38321995465,224202.01487199805,298710.23733701254,-0.007133398938593771,-0.1459805264720537,0.13171372859486616,6.55,0.0,-0.0390432098765431,0.0304637993021816,-0.0146697406700404
South West,2024-03-01,295240.0,220431.06766917292,225799.6357056585,302430.52919287595,-0.024063010633428306,-0.16291013816688824,0.11478411690003162,6.55,0.0,-0.0892613283674735,0.0363873861963544,-0.0098290708680846
South West,2024-04-01,297850.0,221546.85393258423,227445.2599966309,305779.8812643527,-0.02627549675353258,-0.1651226242869925,0.11257163077992735,6.55,0.0,0.1554764024933215,0.0389931748180816,0.0050490695542944
South West,2024-05-01,298492.0,221361.13218820016,229024.33491460446,308825.3619845472,-0.03403281375355327,-0.1728799412870132,0.10481431377990666,6.55,0.0,0.2681810753391076,0.0471472197479077,-0.0008386471280221
South West,2024-06-01,297239.0,220103.15212527965,231231.00102362566,312266.6388445942,-0.0493209055193784,-0.18816803305283833,0.08952622201408153,6.55,0.0,-0.0363291139240505,0.0512247258227791,-0.005699140395146
South West,2024-07-01,301845.0,224015.0112107623,233747.28954946384,314958.5835016945,-0.042527508647813406,-0.18137463618127334,0.09631961888564652,6.55,0.0,0.1451905626134302,0.0512557718051871,0.0176167541810894
South West,2024-08-01,303164.0,224156.25614296348,233994.7543555497,316470.24682729435,-0.04295531709091982,-0.18180244462437975,0.09589181044254011,6.55,0.0,0.1016056196688408,0.0488054885266013,0.0006303167880954
South West,2024-09-01,304305.0,225167.55961251864,236527.10225435472,319656.9700154522,-0.049217964201272224,-0.18806509173473215,0.0896291633321877,6.55,0.0,0.0259406703480158,0.0480937512112442,0.0045014537034138
South West,2024-10-01,306423.0,225391.14,238119.63756779113,323727.6039441269,-0.05493593329101998,-0.1937830608244799,0.08391119424243995,6.55,0.0,0.2412706747177737,0.0544666134693678,0.0009924585010789
South West,2024-11-01,300240.0,220679.733530718,240403.99460399288,327075.32397783926,-0.08560833810041579,-0.22445546563387572,0.05323878943304414,6.3,0.0,0.2058147396889791,0.0482179224265866,-0.0211248120242881
South West,2024-12-01,300210.0,219844.04867256636,227604.05813269445,310806.750078483,-0.03468910688641458,-0.1735362344198745,0.10415802064704535,6.3,0.0,0.1692179237406068,0.0450614893447891,-0.0037940555964333
South West,2025-01-01,301828.0,221355.39438700143,229771.84174787288,313304.20314866054,-0.03731729489604696,-0.1761644224295069,0.10152983263741297,6.3,0.0,0.2318381706244503,0.0329910536080937,0.006851103961198
South West,2025-02-01,301861.0,220402.9213235294,229235.53471276633,313958.03344346647,-0.03929267900236866,-0.1781398065358286,0.09955444853109127,6.3,0.0,0.2725228842139071,0.0290391149721318,-0.0043121974416244
South West,2025-03-01,305046.0,221912.5846153846,,,,,,6.05,0.0,1.0438931297709924,0.0307319314987748,0.0068262094986319
South West,2025-04-01,295084.0,212024.9001447178,,,,,,6.05,0.0,-0.3213625154130702,0.0323899881748297,-0.0455798200458037
South West,2025-05-01,298698.0,214311.49855491327,,,,,,6.05,0.0,-0.1416237113402062,0.0235239685871448,0.0107268360982111
South West,2025-06-01,301061.0,215229.35421166307,,,,,,5.8,0.0,0.0572704584263759,0.0251071944873322,0.0042736659287747
South West,2025-07-01,305688.0,218379.98848920863,,,,,,5.8,0.0,0.0415701572595392,0.0229427454729909,0.0145323885613084
South West,2025-08-01,307082.0,218903.39267767407,,,,,,5.8,0.0,-0.0019357777271692,0.019919999298352,0.0023938912886443
South West,2025-09-01,304584.0,217122.69346733668,,,,,,5.55,0.0,0.0836149705845537,0.0215266258101229,-0.008167901723306
South West,2025-10-01,303399.0,215504.4399141631,250015.66644839064,351985.8023110273,-0.14854206951087967,-0.28738919704433963,-0.009694941977419741,5.55,0.0,0.0487521150592216,0.0207659954111576,-0.00748108925983
South West,2025-11-01,306849.0,218423.69677419355,249386.34250054884,350346.37239503086,-0.1325665306230448,-0.27141365815650476,0.006280596910415132,5.55,0.0,0.0487521150592216,0.0231784669340557,0.0113069989784042
South West,2025-12-01,301472.0,213677.1563169165,250645.22434917366,353629.3648672631,-0.1595722298882425,-0.29841935742170245,-0.02072510235478256,5.55,0.0,0.0487521150592216,0.0261383906233465,-0.0063716280638371
South West,2026-01-01,301518.0,214628.9419354839,250037.0431900382,351260.49874129234,-0.15269839397847917,-0.29154552151193913,-0.013851266445019245,5.55,0.0,0.0487521150592216,-0.0321199143468949,-0.0062190550523801
Wales,2005-01-01,117235.0,151187.47402597402,,,,,,,,,,
Wales,2005-02-01,114635.0,147451.49611398965,,,,,,,,,,-0.0250213347751202
Wales,2005-03-01,116512.0,149285.69806451612,,,,,,,,,,0.0123626248898265
Wales,2005-04-01,117494.0,149963.42159383034,,,,,,5.95,0.0,,,0.0045295016325574
Wales,2005-05-01,119816.0,152339.6773367478,,,,,,5.95,0.0,,,0.0157213385781744
Wales,2005-06-01,120702.0,153466.17925736238,,,,,,5.95,0.0,,,0.0073674652843962
Wales,2005-07-01,123592.0,156939.7135549872,,,,,,5.95,0.0,,,0.0223815293296318
Wales,2005-08-01,124865.0,158151.71556122447,,,,,,5.95,0.0,,,0.0076930558672128
Wales,2005-09-01,124329.0,157072.13358778626,,,,,,5.95,0.0,,,-0.0068496479394308
Wales,2005-10-01,124521.0,157114.80686149935,,,,,,5.95,0.0,,,0.0002716425699578
Wales,2005-11-01,123873.0,156297.19059720455,,,,,,5.95,0.0,,,-0.0052175291675347
Wales,2005-12-01,122782.0,154527.91634980988,,,,,,5.7,0.0,,,-0.0113844944759033
Wales,2006-01-01,123010.0,155603.73248407643,,,,,,5.7,0.0,,,0.0069378307795471
Wales,2006-02-01,125191.0,157759.72461928934,,,,,,5.7,0.0,,0.0077032484552117,0.0137605461419596
Wales,2006-03-01,126482.0,159184.57034220532,,,,,,5.7,0.0,,0.0064742610403247,0.0089912034668007
Wales,2006-04-01,126895.0,158698.6586901763,,,,,,5.7,0.0,0.1238938053097344,0.0091048405493383,-0.0030571731133139
Wales,2006-05-01,127866.0,158912.31289111386,,,,,,5.7,0.0,0.251101321585903,0.0066318900341055,0.0013453832032368
Wales,2006-06-01,131176.0,162618.93632958803,,,,,,5.7,0.0,0.3801980198019801,0.0041898900885253,0.02305709108224
Wales,2006-07-01,131002.0,162606.23249999998,,,,,,5.7,0.0,0.1802325581395349,0.0016825495389911,-7.812328695422366e-05
Wales,2006-08-01,132775.0,163987.03358208956,,,,,,5.7,0.0,0.2384615384615385,0.0042188200149364,0.0084558345372425
Wales,2006-09-01,132730.0,163727.81366459627,,,,,,5.7,0.0,0.2216014897579143,0.001778263276597,-0.0015819849099489
Wales,2006-10-01,132371.0,163082.3858560794,,,,,,5.7,0.0,0.3084479371316306,0.0030862004184077,-0.0039498684471794
Wales,2006-11-01,134030.0,164717.5618811881,,,,,,5.7,0.0,0.2438563327032137,0.003116284327588,0.0099767531969412
Wales,2006-12-01,134947.0,164824.56457564575,,,,,,5.95,0.0,0.2243478260869564,0.0006333232277673,0.0006494022440683
Wales,2007-01-01,132332.0,163034.33746898265,,,,,,5.95,0.0,0.1889168765743072,-0.0221831412847423,-0.0109208253184345
Wales,2007-02-01,135831.0,166518.74444444446,,,,,,5.95,0.0,0.0510440835266821,-0.0186912347564823,0.0211470443897265
Wales,2007-03-01,133935.0,163387.53685503683,,,,,,6.2,0.0,0.0550621669626998,-0.0198054990145714,-0.0189829766499212
Wales,2007-04-01,137146.0,166894.58088235295,,,,,,6.2,0.0,0.0393700787401574,-0.0233843904969233,0.0212374552117964
Wales,2007-05-01,138195.0,167759.94498777506,,,,,,6.45,0.0,0.0264084507042252,-0.0196042796298511,0.005171697779712
Wales,2007-06-01,139568.0,169013.443902439,,,,,,6.45,0.0,-0.0129124820659971,-0.0158426534124961,0.0074442028063064
Wales,2007-07-01,139419.0,169868.79386503066,,,,,,6.45,0.0,0.0492610837438423,-0.0157855729473259,0.005048076787018
Wales,2007-08-01,142328.0,172777.14425427874,,,,,,6.45,0.0,0.063664596273292,-0.0109837179805086,0.0169762423101449
Wales,2007-09-01,141237.0,171243.39560439557,,,,,,6.7,0.0,-0.1966463414634146,-0.0096839716441138,-0.0089166699899934
Wales,2007-10-01,141862.0,171165.2077764277,,,,,,6.7,0.0,-0.1501501501501501,-0.0096629163218288,-0.000456693135364
Wales,2007-11-01,140616.0,169250.53090909088,,,,,,6.95,0.0,-0.1200607902735562,-0.0132519661364161,-0.0112491688284528
Wales,2007-12-01,139530.0,166931.6746987952,,,,,,6.95,0.0,-0.2982954545454546,-0.0132015120674615,-0.0137954534624444
Wales,2008-01-01,138585.0,167008.37985436892,,,,,,6.95,0.0,-0.3411016949152542,-0.0056407447973713,0.0004593947678745
Wales,2008-02-01,136949.0,163843.80361445784,,,,,,6.95,0.0,-0.2428256070640176,-0.0070241247425715,-0.0191304329245749
Wales,2008-03-01,133982.0,159525.33093525178,,,,,,6.95,0.0,-0.3905723905723905,-0.0093099671412923,-0.0267108327456782
Wales,2008-04-01,134268.0,158723.95714285714,,,,,,8.5,15.0,-0.2784090909090909,-0.0091926458832933,-0.0050361494348685
Wales,2008-05-01,135162.0,158647.59574468085,,,,,,8.5,15.0,-0.313893653516295,-0.0138528138528141,-0.0004812113685375
Wales,2008-06-01,134336.0,156567.66197183097,,,,,,8.25,14.25,-0.4549418604651163,-0.0184468801490078,-0.0131971020388359
Wales,2008-07-01,130572.0,152359.5722679201,,,,,,8.25,14.25,-0.5101721439749609,-0.0229762412861005,-0.0272449271853503
Wales,2008-08-01,132238.0,153223.260210035,,,,,,8.0,13.5,-0.5766423357664234,-0.0277926147491363,0.0056527406001798
Wales,2008-09-01,125576.0,144828.06968641115,,,,,,8.0,13.5,-0.4933586337760911,-0.0310455783034546,-0.0563487622385068
Wales,2008-10-01,126870.0,146661.1292200233,,,,,,8.0,13.5,-0.4187279151943462,-0.0343680709534367,0.0125773696230773
Wales,2008-11-01,124325.0,143886.62587412586,,,,,,8.0,13.5,-0.5751295336787565,-0.0273926694182805,-0.0190990130554116
Wales,2008-12-01,122526.0,142302.12631578947,,,,,,8.0,13.5,-0.4574898785425101,-0.0238927738927737,-0.0110732216876208
Wales,2009-01-01,118377.0,138455.0777385159,159710.94045083135,136550.44153349026,-0.14281963458477875,-0.2816667621182387,-0.003972507051318824,8.0,13.5,-0.4630225080385852,0.0041078373102461,-0.0274065229137061
Wales,2009-02-01,117437.0,136232.4077102804,159789.57717630122,137744.08666960103,-0.15949549954241427,-0.2983426270758742,-0.020648372008954335,7.5,12.0,-0.4606413994169096,0.0038940972963439,-0.0161836170724551
Wales,2009-03-01,116562.0,134902.17482517482,160439.07594941248,138627.1169834803,-0.17336439656574854,-0.3122115240992085,-0.034517269032288606,6.0,7.5,-0.2209944751381215,0.0029348141358183,-0.0098124226423212
Wales,2009-04-01,118693.0,137049.01046511627,161082.1691583857,139507.2159881286,-0.1615759997591919,-0.30042312729265186,-0.022728872225731972,5.0,4.5,-0.3228346456692913,0.00541912482211,0.0157887176335833
Wales,2009-05-01,120582.0,138585.5625,160646.29954446087,139776.84069125296,-0.1477171363627665,-0.28656426389622647,-0.00887000882930658,4.5,3.0,-0.275,0.0102973504570171,0.0111493121879195
Wales,2009-06-01,119254.0,136585.0311418685,160456.83074806523,140096.7495051083,-0.1610775796426367,-0.29992470717609665,-0.022230452109176763,4.0,1.5,-0.1413333333333333,0.0128030482508092,-0.0145405552159445
Wales,2009-07-01,121462.0,139113.91695501728,160684.933394692,140295.90861349241,-0.14415236832299883,-0.2829994958564588,-0.005305240789538895,3.5,0.0,0.1821086261980831,0.0164566851030725,0.0183457844773862
Wales,2009-08-01,121924.0,139161.53103448276,160581.78794736663,140690.99246143905,-0.14316804280807638,-0.28201517034153634,-0.004320915274616449,3.5,0.0,0.0793103448275862,0.0152636608247822,0.0003422082707924
Wales,2009-09-01,122364.0,139503.38920780714,160329.43493375892,140631.35732860424,-0.13914177043683473,-0.2779888979702947,-0.00029464290337480326,3.5,0.0,0.2247191011235956,0.0188962140583346,0.0024535441671122
Wales,2009-10-01,123750.0,140921.73165137612,159982.79431782998,140488.41555402594,-0.1268616323529148,-0.26570875988637477,0.01198549518054512,3.5,0.0,0.127659574468085,0.0224765952099434,0.0101157452222331
Wales,2009-11-01,124162.0,140906.13257142855,159848.93580024538,140853.7953929655,-0.12613527575367378,-0.26498240328713374,0.012711851779786149,3.5,0.0,0.3943089430894309,0.0189316632216809,-0.0001106993448392
Wales,2009-12-01,125911.0,142079.11704545454,150927.7317077295,133752.6726110795,-0.06041705955239429,-0.19926418708585422,0.07843006798106564,3.5,0.0,0.5708955223880596,0.0142560666057467,0.0082901224957616
Wales,2010-01-01,120944.0,136785.18451025058,150837.46717413643,133368.87832718206,-0.09779118181579527,-0.2366383093492552,0.04105594571766466,3.5,0.0,0.1497005988023951,0.0147628367967351,-0.0379723657760369
Wales,2010-02-01,121157.0,136404.64965986394,150218.81800529358,133426.9863853665,-0.09646718455876702,-0.23531431209222695,0.042379942974692913,3.5,0.0,0.3297297297297297,0.009937005458414,-0.0027858657160884
Wales,2010-03-01,123732.0,138518.4622322435,149636.79612531498,133663.48254094098,-0.07720738064145038,-0.21605450817491031,0.061639746892009545,3.5,0.0,0.0815602836879432,0.0136459531132653,0.0153777848156106
Wales,2010-04-01,124745.0,138869.7141255605,148926.8360317549,133779.19208491984,-0.06991896687194199,-0.20876609440540192,0.06892816066151794,3.5,0.0,0.2131782945736433,0.0102870340196692,0.0025325670738407
Wales,2010-05-01,125442.0,139333.22818791945,148670.13072372385,133848.03309870002,-0.06486157468851239,-0.20370870222197232,0.07398555284494754,3.5,0.0,0.0655172413793103,0.006965770969723,0.0033322040909649
Wales,2010-06-01,124868.0,138540.69720670392,148257.2433650137,133625.6120963618,-0.0677847706956829,-0.20663189822914282,0.07106235683777704,3.5,0.0,0.1211180124223603,0.0093861350828703,-0.0057042641124258
Wales,2010-07-01,126912.0,141123.87010078388,148880.24222046518,133887.26717308702,-0.053504223217670344,-0.19235135075113027,0.08534290431578959,3.5,0.0,-0.0189189189189189,0.0117592263222412,0.0184738909542243
Wales,2010-08-01,125413.0,138680.52227171493,148604.8035204798,134387.82835991023,-0.06911757010250419,-0.20796469763596412,0.06972955743095574,3.5,0.0,0.0447284345047922,0.0140252044327053,-0.0174651292358305
Wales,2010-09-01,126090.0,139429.14253897552,148803.4947243544,134567.5108383386,-0.06507007474585969,-0.20391720227931961,0.07377705278760024,3.5,0.0,-0.0672782874617736,0.0118683856934584,0.0053836465979344
Wales,2010-10-01,126064.0,139090.61333333334,148733.66059882013,134803.92199288832,-0.06703157845435825,-0.20587870598781818,0.07181554907910168,3.5,0.0,-0.0700808625336927,0.0130314528034507,-0.0024309182039132
Wales,2010-11-01,120670.0,132696.91029900333,148790.52444877807,135304.9784262302,-0.11447178287793669,-0.25331891041139665,0.02437534465552324,3.5,0.0,-0.0262390670553935,0.0119407543136358,-0.0470579575104981
Wales,2010-12-01,122109.0,132954.2072368421,145196.4679673255,133352.64731742282,-0.08808301435617238,-0.22693014188963231,0.050764113177287545,3.5,0.0,-0.2256532066508313,0.0120487061756278,0.001937104731061
Wales,2011-01-01,120980.0,131580.65717415116,145742.31761165502,134000.74116761432,-0.10222008835844676,-0.2410672158919067,0.03662703917501317,3.5,0.0,0.1041666666666667,-0.019090489381348,-0.0103847363157854
Wales,2011-02-01,121161.0,130774.86195652174,145378.14495922238,134690.72846171662,-0.1058610103541735,-0.24470813788763343,0.03298611717928643,3.5,0.0,-0.0365853658536585,-0.022391768029054,-0.0061427924528825
Wales,2011-03-01,118483.0,127606.96203904554,145922.95177341127,135489.38724580585,-0.13412382397495826,-0.2729709515084182,0.004723303558501674,3.5,0.0,-0.0459016393442622,-0.0254101830663614,-0.0245223028192942
Wales,2011-04-01,122354.0,130362.14806866951,144881.56472487538,135981.48874479745,-0.10560028185348536,-0.24444740938694529,0.033246845679974574,3.5,0.0,-0.0894568690095847,-0.022011359744263,0.0213614009506439
Wales,2011-05-01,121278.0,128939.02997858672,144819.36214913445,136214.78776162295,-0.11614753070266381,-0.2549946582361238,0.022699596830796115,3.5,0.0,-0.0841423948220064,-0.0270510503727128,-0.0109766749981936
Wales,2011-06-01,121453.0,129263.48231511256,145138.3896792575,136368.698459967,-0.11583487897631883,-0.2546820065097788,0.023012248557141096,3.5,0.0,-0.0498614958448753,-0.0269576242533529,0.0025131630549477
Wales,2011-07-01,121731.0,129559.36012861737,145663.763410635,136862.3275550075,-0.11716181992199637,-0.2560089474554563,0.02168530761146356,3.5,0.0,-0.049586776859504,-0.0248251255147514,0.0022863356232303
Wales,2011-08-01,122518.0,129701.89125799574,145595.01455140277,137530.83952589708,-0.11559022145317677,-0.2544373489866367,0.023256906080283163,3.5,0.0,0.1009174311926606,-0.0270042872454447,0.0010995175173711
Wales,2011-09-01,124054.0,130493.24364406778,145044.509571307,137887.2276287148,-0.1057192052978504,-0.24456633283131032,0.033127922235609536,3.5,0.0,0.1672131147540982,-0.0267719672315117,0.0060827795753013
Wales,2011-10-01,120911.0,127052.5111111111,145624.4095385922,138585.16315606207,-0.13643029532324213,-0.2752774228567021,0.0024168322102177953,3.5,0.0,-0.0231884057971014,-0.0329577386262267,-0.0267209782622046
Wales,2011-11-01,123484.0,129619.0401691332,145902.48539529162,138996.7282819193,-0.11833880229429816,-0.2571859298277581,0.020508325239161768,3.5,0.0,0.0838323353293413,-0.031829573934837,0.0199992136946356
Wales,2011-12-01,120627.0,125954.37539432176,143943.3578643719,137855.1191631598,-0.13350013269787375,-0.2723472602313337,0.005346994835586177,3.5,0.0,0.1533742331288343,-0.0296291866028707,-0.0286799466801657
Wales,2012-01-01,120342.0,126320.93657505284,144491.147088299,137652.19047888304,-0.13439245562548052,-0.2732395831589405,0.004454671907979407,3.5,0.0,0.1084905660377357,-0.0319483312931632,0.0029060428928975
Wales,2012-02-01,119610.0,124892.46056782332,144317.34993727185,138213.29284022714,-0.14456164217652834,-0.2834087697099883,-0.005714514643068408,3.5,0.0,0.0843881856540085,-0.0257647087153614,-0.0113727326641033
Wales,2012-03-01,119522.0,124408.11949685532,144087.3548679115,138428.33488820502,-0.1468522992344834,-0.28569942676794335,-0.008005171701023467,3.5,0.0,0.2371134020618557,-0.0234566499887171,-0.0038856041186967
Wales,2012-04-01,121352.0,125523.475,142620.1144306383,137880.47316557178,-0.12769176007353522,-0.2665388876069952,0.011155367459924709,3.5,0.0,0.0035087719298245,-0.0244112965504591,0.0089253454302031
Wales,2012-05-01,121528.0,125836.60479666316,142805.19905071924,137915.59505502495,-0.12649717909383895,-0.2653443066272989,0.012349948439620978,3.5,0.0,0.0954063604240282,-0.0199936362067477,0.002491485194433
Wales,2012-06-01,123077.0,127974.30471204188,143167.43465758962,137688.72114602022,-0.11218531772501095,-0.2510324452584709,0.026661809808448983,3.5,0.0,0.0787172011661807,-0.016866520884615,0.0168452212634875
Wales,2012-07-01,122468.0,127207.87029288703,143454.2790064773,138109.05410895497,-0.12019384887273077,-0.2590409764061907,0.01865327866072916,3.5,0.0,-0.0492753623188405,-0.0138056985794888,-0.0060069769668853
Wales,2012-08-01,122012.0,126074.83454734652,143395.03492347084,138774.04688968326,-0.1287276479746744,-0.26757477550813435,0.010119479558785532,3.5,0.0,0.0416666666666667,-0.0148372825767905,-0.008946866736915
Wales,2012-09-01,121152.0,124667.29119170984,143610.15924992203,139560.7287776181,-0.14145388268438985,-0.2803010102178498,-0.0026067551509299236,3.5,0.0,-0.1376404494382022,-0.0147109251488884,-0.0112271373337371
Wales,2012-10-01,120138.0,122986.63298969073,143261.84745258352,139943.59720947233,-0.152598382318768,-0.29144550985222795,-0.013751254785308059,3.5,0.0,0.0741839762611276,-0.012518660495011,-0.0135728437067328
Wales,2012-11-01,121625.0,124252.70061728396,143384.6965557261,140352.3917947289,-0.1432138038004691,-0.28206093133392907,-0.0043666762670091785,3.5,0.0,0.0690607734806629,-0.0165681018171337,0.0102417255045903
Wales,2012-12-01,120386.0,122482.88729508198,141494.90633708073,139072.53633936634,-0.1442923941414591,-0.28313952167491907,-0.005445266607999183,3.5,0.0,-0.0664893617021277,-0.0175530968596232,-0.0143460754148048
Wales,2013-01-01,120804.0,123541.06282183315,144022.29816211195,140831.47181813765,-0.1533945426470975,-0.29224167018055747,-0.01454741511363758,3.5,0.0,-0.0042553191489361,-0.0164526925478044,0.0086022686130373
Wales,2013-02-01,119021.0,120846.4754601227,143282.9547475926,141118.55966077096,-0.1703004375902637,-0.30914756512372366,-0.03145331005680377,3.5,0.0,0.0428015564202335,-0.0165858316181003,-0.0220526511481171
Wales,2013-03-01,120226.0,121696.65443425076,142949.54697642077,141222.06000389604,-0.1609602403116437,-0.29980736784510365,-0.022113112778183758,3.5,0.0,-0.0472222222222222,-0.0184640367348233,0.0070105672055014
Wales,2013-04-01,119939.0,121159.13224821971,143168.96418854946,141727.18207184706,-0.16692067640867414,-0.3057678039421341,-0.02807354887521421,2.3,0.0,0.034965034965035,-0.0183788166992316,-0.0044266852449919
Wales,2013-05-01,121804.0,122793.27106598984,143040.1586735024,141887.77068821737,-0.15262320238707616,-0.2914703299205361,-0.013776074853616233,2.3,0.0,0.2225806451612904,-0.0142148542141654,0.0133973942306049
Wales,2013-06-01,122504.0,123750.22583926754,143376.46066977258,141932.58896111426,-0.14720853674451284,-0.2860556642779728,-0.008361409211052911,2.3,0.0,0.0945945945945945,-0.0172412229517038,0.0077630080787809
Wales,2013-07-01,121672.0,122909.76195320448,143692.1008781346,142245.0505168241,-0.15622237857321153,-0.2950695061066715,-0.0173752510397516,2.3,0.0,0.25,-0.0193491518484666,-0.0068147829428397
Wales,2013-08-01,123888.0,124641.11854103344,143152.00358227838,142287.0367932616,-0.13846847157347852,-0.2773155991069385,0.00037865595998140544,2.3,0.0,0.1359999999999999,-0.0183222923216065,0.0139881127879846
Wales,2013-09-01,123171.0,123419.57921291626,142776.24353765554,142488.67809246387,-0.14568891078897295,-0.2845360383224329,-0.006841783255513018,2.3,0.0,0.2573289902280129,-0.017187232804074,-0.0098487927603265
Wales,2013-10-01,121282.0,121526.76690211908,142796.90819934072,142509.301133481,-0.16128885616752342,-0.3001359837009834,-0.02244172863406349,2.3,0.0,0.1823204419889503,-0.0170799062744769,-0.0154552212572856
Wales,2013-11-01,123119.0,123243.11189516127,143314.16033580046,143169.83590444518,-0.1508802218723897,-0.28972734940584965,-0.012033094338929767,2.3,0.0,0.193798449612403,-0.0119870560479196,0.0140243818622476
Wales,2013-12-01,121748.0,121381.28915662652,139572.37548152485,139994.04428962612,-0.13964654619298678,-0.27849367372644673,-0.000799418659526846,2.3,0.0,0.2763532763532763,-0.010947950316211,-0.0152221829170695
Wales,2014-01-01,124609.0,124986.60303030304,140305.73263104516,139881.84824243173,-0.115617290280559,-0.25446441781401896,0.023229837252900926,2.3,0.0,0.4316239316239316,8.485481069819834e-05,0.0292698146173702
Wales,2014-02-01,125315.0,125063.1105527638,139951.0484877835,140232.92371132385,-0.11247421349436593,-0.2513213410278259,0.026372914039094003,2.3,0.0,0.294776119402985,0.000991538794816,0.0006119385121614
Wales,2014-03-01,123531.0,123035.3891675025,139641.4849322975,140203.98839627454,-0.12660628538530716,-0.2654534129187671,0.01224084214815277,2.3,0.0,0.0991253644314869,0.0031413790806937,-0.0163464635143189
Wales,2014-04-01,125605.0,124601.16383616385,139306.4267665842,140428.7343336866,-0.11155806898900877,-0.25040519652246873,0.027289058544451156,2.3,0.0,0.3141891891891892,0.0042000073982371,0.012645916090058
Wales,2014-05-01,128324.0,127425.732,139381.95027847262,140364.50179100968,-0.08968430767467694,-0.22853143520813687,0.049162819858782986,2.3,0.0,0.1477572559366755,0.0022263378320455,0.0224157538763325
Wales,2014-06-01,127844.0,126695.7005988024,139452.11664710613,140716.03311218566,-0.09593313945595305,-0.23478026698941298,0.042913988077506876,2.3,0.0,0.108641975308642,0.0052697209637126,-0.0057455477250041
Wales,2014-07-01,128366.0,127595.03303303302,139876.48882359517,140721.66398265015,-0.0918983664535844,-0.23074549398704433,0.04694876107987553,2.3,0.0,0.146341463414634,0.0012261119459855,0.0070732910394184
Wales,2014-08-01,129444.0,128281.32934131737,139564.7306714044,140829.667807399,-0.08430277520602303,-0.22314990273948296,0.0545443523274369,2.3,0.0,0.0892018779342722,0.0042327969668443,0.0053642935020139
Wales,2014-09-01,130873.0,129568.18444666002,139915.69940311747,141324.7195380935,-0.07683283072556257,-0.2156799582590225,0.06201429680789736,2.3,0.0,0.0803108808290156,0.0053002772031411,0.0099815258181124
Wales,2014-10-01,129368.0,127950.6215139442,139896.44470300653,141446.15355671558,-0.08925804814861671,-0.22810517568207664,0.04958907938484322,2.3,0.0,0.1098130841121496,0.0083680870839655,-0.0125628433306275
Wales,2014-11-01,129622.0,128586.05994005996,139849.6802427681,140976.3644743312,-0.08396972588725937,-0.2228168534207193,0.05487740164620056,2.3,0.0,-0.0974025974025973,0.0073637363996188,0.0049539872589807
Wales,2014-12-01,129628.0,128592.011988012,137373.5580095768,138480.293622947,-0.06605922122758479,-0.20490634876104472,0.07278790630587514,2.3,0.0,0.0178571428571427,0.0114023673747603,4.628736741452144e-05
Wales,2015-01-01,128912.0,128912.0,139243.6182413138,139243.6182413138,-0.07709504721652571,-0.21594217474998564,0.061752080316934216,2.3,0.0,-0.0567164179104477,0.0094534764492859,0.0024853063393042
Wales,2015-02-01,128403.0,128144.90351758793,140101.98581221624,140384.16503842414,-0.08920894513554067,-0.2280560726690006,0.049638182397919256,2.3,0.0,-0.0778097982708934,0.011455995812533,-0.005968318679363
Wales,2015-03-01,128044.0,127530.28284854564,140181.18252564684,140745.85999805632,-0.09458189786792204,-0.23342902540138197,0.04426522966553789,2.3,0.0,0.0079575596816976,0.014521013981662,-0.0048078334210206
Wales,2015-04-01,129756.0,128976.68468468466,140496.37073229425,141345.2914013716,-0.08555000820527958,-0.2243971357387395,0.05329711932818035,2.3,0.0,-0.0719794344473008,0.014521013981662,0.0112778002135627
Wales,2015-05-01,130243.0,129202.0969030969,140551.7491273049,141684.08950295288,-0.08419792103405754,-0.22304504856751747,0.054649206499402386,2.3,0.0,-0.0781609195402298,0.0165520870827262,0.0017461719689091
Wales,2015-06-01,131119.0,129941.28443113773,140899.34186076268,142176.37517067898,-0.08096305772154899,-0.21981018525500892,0.05788406981191094,2.3,0.0,0.0512249443207126,0.0135075064751866,0.0057048690883405
Wales,2015-07-01,131815.0,130892.295,141188.39121489532,142183.6769535703,-0.07572029703040073,-0.21456742456386066,0.0631268305030592,2.3,0.0,0.0595744680851064,0.014521013981662,0.007292119251657
Wales,2015-08-01,133176.0,131848.22333000996,140311.7696875106,141724.778445693,-0.06221543524837969,-0.20106256278183962,0.07663169228508024,2.3,0.0,-0.0431034482758621,0.0135064929676804,0.0072766283180207
Wales,2015-09-01,132795.0,131602.23053892216,140251.97492205648,141523.14085790594,-0.06365665761286898,-0.2025037851463289,0.07519046992059095,2.3,0.0,0.0479616306954435,0.0135095274273433,-0.0018674696434626
Wales,2015-10-01,133423.0,132092.76071784645,140523.39188699328,141938.53178515032,-0.06186955671839911,-0.20071668425185904,0.07697757081506082,2.3,0.0,0.0778947368421052,0.0155335100035998,0.0037204403648303
Wales,2015-11-01,133482.0,132151.17248255233,141151.07123232755,142572.5321712231,-0.06588423061706372,-0.20473135815052365,0.07296289691639621,2.3,0.0,0.1270983213429257,0.0155325005359807,0.0004421048759741
Wales,2015-12-01,133999.0,132663.0179461615,138349.71085871969,139742.96071631002,-0.04197240298488403,-0.18081953051834396,0.0968747245485759,2.3,0.0,0.0745614035087718,0.0124980408730246,0.0038656999474468
Wales,2016-01-01,132574.0,132307.51959798994,139315.1370661114,139595.73150128988,-0.051609633127974064,-0.190456760661434,0.08723749440548587,2.3,0.0,0.0316455696202531,0.0149842869053657,-0.0026833063386551
Wales,2016-02-01,135127.0,134450.0110220441,139150.63151597526,139851.2892778885,-0.03436456165083435,-0.17321168918429428,0.10448256588262558,2.3,0.0,0.190625,0.0149679818550487,0.0160635577125489
Wales,2016-03-01,134091.0,132886.58982035928,139033.589163389,140293.71232801187,-0.04521949625404886,-0.1840666237875088,0.09362763127941107,2.3,0.0,0.8473684210526315,0.0139550765539586,-0.0116964083518453
Wales,2016-04-01,134382.0,133174.97604790417,139037.52164587245,140297.6804523305,-0.043079963653084974,-0.1819270911865449,0.09576716388037496,2.3,0.0,-0.113573407202216,0.0119373162234808,0.0021678166069669
Wales,2016-05-01,136627.0,135130.0906374502,138639.74510965208,140175.5328198295,-0.025640858108165077,-0.164487985641625,0.11320626942529485,2.3,0.0,-0.1022443890274313,0.0139672807495059,0.0145740758436385
Wales,2016-06-01,138664.0,136872.11928429423,138592.0543975387,140406.45188713388,-0.01248770350892947,-0.1513348310423894,0.12635942402453046,2.3,0.0,-0.086864406779661,0.0139733463805595,0.0128091052321082
Wales,2016-07-01,138575.0,136784.26938369783,138717.58281503787,140533.6236776718,-0.014035079268628792,-0.15288220680208872,0.12481204826483114,2.3,0.0,-0.0883534136546184,0.0129684413455473,-0.0006420453331408
Wales,2016-08-01,137657.0,135474.13379583746,139329.01354039792,141573.99261053526,-0.02805741247603777,-0.1669045400094977,0.11078971505742216,2.3,0.0,0.0585585585585586,0.0109465482490489,-0.0096242810899394
Wales,2016-09-01,137271.0,134827.0059347181,140515.39986573657,143062.50681194328,-0.04132457117796129,-0.18017169871142122,0.09752255635549864,2.3,0.0,0.0434782608695651,0.0109645829743896,-0.0047882084267367
Wales,2016-10-01,138864.0,136256.86956521738,140660.87421717678,143352.2706019969,-0.031809994869515634,-0.17065712240297556,0.1070371326639443,2.3,0.0,-0.140625,0.0079587062251438,0.0105493319249703
Wales,2016-11-01,138504.0,135635.57396449702,140869.03530785663,143848.1387735817,-0.03785894517584509,-0.17670607270930502,0.10098818235761484,2.3,0.0,-0.0191489361702127,0.0079676523924496,-0.0045701651288325
Wales,2016-12-01,138659.0,135121.08635917565,137019.62553412758,140607.24916341997,-0.013952855216851745,-0.15279998275031167,0.12489427231660818,2.05,0.0,0.0489795918367346,0.0059795505139634,-0.0038003735452178
Wales,2017-01-01,138614.0,135743.29585798815,138051.57653224395,140971.09627763886,-0.01686178667028848,-0.1557089142037484,0.12198534086317145,2.05,0.0,0.0644171779141105,0.0068981285291156,0.0045942592240795
Wales,2017-02-01,138086.0,134299.11655239962,138024.74441086152,141916.68080915368,-0.02736345106639959,-0.16621057859985952,0.11148367646706034,2.05,0.0,-0.0393700787401575,0.0037924166419016,-0.0106960463074283
Wales,2017-03-01,139940.0,135571.14146341462,137889.4428898403,142333.0100323125,-0.01695569380444084,-0.15580282133790077,0.12189143372901909,2.05,0.0,-0.2421652421652421,-8.384778551062677e-05,0.0094270064481634
Wales,2017-04-01,141933.0,136967.41399416907,137648.12850100928,142638.39297838727,-0.0049575919473117125,-0.14380471948077164,0.13388953558614822,2.05,0.0,0.253125,6.0806430575155446e-06,0.0102465116887877
Wales,2017-05-01,139592.0,134186.6950629235,137809.85355141052,143361.10646385406,-0.026642785180246875,-0.1654899127137068,0.11220434235321305,2.05,0.0,0.2444444444444444,-0.0038812121874307,-0.0205109664577403
Wales,2017-06-01,142401.0,136886.92449177153,139370.6657106489,144984.7912176237,-0.01798182733997855,-0.15682895487343848,0.12086530019348138,2.05,0.0,0.2343387470997679,-0.0057578380607897,0.0199231393291992
Wales,2017-07-01,143002.0,137597.85465116278,140314.335492032,145825.17042072208,-0.019549825128946097,-0.15839695266240603,0.11929730240451383,2.05,0.0,0.0330396475770924,-0.0037772759852139,0.0051801178290933
Wales,2017-08-01,144735.0,138460.36127167632,140154.31941701678,146505.72362020484,-0.01216001263338562,-0.15100714016684555,0.1266871149000743,2.05,0.0,0.0978723404255319,-0.0028119438883004,0.0062487502800401
Wales,2017-09-01,145083.0,138393.29394812678,140392.4177960453,147178.7582333164,-0.01434189795415719,-0.15318902548761712,0.12450522957930274,2.05,0.0,0.0964912280701755,-0.0056195040044515,-0.0004844965821977
Wales,2017-10-01,146794.0,139891.01919385797,140611.5940581013,147550.13193206603,-0.00513775212960077,-0.1439848796630607,0.13370937540385916,2.05,0.0,0.1386363636363636,-0.0065198122310764,0.0107640972647935
Wales,2017-11-01,144972.0,137626.38240917784,140526.99007837035,148027.42358708498,-0.02085693078111106,-0.159704058314571,0.11799019675234887,2.05,0.0,0.0997830802603036,-0.006491520365178,-0.0163210453966584
Wales,2017-12-01,145617.0,137843.3565300286,136888.07735177467,144607.84807856157,0.006954304534545486,-0.13189282299891444,0.14580143206800542,2.05,0.0,0.017509727626459,-0.0083348409143835,0.0015753030917746
Wales,2018-01-01,144990.0,137907.15517241377,136757.28469686894,143781.0727326598,0.008372960066205692,-0.13047416746725424,0.14722008759966562,2.05,0.0,0.0547550432276657,-0.006222832766756,0.0004627272901842
Wales,2018-02-01,145068.0,137323.66444232603,136276.55795648712,143961.84219169687,0.007654318326407505,-0.13119280920705242,0.14650144585986744,2.05,0.0,0.0191256830601092,-0.0063629545290246,-0.0042400164709608
Wales,2018-03-01,145837.0,137920.13428571427,137115.90002966815,144986.60123983037,0.0058482267622288475,-0.13299890077123108,0.14469535429568878,2.3,0.0,-0.1748120300751879,-0.0042723378359745,0.0043341269074996
Wales,2018-04-01,145412.0,136996.3149905123,137262.12414885225,145694.1378176136,-0.0019383851406864494,-0.14078551267414638,0.13690874239277348,2.3,0.0,-0.0274314214463839,-0.0013233752620543,-0.0067207529773316
Wales,2018-05-01,146531.0,137528.6228733459,137606.4522487012,146613.92394675314,-0.0005657539475603102,-0.13941288148102024,0.13828137358589962,2.3,0.0,-0.0267857142857143,-0.0012309351616484,0.0038780342077249
Wales,2018-06-01,148527.0,139401.99527410208,137751.9642361235,146768.9608880349,0.011907104165825189,-0.12694002336763474,0.15075423169928512,2.3,0.0,-0.0620300751879698,-0.0011391940412076,0.0135297497299546
Wales,2018-07-01,150195.0,140967.51890359167,138200.10496645846,147246.4361072639,0.019826830595773615,-0.11902029693768632,0.15867395812923354,2.3,0.0,0.0362473347547973,-0.0011391940412076,0.0111676899302253
Wales,2018-08-01,152466.0,142158.43943661972,138112.73359916237,148126.94993263637,0.028871944465629795,-0.10997518306783013,0.16771907199908972,2.3,0.0,0.058139534883721,-0.0021061454506545,0.0084127048174096
Wales,2018-09-01,151747.0,141355.31988742965,138259.7550791011,148423.86597615483,0.0221425206421344,-0.11670460689132553,0.16098964817559433,2.3,0.0,-0.0919999999999999,-0.0029014970325095,-0.0056654865661354
Wales,2018-10-01,152401.0,141831.48359887535,138256.43989828118,148559.53813843508,0.025529396793947612,-0.11331773073951232,0.16437652432740754,2.3,0.0,0.0079840319361277,-0.0009577772664518,0.0033628979481505
Wales,2018-11-01,151646.0,140733.1570093458,138324.87972637493,149050.9781543013,0.017260474567526884,-0.12158665296593305,0.15610760210098681,2.3,0.0,0.1420118343195267,-0.0009352914478376,-0.0077740238031775
Wales,2018-12-01,153612.0,142424.57142857142,137201.84605287062,147979.03033496923,0.03735936586228483,-0.1014877616711751,0.17620649339574476,2.55,0.0,-0.0554493307839387,8.80209251747921e-05,0.0119469424083469
Wales,2019-01-01,150122.0,140236.2615239887,138111.82003230145,147847.79928936198,0.015264935417929948,-0.12358219211552998,0.15411206295138988,2.55,0.0,-0.0191256830601093,-0.008235282637351,-0.0154839537029065
Wales,2019-02-01,150566.0,139992.54494382025,137970.62469489157,148391.3667413335,0.014548372821602484,-0.12429875471185745,0.15339550035506241,2.55,0.0,0.0375335120643431,-0.0055341575712078,-0.0017394117663229
Wales,2019-03-01,151406.0,140510.4280373832,138180.66276725518,148895.578208422,0.01671972747197259,-0.12212740006148734,0.15556685500543252,2.55,0.0,0.0068337129840547,-0.0054494266897031,0.0036925361360395
Wales,2019-04-01,152875.0,141082.59758364313,138531.08327422393,150110.21712292542,0.018250788910838978,-0.12059633862262095,0.1570979164442989,2.55,0.0,0.0307692307692306,-0.0063620778933503,0.0040638104045722
Wales,2019-05-01,153038.0,140840.3466172382,138174.91714810932,150141.72769668678,0.019106557251303613,-0.11974057028215632,0.15795368478476354,2.55,0.0,0.048165137614679,-0.0081386300288213,-0.0017185619759665
Wales,2019-06-01,154250.0,141955.74606116774,138609.00963481053,150613.41530308215,0.023858272349276177,-0.11498885518418375,0.1627053998827361,2.55,0.0,-0.064128256513026,-0.007142639922279,0.007888406217722
Wales,2019-07-01,155700.0,143290.17608897126,138384.5333466417,150369.49796679395,0.034835493963994324,-0.1040116335694656,0.17368262149745425,2.55,0.0,0.0329218106995885,-0.007142639922279,0.0093564160544552
Wales,2019-08-01,159275.0,145904.12822878227,138629.23149969373,151333.4208919114,0.051146780048568985,-0.08770034748489094,0.18999390758202891,2.55,0.0,-0.0329670329670329,-0.007142639922279,0.0180779724211426
Wales,2019-09-01,155676.0,142475.82304147465,140280.19517092555,153276.95041334766,0.015530505881029555,-0.12331662165243037,0.15437763341448948,2.55,0.0,0.0242290748898679,-0.0051835405582213,-0.0237774276006454
Wales,2019-10-01,157444.0,144360.01108033242,140539.03227845606,153276.70892000795,0.02682499652657455,-0.11202213100688538,0.16567212406003448,2.55,0.0,0.0019801980198019,-0.0051671830473674,0.0131379340819623
Wales,2019-11-01,159560.0,146030.48847926268,141204.83496243894,154287.2567313658,0.03360385869130056,-0.10524326884215937,0.1724509862247605,2.55,0.0,-0.0967184801381693,-0.002395040856579,0.0115051685783686
Wales,2019-12-01,157588.0,144225.6995391705,134861.52470236516,147356.24803833454,0.06713092140478061,-0.07171620612867932,0.20597804893824054,2.55,0.0,-0.0080971659919028,-0.0014342268861943,-0.0124359946443668
Wales,2020-01-01,154532.0,141820.95748613676,135166.95529040738,147281.61694282055,0.04805467906879457,-0.09079244846466536,0.1869018066022545,2.55,0.0,0.0724233983286908,0.0287860964596062,-0.0168140311921387
Wales,2020-02-01,157134.0,143677.773480663,135150.88089043865,147808.51626084227,0.061181317484091835,-0.0776658100493681,0.20002844501755176,2.55,0.0,0.0180878552971577,0.0239325696976488,0.0130077087862741
Wales,2020-03-01,158163.0,144618.6546961326,135207.43507423796,147870.3670600427,0.06729015511785086,-0.07155697241560907,0.2061372826513108,2.55,0.0,-0.0678733031674208,0.0249596793890345,0.0065272023097087
Wales,2020-04-01,151534.0,138685.03410138248,136362.07360439815,148995.82060500703,0.016891766291482924,-0.121955361241977,0.15573889382494285,2.55,0.0,-0.5621890547263682,0.0268790795377031,-0.0418948900839648
Wales,2020-05-01,154054.0,140991.35668202766,137361.18137324663,150087.49424972062,0.02608477125717279,-0.11276235627628714,0.16493189879063272,2.55,0.0,-0.5733041575492341,0.0335890194122652,0.0164931680884432
Wales,2020-06-01,158488.0,144915.8232044199,137832.3168467864,150741.08368137968,0.05011519320612301,-0.08873193432733692,0.18896232073958294,2.55,0.0,-0.4475374732334047,0.0364707731838609,0.0274544558515437
Wales,2020-07-01,159465.0,145140.92117323558,138518.4711996598,152188.9749031509,0.04670145782332469,-0.09214566971013524,0.18554858535678462,1.9,0.0,-0.3944223107569721,0.0355163802067117,0.0015520963974626
Wales,2020-08-01,163805.0,149777.5,138839.28353768957,151842.3584309475,0.07583382889971269,-0.06301329863374724,0.21468095643317262,1.9,0.0,-0.3863636363636363,0.03077065894087,0.0314457189141261
Wales,2020-09-01,160994.0,146532.577451879,137996.19079812313,151615.150212238,0.060021693557297695,-0.07882543397616223,0.19886882109075762,1.9,0.0,-0.2021505376344086,0.0403148805783835,-0.0219030841135232
Wales,2020-10-01,166597.0,151632.28322639782,138167.80652514784,151803.70283880795,0.09298946482617865,-0.04585766270728128,0.23183659235963858,1.9,0.0,0.0494071146245058,0.0365024698339611,0.0342106251584475
Wales,2020-11-01,168781.0,153902.2341597796,139022.29741555994,152462.5195222002,0.10168322436962107,-0.03716390316383886,0.240530351903081,1.9,0.0,0.0152963671128107,0.0345918662029305,0.0148591571172644
Wales,2020-12-01,171640.0,156079.23076923075,133994.2705872174,147353.2159931938,0.1525667256386427,0.013719598105182779,0.29141385317210267,1.9,0.0,0.2653061224489796,0.0384060556371452,0.0140462101665495
Wales,2021-01-01,169842.0,154727.62018348623,134881.78366662172,148057.54702579827,0.13726756367041837,-0.001579563863041561,0.2761146912038783,1.9,0.0,0.0155844155844155,0.0269071598078367,-0.0086974859270174
Wales,2021-02-01,168438.0,153307.9138405133,135050.0788002171,148378.2839587481,0.1268027440434647,-0.01204438348999523,0.26564987157692466,1.9,0.0,0.2157360406091371,0.0259468086314555,-0.009217874165504
Wales,2021-03-01,173661.0,157628.31170018282,135136.00872830764,148880.9602706632,0.153958060717013,0.015110933183553082,0.29280518825047297,1.9,0.0,0.5655339805825244,0.0287957386594395,0.0277913962864833
Wales,2021-04-01,171658.0,154819.61307901907,134786.07457305287,149445.58721543927,0.13857176381905845,-0.0002753637144014831,0.2774188913525184,1.9,0.0,1.914772727272727,0.025974543763664,-0.0179791514508131
Wales,2021-05-01,174016.0,155954.7725631769,135080.51257973086,150724.27788352646,0.1436950555995633,0.004847928066103374,0.28254218313302326,1.9,0.0,1.4153846153846152,0.018512823351642,0.0073053931411557
Wales,2021-06-01,184345.0,164469.52830188678,135363.3550676693,151721.46444140578,0.19476263295313245,0.05591550541967252,0.3336097604865924,1.9,0.0,2.143410852713178,0.012078175550684,0.0531592690123439
Wales,2021-07-01,176129.0,157139.35040431266,135191.16429207416,151528.46511286864,0.15044318526923384,0.011596057735773907,0.2892903128026938,1.9,0.0,0.5098684210526316,0.0084601535287047,-0.0455923208870618
Wales,2021-08-01,180281.0,159695.83675289922,135807.24087350312,153313.10878066163,0.16203445187506205,0.023187324341602117,0.300881579408522,1.9,0.0,0.5432098765432098,0.0131031560771792,0.0161379918338475
Wales,2021-09-01,185561.0,163934.2286476868,135768.51828029184,153679.57154788324,0.1885139384548289,0.04966681092136896,0.32736106598828885,1.9,0.0,0.4932614555256065,0.0012632924865731,0.0261943168459559
Wales,2021-10-01,186951.0,163417.5554577465,135556.39646216208,155077.609648556,0.18692085141546144,0.04807372388200151,0.3257679789489214,1.9,0.0,0.0018832391713747,0.0031884454750004,-0.0031566873563395
Wales,2021-11-01,186520.0,161759.26637554582,136350.7822462901,157222.20107955908,0.170878373675313,0.03203124614185307,0.30972550120877296,1.9,0.0,0.0225988700564971,-0.0074086155687493,-0.0101993951997432
Wales,2021-12-01,189741.0,163694.88531711555,135766.63673270415,157368.98175160371,0.1870667341388188,0.04821960660535887,0.32591386167227876,1.9,0.0,-0.1516129032258064,-0.0170159406294149,0.0118950196471594
Wales,2022-01-01,191552.0,165544.9399477807,137068.4825774554,158601.89977995594,0.18876202466518777,0.04991489713172784,0.3276091521986477,1.9,0.0,-0.020460358056266,-0.0465807438623613,0.0112384587825395
Wales,2022-02-01,189656.0,162632.47668393783,136902.3629578421,159650.48973331435,0.17222491816137797,0.03337779062791804,0.31107204569483793,1.9,0.0,-0.0709812108559498,-0.0466704089256463,-0.0177497876534875
Wales,2022-03-01,191471.0,162366.0999146029,135793.24355276278,160134.8320244564,0.1787202006075166,0.03987307307405666,0.31756732814097655,1.9,0.0,-0.2341085271317829,-0.0532118894823601,-0.0016392492039329
Wales,2022-04-01,195875.0,162086.5625,134166.8620440725,162135.1807179124,0.18904626452670747,0.050199136993247545,0.32789339206016743,1.55,0.0,-0.1345029239766082,-0.061148225888632,-0.0017231326239652
Wales,2022-05-01,196682.0,161676.511589404,135227.00442924476,164505.7616823038,0.17864261627776123,0.039795488744301305,0.3174897438112212,1.55,0.0,-0.0382165605095541,-0.0779750413921865,-0.0025330321007022
Wales,2022-06-01,200277.0,163280.0172413793,135320.33225521448,165982.03895956822,0.18782182485633925,0.04897469732287932,0.3266689523897992,1.8,0.0,-0.469790382244143,-0.0782578864450824,0.0098691272509654
Wales,2022-07-01,203313.0,164808.00734693877,135477.2770084143,167129.57133465007,0.1959772756631537,0.057130148129693775,0.33482440319661366,2.05,0.0,0.0675381263616556,-0.0817002197460469,0.0093145804697307
Wales,2022-08-01,204218.0,164734.74735987003,136817.0401715794,169609.03972931945,0.1856920284911432,0.04684490095768326,0.32453915602460315,2.05,0.0,-0.01,-0.0869476470617838,-0.0004446159852058
Wales,2022-09-01,207696.0,166592.99515347337,137779.03226347928,171772.851905526,0.18990249659170289,0.051055369058242955,0.32874962412516284,2.3,0.0,-0.1209386281588448,-0.0848671104555045,0.0112170943712168
Wales,2022-10-01,208209.0,163828.47622820918,136398.3301113034,173348.129507014,0.18324050110762968,0.04439337357416975,0.32208762864108964,2.55,0.0,-0.0451127819548872,-0.0876063145926825,-0.0167336790949708
Wales,2022-11-01,205941.0,161404.43014996054,137681.81875805822,175672.57237307128,0.15896784186986324,0.020120714336403306,0.2978149694033232,2.55,0.0,-0.0755064456721915,-0.095402088308877,-0.0149068001322127
Wales,2022-12-01,206563.0,161255.5495283019,126393.16681376145,161905.44631128354,0.2435929505293153,0.10474582299585536,0.38244007806277525,3.05,0.0,-0.0988593155893535,-0.0918335034971181,-0.0009228329610202
Wales,2023-01-01,201853.0,158575.97231012658,127817.53061955217,162700.26052680155,0.21563009421540613,0.0767829666819462,0.3544772217488661,3.55,0.0,-0.164490861618799,-0.0284187902754821,-0.0167565717145183
Wales,2023-02-01,200870.0,155953.01798279904,128386.1794934033,165363.46784699179,0.1945120459943439,0.05566491846088398,0.33335917352780386,3.55,0.0,-0.2629213483146068,-0.0239684655842365,-0.0166790039357618
Wales,2023-03-01,199167.0,153431.2110162917,128565.97763620321,166889.77358818322,0.17681011267491797,0.037962985141458044,0.31565724020837793,4.3,0.0,-0.1497975708502024,-0.0278597840439382,-0.0163024652304777
Wales,2023-04-01,195717.0,149039.09585889571,129972.56786717285,170678.981368372,0.13688524806027758,-0.001961879473182354,0.27573237559373753,4.8,0.0,-0.3198198198198198,-0.0245727762217183,-0.0290436700399059
Wales,2023-05-01,199616.0,150966.25133282557,130485.66265282131,172535.42302432467,0.14579295472987575,0.006945827196415816,0.2846400822633357,4.8,0.0,-0.2759381898454746,-0.0119144472108116,0.0128476508853108
Wales,2023-06-01,200183.0,151164.8053231939,133053.770905233,176199.1024575845,0.12761732858592012,-0.01122979894753981,0.2664644561193801,5.3,0.0,-0.0372093023255813,-0.0121452262685841,0.0013143568963087
Wales,2023-07-01,202620.0,153706.38655462183,134792.66764634967,177687.4138459937,0.13130639907693364,-0.0075407284565262855,0.2701535266103936,5.55,0.0,-0.2428571428571428,-0.0054824986694614,0.0166735341367818
Wales,2023-08-01,203852.0,154169.8674790556,134841.27886879444,178294.66178723777,0.13395665543138158,-0.004890472102078353,0.27280378296484153,5.55,0.0,-0.1696969696969696,0.0048178393337467,0.0030108283343448
Wales,2023-09-01,204460.0,153809.68181818182,136925.59091062413,182015.89124070882,0.11627835955437149,-0.02256876797908844,0.25512548708783145,5.8,0.0,-0.1519507186858316,0.006663266939878,-0.0023390243015253
Wales,2023-10-01,202477.0,152317.925,139525.56784901576,185472.05393826868,0.08772208177460072,-0.051125045758859206,0.22656920930806065,6.3,0.0,-0.202755905511811,0.0070188688865731,-0.0097460574799121
Wales,2023-11-01,201778.0,152137.854214123,141571.86549624856,187764.49834698826,0.07197957392798848,-0.06686755360547145,0.2108267014614484,6.3,0.0,-0.2390438247011952,0.0265410440507718,-0.0011829028658212
Wales,2023-12-01,202077.0,151787.03555219367,132803.52718375222,176803.8901680971,0.13360765971158628,-0.00523946782187365,0.27245478724504624,6.55,0.0,-0.1772151898734176,0.0329557906736319,-0.0023085889280665
Wales,2024-01-01,197808.0,149371.3642585551,134296.27719108734,177844.51611911366,0.10638719964904375,-0.03245992788441618,0.24523432718250368,6.55,0.0,-0.128125,0.0166171517645334,-0.0160428738219451
Wales,2024-02-01,199272.0,149566.96598639456,134961.84858971808,179813.2182116788,0.10275209009851416,-0.03609503743494577,0.2415992176319741,6.55,0.0,-0.0091463414634146,0.0156009479014209,0.0013086428601774
Wales,2024-03-01,200795.0,149916.8684210526,135999.31954405195,182154.17421308067,0.09743104756754484,-0.04141607996591509,0.23627817510100477,6.55,0.0,-0.0833333333333333,0.0214390961884085,0.0023367043804647
Wales,2024-04-01,199545.0,148425.60674157302,136763.11535061887,183865.81973119456,0.0818335238115857,-0.05701360372187422,0.22068065134504564,6.55,0.0,0.0993377483443709,0.0240073003272136,-0.0099970619237197
Wales,2024-05-01,199330.0,147822.7707244212,138308.13519618695,186500.09368347868,0.06653000132664921,-0.07231712620681072,0.20537712886010914,6.55,0.0,0.1981707317073171,0.0320437357319023,-0.0040698069261271
Wales,2024-06-01,204368.0,151332.903803132,140187.9403319586,189317.24872624018,0.07649811776687088,-0.06234900976658905,0.2153452453003308,6.55,0.0,-0.0314009661835749,0.0360624300688772,0.0234680099752413
Wales,2024-07-01,204982.0,152127.89686098654,142046.51755074266,191398.02666958075,0.06856700142087213,-0.0702801261125878,0.20741412895433206,6.55,0.0,0.1617250673854446,0.0360930282608595,0.0052395226983694
Wales,2024-08-01,207156.0,153168.95606850332,143648.41336517525,194279.77759257844,0.06417285992327493,-0.074674267610185,0.20301998745673486,6.55,0.0,0.119221411192214,0.0336780865403996,0.0068200063820622
Wales,2024-09-01,203822.0,150816.129657228,146441.81578649022,197910.2888071197,0.029433222745181453,-0.10941390478827848,0.16828035027864138,6.55,0.0,-0.0314769975786924,0.0329766149383665,-0.0154801896986693
Wales,2024-10-01,207454.0,152593.94222222222,147889.82276834786,201058.67143733092,0.03131286518422982,-0.10753426234923011,0.17015999271768975,6.55,0.0,0.202469135802469,0.0392575584849312,0.0117190105146463
Wales,2024-11-01,207435.0,152467.0281273131,150203.44625963885,204355.3432998712,0.014957680131260531,-0.1238894474021994,0.15380480766472046,6.3,0.0,0.2382198952879581,0.0330989951753908,-0.0008320572906193
Wales,2024-12-01,204641.0,149858.7853982301,141666.07464412702,193453.37081312813,0.05622071872866208,-0.08262640880479785,0.195067846262122,6.3,0.0,0.1128205128205128,0.0299880887737959,-0.0172549436761002
Wales,2025-01-01,206010.0,151084.1432791728,142794.6191402989,194706.86235243175,0.056429553768456486,-0.08241757376500344,0.19527668130191642,6.3,0.0,0.2329749103942653,0.0333682069102365,0.0081435018800419
Wales,2025-02-01,205394.0,149967.82499999998,143890.2370074551,197070.21382692744,0.04137000517052947,-0.09747712236293046,0.1802171327039894,6.3,0.0,0.2123076923076923,0.0294148253898458,-0.0074161507858061
Wales,2025-03-01,206651.0,150332.92527472528,,,,,,6.05,0.0,0.2337662337662338,0.0311082599773524,0.0024315653842332
Wales,2025-04-01,206000.0,148015.91895803183,,,,,,6.05,0.0,0.1385542168674698,0.0327669220231714,-0.0155325079649344
Wales,2025-05-01,207226.0,148681.66040462427,,,,,,6.05,0.0,0.0458015267175573,0.023897665380768,0.0044876844989438
Wales,2025-06-01,209762.0,149959.44276457882,,,,,,5.8,0.0,0.1172069825436408,0.0254814693294045,0.008557362961012
Wales,2025-07-01,210636.0,150475.93381294963,,,,,,5.8,0.0,0.0719257540603248,0.0233162300574027,0.0034382872155482
Wales,2025-08-01,211259.0,150595.97056712132,,,,,,5.8,0.0,0.0282608695652173,0.0202923802539405,0.0007973959627971
Wales,2025-09-01,210373.0,149964.38549892316,,,,,,5.55,0.0,0.1425,0.0218995933579109,-0.0042027232473298
Wales,2025-10-01,210324.0,149393.22746781114,160111.36717406617,225413.58641424423,-0.06928767781442424,-0.20813480534788417,0.06955944971903569,5.55,0.0,0.0985626283367555,0.0211386852466983,-0.003815895767655
Wales,2025-11-01,209232.0,148937.1870967742,159708.34475904828,224363.68674609502,-0.0698246526198858,-0.20867178015334573,0.06902247491357413,5.55,0.0,0.0985626283367555,0.0235520375822599,-0.0052055147148928
Wales,2025-12-01,213769.0,151515.0728051392,160514.53941379566,226466.13264725852,-0.05769941625161046,-0.1965465437850704,0.08114771128184947,5.55,0.0,0.0985626283367555,0.0265130419633821,0.016246793876336
Wales,2026-01-01,210186.0,149616.27096774193,160125.05695350893,224949.09813710468,-0.06788129311894053,-0.20672842065240046,0.0709658344145194,5.55,0.0,0.0985626283367555,-0.0321199143468949,-0.0006563458892967
West Midlands,2005-01-01,124542.0,160610.65714285712,164284.4013933197,127390.72414184913,-0.022615923140845595,-0.16146305067430552,0.11623120439261433,,,,,
West Midlands,2005-02-01,124364.0,159965.61139896372,164403.02377210552,127813.83117025725,-0.02736201185044429,-0.16620913938390422,0.11148511568301564,,,,,-0.0040242942334263
West Midlands,2005-03-01,123753.0,158563.5212903226,164645.62343549967,128499.85716265079,-0.03764014918075276,-0.1764872767142127,0.10120697835270717,,,,,-0.008803585105829
West Midlands,2005-04-01,125147.0,159731.32519280206,164836.22890521263,129146.61237487958,-0.03145924268222089,-0.17030637021568082,0.10738788485123904,5.95,0.0,,,0.0073379079517046
West Midlands,2005-05-01,125673.0,159786.54161331628,165161.41310609458,129900.36619925464,-0.03308444737049676,-0.1719315749039567,0.10576268016296317,5.95,0.0,,,0.0003456233707108
West Midlands,2005-06-01,126927.0,161380.93597951345,165762.1809868081,130372.87346495177,-0.026786484230383323,-0.16563361176384325,0.1120606433030766,5.95,0.0,,,0.0099288226583684
West Midlands,2005-07-01,128389.0,163031.04475703323,166289.07932095582,130954.74323160872,-0.019787074193619247,-0.15863420172707918,0.11906005333984068,5.95,0.0,,,0.0101730090521154
West Midlands,2005-08-01,129558.0,164095.78316326527,166770.7730037564,131669.97586600707,-0.016169951755976797,-0.15501707928943673,0.12267717577748313,5.95,0.0,,,0.0065096597115896
West Midlands,2005-09-01,130034.0,164279.59541984735,167583.5572898057,132649.2205738039,-0.019912250034590073,-0.15875937756805,0.11893487749886986,5.95,0.0,,,0.0011195253223501
West Midlands,2005-10-01,130025.0,164059.49809402792,167877.95527964775,133051.30997490714,-0.023008103450081308,-0.16185523098354124,0.11583902408337862,5.95,0.0,,,-0.0013406710509595
West Midlands,2005-11-01,130120.0,164179.36467598472,168417.71706723634,133479.09701099197,-0.025487787279052654,-0.16433491481251258,0.11335934025440728,5.95,0.0,,,0.0007303619460152
West Midlands,2005-12-01,130893.0,164736.05703422052,163710.59836855187,130078.20957984636,0.006244313837932225,-0.1326028136955277,0.14509144137139215,5.7,0.0,,,0.0033850215165145
West Midlands,2006-01-01,130739.0,165380.6713375796,164983.59022986575,130425.09398836317,0.002403899847088553,-0.13644322768637138,0.14125102738054848,5.7,0.0,,,0.0039053769001125
West Midlands,2006-02-01,130769.0,164788.8540609137,164812.2684584079,130787.58060949187,-0.00014207717106629048,-0.13898920470452622,0.13870505036239364,5.7,0.0,,0.0131078600229135,-0.0035849335869233
West Midlands,2006-03-01,130596.0,164362.2661596958,164971.6206023829,131080.16984418946,-0.0037005310570954464,-0.14254765859055538,0.13514659647636448,5.7,0.0,,0.0118722811838056,-0.002592050361402
West Midlands,2006-04-01,131383.0,164311.48488664985,164842.62485669032,131807.6980223687,-0.003227305479867937,-0.14207443301332787,0.135619822053592,5.7,0.0,0.1462179198559208,0.0145169692713773,-0.0003090071737599
West Midlands,2006-05-01,132879.0,165142.4868585732,164812.98109973484,132613.86898155906,0.001997274786280201,-0.13684985274717973,0.14084440231974013,5.7,0.0,0.2431066681313851,0.012030755588658,0.0050447334411618
West Midlands,2006-06-01,134023.0,166148.36329588018,164962.60352156425,133066.51099775726,0.007162341101208725,-0.1316847864322512,0.14600946863466865,5.7,0.0,0.3021215043394407,0.0095756584726813,0.0060724860213792
West Midlands,2006-07-01,134693.0,167187.68625,165669.9970692294,133470.2896831657,0.009119210848362869,-0.12972791668509706,0.1479663383818228,5.7,0.0,0.1665584114317528,0.007054870311701,0.006235907118393
West Midlands,2006-08-01,135288.0,167090.776119403,165583.67279537814,134067.74715758715,0.00906059145397009,-0.12978653607948984,0.14790771898743002,5.7,0.0,0.2348654708520179,0.009604743558873,-0.0005798167948061
West Midlands,2006-09-01,135749.0,167451.87204968944,165662.6291602223,134298.50601609162,0.010742613065746198,-0.12810451446771373,0.14958974059920613,5.7,0.0,0.1780707455203787,0.0071510973904855,0.0021587446174269
West Midlands,2006-10-01,136600.0,168292.55583126552,166116.27019478605,134833.5486173188,0.013015902640145072,-0.12583122489331486,0.151863030173605,5.7,0.0,0.2417287630402385,0.008466049387332,0.0050078897442169
West Midlands,2006-11-01,137004.0,168372.49009900988,166288.33423853686,135308.13098160905,0.012455493164285514,-0.12639163436917442,0.15130262069774544,5.7,0.0,0.2313411219465095,0.0084962946454445,0.0004748593310335
West Midlands,2006-12-01,137888.0,168416.7084870849,161266.620474004,132034.00044850478,0.04338229285953332,-0.09546483467392661,0.18222942039299325,5.95,0.0,0.1617021276595744,0.0060000166884013,0.0002625879245226
West Midlands,2007-01-01,138400.0,170510.17369727048,162714.10757985257,132072.07523601328,0.04680024509909053,-0.0920468824343694,0.18564737263255046,5.95,0.0,0.1619433198380566,-0.004496969015011,0.0123536487913238
West Midlands,2007-02-01,138572.0,169879.00740740742,161816.013954567,131994.9358541785,0.04862648903560185,-0.09022063849785808,0.18747361656906178,5.95,0.0,0.1029126213592233,-0.0009419029494023,-0.0037085021984726
West Midlands,2007-03-01,138521.0,168982.0061425061,161683.6371662301,132538.2483920557,0.04415066780249255,-0.09469645973096738,0.18299779533595248,6.2,0.0,0.0524578463734499,-0.0020763213595155,-0.0052942257987194
West Midlands,2007-04-01,139436.0,169681.30882352943,161506.29702663902,132718.16553246469,0.04937789092850231,-0.08946923660495762,0.18822501846196224,6.2,0.0,0.0387901404301287,-0.0057199457115529,0.0041297869831886
West Midlands,2007-05-01,140171.0,170158.68337408314,161793.2636149644,133279.84857708044,0.050412063552171205,-0.08843506398128873,0.18925919108563113,6.45,0.0,0.0388829975256275,-0.0018714624377282,0.0028094095780257
West Midlands,2007-06-01,141128.0,170902.56585365854,161593.2527666268,133440.55112651963,0.056011211247415815,-0.08283591628604411,0.19485833878087574,6.45,0.0,-0.0048878027105088,0.0019582018469821,0.0043621704948417
West Midlands,2007-07-01,141759.0,172719.86134969324,163230.5333873629,133970.67946696954,0.05650746659528316,-0.08233966093817677,0.1953545941287431,6.45,0.0,0.0233853006681514,0.0020163147498029,0.0105773796791499
West Midlands,2007-08-01,143106.0,173721.586797066,163200.96628698983,134439.46668958478,0.0624715784583767,-0.07637554907508323,0.20131870599183663,6.45,0.0,0.034876683310637,0.0069050228255642,0.0057829583868915
West Midlands,2007-09-01,143516.0,174006.57875457872,163376.4634485454,134748.56350892116,0.0630359779259333,-0.07581114960752663,0.20188310545939323,6.7,0.0,-0.1390180471274332,0.0082282782039719,0.0016391655871306
West Midlands,2007-10-01,143623.0,173289.96233292832,163565.6521962374,135563.47609013433,0.05775182206242668,-0.08109530547103325,0.1965989495958866,6.7,0.0,-0.09521523443751,0.0082497143624573,-0.0041268331463903
West Midlands,2007-11-01,142887.0,171983.98909090908,164184.3873287698,136406.96832450666,0.046411276561855175,-0.09243585097160475,0.1852584040953151,6.95,0.0,-0.1157374735356386,0.0045957479402869,-0.0075648884879022
West Midlands,2007-12-01,143434.0,171602.3638554217,159364.4360323686,133204.91632111373,0.07398633234287111,-0.06486079519058882,0.21283345987633104,6.95,0.0,-0.3186813186813186,0.0046471145925615,-0.0022214234596305
West Midlands,2008-01-01,142875.0,172178.2463592233,158377.82944783487,131423.29452670287,0.08354675227355202,-0.055300375259907913,0.22239387980701195,6.95,0.0,-0.3111293297806927,0.0036943592552025,0.0033502939104472
West Midlands,2008-02-01,142262.0,170200.2,157561.10834120496,131697.60314521662,0.07716201874150919,-0.061685108791950743,0.21600914627496912,6.95,0.0,-0.2562137531068765,0.0022979920564871,-0.0115548650239603
West Midlands,2008-03-01,140181.0,166906.15467625897,157967.13510574945,132673.30380482884,0.055044700687448156,-0.08380242684601177,0.19389182822090809,6.95,0.0,-0.4227345935407307,-9.309967141324371e-06,-0.0195436848082923
West Midlands,2008-04-01,139123.0,164463.26071428572,157988.2061416553,133645.61244611326,0.0401668205707999,-0.09868030696266003,0.17901394810425983,8.5,15.0,-0.3086594819436566,0.000109112709832,-0.0147445002797752
West Midlands,2008-05-01,138982.0,163131.35460992908,158184.81238264,134767.72535318573,0.0307916846945524,-0.10805544283890753,0.16963881222801233,8.5,15.0,-0.3665362368152433,-0.0045948051948053,-0.0081314733572668
West Midlands,2008-06-01,138775.0,161741.2852112676,158186.42745575478,135724.91056626695,0.022223795718309347,-0.11662333181515058,0.16107092325176928,8.25,14.25,-0.4853762000446529,-0.0092320008596604,-0.0085576789892982
West Midlands,2008-07-01,137686.0,160660.63219741482,158870.39372602288,136151.76743287558,0.011205529720450969,-0.12764159781300896,0.1500526572539109,8.25,14.25,-0.5150007772423442,-0.0138038839095177,-0.0067037880521976
West Midlands,2008-08-01,135006.0,156430.5227537923,158519.66522180344,136809.0162085454,-0.013266689078568206,-0.15211381661202814,0.12558043845489172,8.0,13.5,-0.577381387528328,-0.0186654737741693,-0.0266822983972421
West Midlands,2008-09-01,132708.0,153053.47735191637,158305.85121423606,137262.1731072077,-0.03374154352411729,-0.17258867105757722,0.10510558400934264,8.0,13.5,-0.5324485125858124,-0.0219489763445424,-0.0218245818439761
West Midlands,2008-10-01,130995.0,151429.61001164143,159243.40342887497,137754.36409406204,-0.050312974260986465,-0.1891601017944464,0.08853415327247346,8.0,13.5,-0.4719667492041033,-0.0253026607538802,-0.0106664889039418
West Midlands,2008-11-01,128777.0,149039.11538461538,160862.48039335755,138992.95888972888,-0.0763410500821795,-0.21518817761563944,0.06250607745128042,8.0,13.5,-0.5940409683426443,-0.0182617737326701,-0.0159121057416076
West Midlands,2008-12-01,125687.0,145973.32280701754,153770.9834999932,132400.99787763765,-0.05204049091005025,-0.19088761844351018,0.08680663662340968,8.0,13.5,-0.4485407066052227,-0.0147290209790208,-0.0207849063400846
West Midlands,2009-01-01,122751.0,143570.95759717314,156317.8598713552,133649.4088930318,-0.08506210649607304,-0.22390923402953297,0.05378502103738689,8.0,13.5,-0.483040761678072,0.0269999919581886,-0.016594493498248
West Midlands,2009-02-01,121338.0,140757.75,156648.3740847806,135036.2620509287,-0.10696331038700535,-0.24581043792046528,0.03188381714645458,7.5,12.0,-0.4906711222500696,0.0267813789921285,-0.0197890633438859
West Midlands,2009-03-01,120672.0,139658.85314685313,157175.5384629629,135807.26284110994,-0.11816057451184214,-0.2570077020453021,0.020686553021617787,6.0,7.5,-0.27856093979442,0.0258002256124432,-0.0078376420377406
West Midlands,2009-04-01,119944.0,138493.47906976743,158022.4525293814,136857.31034770195,-0.13191388555717687,-0.2707610130906368,0.006933241976283061,5.0,4.5,-0.3321482291809107,0.028341174861159,-0.0083794436429354
West Midlands,2009-05-01,119488.0,137328.22222222222,157251.79225522163,136823.31169034392,-0.13547444984471113,-0.2743215773781711,0.0033726776887487986,4.5,3.0,-0.265207466093729,0.0333306167334985,-0.0084493988298479
West Midlands,2009-06-01,119403.0,136755.68512110726,156528.34260420306,136666.74021937972,-0.13504108294968376,-0.2738882104831437,0.0038060445837761747,4.0,1.5,-0.0786695589298626,0.0358934406837303,-0.0041778296247443
West Midlands,2009-07-01,121044.0,138635.169550173,156106.1919311882,136298.1554927897,-0.11869069004875143,-0.2575378175822114,0.020156437484708495,3.5,0.0,0.182051282051282,0.0396303749834803,0.0136497895896994
West Midlands,2009-08-01,122832.0,140197.90344827584,155438.50095506717,136184.78935640326,-0.10319514065914426,-0.2420422681926042,0.03565198687431567,3.5,0.0,0.1776509254454246,0.0384101515386638,0.0112092173567575
West Midlands,2009-09-01,125412.0,142978.31917336397,154820.2997248576,135799.07458242797,-0.07957208313862374,-0.21841921067208367,0.05927504439483619,3.5,0.0,0.336335160532498,0.0421255215447771,0.0196379841109504
West Midlands,2009-10-01,126848.0,144449.61467889906,154001.860847956,135236.27659558677,-0.06403392636524963,-0.20288105389870956,0.0748132011682103,3.5,0.0,0.2781778596549991,0.0457875300236267,0.0102377548106247
West Midlands,2009-11-01,127466.0,144655.70057142855,153207.0320247167,135001.16114967485,-0.0574337171402064,-0.19628084467366633,0.08141341039325353,3.5,0.0,0.5541721275666229,0.0421617788959487,0.001425680653833
West Midlands,2009-12-01,128391.0,144877.5715909091,151530.78057969981,134287.09658623952,-0.044899724541817676,-0.1837468520752776,0.09394740299164225,3.5,0.0,0.7890966971746916,0.0373795856806991,0.0015326118566818
West Midlands,2010-01-01,127524.0,144227.02961275625,151408.8731417136,133874.10938411334,-0.04859529397423401,-0.18744242150769394,0.09025183355922592,3.5,0.0,0.2405755395683453,-0.0239685102100717,-0.0045003993255612
West Midlands,2010-02-01,127346.0,143372.53741496598,150946.75837021004,134073.5557729358,-0.05148078159524161,-0.19032790912870154,0.08736634593821832,3.5,0.0,0.3920174958993985,-0.0286101497930553,-0.0059422531194304
West Midlands,2010-03-01,126759.0,141907.2006764374,150489.90523449716,134425.52461530615,-0.05872267948222998,-0.1975698070156899,0.08012444805122995,3.5,0.0,0.2580907795644209,-0.0250427648102304,-0.0102730718659405
West Midlands,2010-04-01,128064.0,142564.5201793722,149854.55259289852,134612.5487541445,-0.04987050387507175,-0.18871763140853168,0.08897662365838818,3.5,0.0,0.2454954954954955,-0.0282734810802066,0.0046213428231869
West Midlands,2010-05-01,128661.0,142908.6946308725,149662.98847575719,134741.90503255482,-0.0461800956385936,-0.18502722317205353,0.09266703189486633,3.5,0.0,0.1056286549707601,-0.0314679785579187,0.0024112568213183
West Midlands,2010-06-01,129596.0,143786.4,149631.4823926789,134864.2263257277,-0.03984662218686452,-0.17869374972032445,0.09900050534659541,3.5,0.0,0.1359284256788573,-0.0291399946137624,0.0061229377669018
West Midlands,2010-07-01,130320.0,144913.50503919373,149803.06578551492,134717.1578514248,-0.03318448926914286,-0.1720316168026028,0.10566263826431707,3.5,0.0,0.0383676789587852,-0.0268574792379708,0.0078081824478122
West Midlands,2010-08-01,131116.0,144986.84632516705,149788.48879442312,135458.27083322452,-0.032581200994659554,-0.17142832852811948,0.10626592653880038,3.5,0.0,0.0329024676850764,-0.0246779887099484,0.0005059758444083
West Midlands,2010-09-01,131281.0,145169.30178173722,150064.2377950976,135707.63901308927,-0.03316279458755389,-0.17200992212101382,0.10568433294590604,3.5,0.0,-0.0266627600351596,-0.0267524862486236,0.0012576364954455
West Midlands,2010-10-01,130453.0,143933.14333333334,150139.4529754298,136078.0540562808,-0.04221563935214334,-0.18106276688560327,0.09663148818131659,3.5,0.0,-0.1171383647798741,-0.0256338109454613,-0.0085517504461734
West Midlands,2010-11-01,129732.0,142662.09966777408,150134.5809861834,136527.21715057764,-0.05105320369475308,-0.189900331228213,0.08779392383870685,3.5,0.0,-0.0853127196064652,-0.0266828797853158,-0.0088700146293216
West Midlands,2010-12-01,128574.0,139993.40131578947,150313.89817969035,138052.64364539538,-0.07113047403612072,-0.20997760156958065,0.06771665349733921,3.5,0.0,-0.2699065836298933,-0.0265790482171257,-0.0188836066869804
West Midlands,2011-01-01,127333.0,138490.3274917853,150657.91664212706,138520.3201352085,-0.08421132850937418,-0.2230584560428341,0.054635799024085746,3.5,0.0,0.0431454418928323,-0.0402026646045785,-0.0107948024556456
West Midlands,2011-02-01,125930.0,135922.27173913043,150075.704255965,139042.94855537545,-0.09905667080047387,-0.2379037983339338,0.03979045673298606,3.5,0.0,-0.0606834249803613,-0.0434328896306029,-0.0187172945643538
West Midlands,2011-03-01,124312.0,133884.8329718004,150208.24740076443,139468.28207805118,-0.11504267230870369,-0.25388979984216364,0.023804455224756244,3.5,0.0,-0.0745834007442161,-0.0463863391369678,-0.01510321604683
West Midlands,2011-04-01,124349.0,132487.7221030043,149383.09882266933,140206.49355763124,-0.12002416151653073,-0.2588712890499907,0.018822966016929205,3.5,0.0,-0.0350156172940983,-0.043060668896527,-0.0104899972138028
West Midlands,2011-05-01,124491.0,132354.9925053533,149414.59618736725,140536.99178147133,-0.1212373166856544,-0.26008444421911436,0.017609810847805524,3.5,0.0,-0.0608264462809917,-0.0479918899562072,-0.0010023278077309
West Midlands,2011-06-01,125217.0,133269.54019292604,149676.68565607394,140632.7771572175,-0.11610384346260538,-0.25495097099606534,0.022743284070854547,3.5,0.0,-0.0672930772419511,-0.0479004746529123,0.0068860454423091
West Midlands,2011-07-01,125441.0,133507.9453376206,150120.75276071616,141050.01241263663,-0.11727899694058053,-0.2561261244740405,0.021568130592879403,3.5,0.0,-0.0658049353701527,-0.045813873814724,0.0017872963131377
West Midlands,2011-08-01,125914.0,133297.0170575693,150086.96911682797,141773.99499656056,-0.11863507092114212,-0.2574821984546021,0.020212056612317814,3.5,0.0,0.0483503981797497,-0.0479461333145794,-0.0015811424352918
West Midlands,2011-09-01,126087.0,132631.77012711865,150003.03316539386,142601.0708037581,-0.12307887222182323,-0.2619259997552832,0.015768255311636697,3.5,0.0,0.1034015653220952,-0.0477188135384755,-0.005003206499019
West Midlands,2011-10-01,125119.0,131474.25079365078,150267.28857738842,143003.61299660834,-0.1336046112135847,-0.27245173874704465,0.00524251631987524,3.5,0.0,-0.0051944197091124,-0.0537714481981886,-0.008765621783489
West Midlands,2011-11-01,125054.0,131267.0422832981,150463.49883334807,143341.8629369056,-0.1364867830938845,-0.27533391062734447,0.002360344439575418,3.5,0.0,0.0714505224339274,-0.0526675650642594,-0.0015772819786654
West Midlands,2011-12-01,124518.0,130017.21766561514,146897.3788097419,140684.1966244356,-0.12206735438868677,-0.2609144819221467,0.016779773144773164,3.5,0.0,0.1238385376999238,-0.0505145368030417,-0.0095668537430988
West Midlands,2012-01-01,124765.0,130963.68393234671,147764.2752447382,140770.39716165393,-0.12069820630313721,-0.25954533383659717,0.018148921230322718,3.5,0.0,0.1703357794084945,-0.0224984634837294,0.0072531776102149
West Midlands,2012-02-01,124068.0,129547.34384858044,147486.42591432304,141248.32934997103,-0.12968973995322308,-0.26853686748668304,0.009157387580236848,3.5,0.0,0.1381977838176875,-0.0162544779957315,-0.010873658985238
West Midlands,2012-03-01,124352.0,129435.572327044,147221.35543898024,141439.24782355202,-0.12875402713062556,-0.2676011546640855,0.01009310040283437,3.5,0.0,0.3104895104895104,-0.0139238886020077,-0.0008631575404773
West Midlands,2012-04-01,124592.0,128874.85,146799.17533408836,141920.65289096156,-0.13022372013151085,-0.2690708476649708,0.008623407401949085,3.5,0.0,-0.087052810902896,-0.0148878541744026,-0.0043414679339388
West Midlands,2012-05-01,124611.0,129028.90823774764,147279.66095615833,142236.85282674307,-0.1322967607638823,-0.27114388829734226,0.006550366769577626,3.5,0.0,0.1432594156986977,-0.0104270697830556,0.0011946957045072
West Midlands,2012-06-01,125441.0,130432.36963350786,147788.4517100257,142132.90169493912,-0.12492701881432389,-0.26377414634778384,0.013920108719136043,3.5,0.0,0.0754074074074073,-0.0072694283770639,0.0108183779511108
West Midlands,2012-07-01,125980.0,130855.79497907952,148085.03897224224,142567.2681344044,-0.12369078121456845,-0.2625379087480284,0.015156346318891484,3.5,0.0,-0.0043326345213137,-0.0041787271232135,0.0032410631140145
West Midlands,2012-08-01,126814.0,131036.7346514048,147454.935929519,142703.11523491214,-0.11804490889959496,-0.2568920364330549,0.02080221863386497,3.5,0.0,0.0538524145415084,-0.0052203811743397,0.0013817858903433
West Midlands,2012-09-01,126616.0,130289.83212435234,147696.85816929193,143532.19348778116,-0.12540047086973694,-0.2642475984031969,0.013446656663722995,3.5,0.0,-0.1242668121675077,-0.005092790278195,-0.0057162543407294
West Midlands,2012-10-01,126446.0,129444.20412371134,147875.78515681234,144450.66626596978,-0.13312269977567048,-0.27196982730913044,0.0057244277577894465,3.5,0.0,0.0665373713262718,-0.0028791253087642,-0.0065115146303291
West Midlands,2012-11-01,126136.0,128861.16049382716,147952.36260273706,144823.46067458251,-0.13815479812571674,-0.2770019256591767,0.0006923294077431918,3.5,0.0,0.1029685931449877,-0.0069680962205079,-0.0045143825869242
West Midlands,2012-12-01,126211.0,128409.34733606558,146076.64112910262,143575.83256999412,-0.1289082360426974,-0.26775536357615737,0.00993889149076252,3.5,0.0,-0.0634318243426402,-0.007962706527601,-0.0035123623462531
West Midlands,2013-01-01,125901.0,128753.54582904224,148700.04284313522,145405.58066534167,-0.14403106199963034,-0.2828781895330903,-0.005183934466170409,3.5,0.0,0.0258407752232567,-0.0143028838853491,0.0026768924106992
West Midlands,2013-02-01,125925.0,127856.36503067485,148256.3492444011,146016.8273524917,-0.14803537927416066,-0.2868825068076206,-0.009188251740700731,3.5,0.0,0.0308596620132255,-0.0144363139670933,-0.0069925939422912
West Midlands,2013-03-01,125522.0,127057.43730886852,147973.6818045908,146185.48021178608,-0.1523951858132122,-0.29124231334667217,-0.013548058279752279,3.5,0.0,-0.0963180362860192,-0.0163186244091009,-0.0062682391486799
West Midlands,2013-04-01,125823.0,127102.98982706,147909.88073865636,146420.35525286928,-0.15160547303102945,-0.2904526005644894,-0.012758345497569518,2.3,0.0,0.1528270199664116,-0.0162332181020719,0.000358454848321
West Midlands,2013-05-01,126106.0,127130.2111675127,147724.17649597928,146534.05221403786,-0.15013501664498285,-0.2889821441784428,-0.011287889111522925,2.3,0.0,0.2033559113300491,-0.0120601541507592,0.0002141446549881
West Midlands,2013-06-01,126956.0,128247.51576805695,148074.63553999228,146583.4508920568,-0.14375432720597203,-0.282601454739432,-0.0049071996725121025,2.3,0.0,0.0724617715938835,-0.0150931378357214,0.0087502676369997
West Midlands,2013-07-01,128253.0,129557.71007121056,148248.88999768413,146755.95052137313,-0.1347661309935706,-0.27361325852703056,0.004080996539889331,2.3,0.0,0.1975014037057831,-0.0172056741812239,0.0101643058544667
West Midlands,2013-08-01,129455.0,130241.96048632218,147759.78166144973,146866.9733130422,-0.12619390321818535,-0.2650410307516453,0.012653224315274575,2.3,0.0,0.1693911700347534,-0.0161765701751311,0.0052675355268672
West Midlands,2013-09-01,129647.0,129908.64883955602,147550.11584071888,147252.9353455714,-0.12733638427214977,-0.26618351180560973,0.011510743261310158,2.3,0.0,0.2560747663551401,-0.0150390296780213,-0.0025624528038701
West Midlands,2013-10-01,130231.0,130493.8274470232,147592.31773874833,147295.05224481327,-0.12312793658380272,-0.2619750641172627,0.015719190949657208,2.3,0.0,0.2271646384109666,-0.0149314685572647,0.0044944241764124
West Midlands,2013-11-01,130476.0,130607.52822580644,147887.15349143354,147738.22383031427,-0.12425264795798974,-0.2630997754914497,0.014594479575470193,2.3,0.0,0.2224678195293199,-0.0098274865290639,0.0008709321763369
West Midlands,2013-12-01,131046.0,130651.28313253014,143310.35903514354,143743.32084491738,-0.09248080830812988,-0.2313279358415898,0.04636631922533005,2.3,0.0,0.3173661360347322,-0.0087861095507296,0.0003349544989923
West Midlands,2014-01-01,131217.0,131614.62727272726,144433.67354488024,143997.3180356812,-0.09294223336350171,-0.23178936089696164,0.045904894169958216,2.3,0.0,0.4030375995554731,0.0100274945057567,0.0073463491404748
West Midlands,2014-02-01,130825.0,130562.03517587938,144154.95384123168,144445.2961450408,-0.0990403102264974,-0.23788743775995733,0.03980681730696253,2.3,0.0,0.3382038488952246,0.010943192557159,-0.0080296830585275
West Midlands,2014-03-01,131168.0,130641.7492477432,144262.0952070211,144843.2114012085,-0.09917291238997983,-0.23802003992343976,0.0396742151434801,2.3,0.0,0.1703572483023323,0.0131144061167758,0.0006103592604098
West Midlands,2014-04-01,131969.0,130914.3026973027,144200.0017293375,145361.73386814384,-0.09665830559322863,-0.23550543312668856,0.0421888219402313,2.3,0.0,0.3133700226610554,0.0141835591011834,0.0020840928449885
West Midlands,2014-05-01,133235.0,132302.355,144295.95445231817,145313.1464776618,-0.08677655829734832,-0.22562368583080825,0.052070569236111613,2.3,0.0,0.1248560828962517,0.0121902677146237,0.0105469401657494
West Midlands,2014-06-01,134533.0,133324.61976047905,144371.67852393878,145680.18316312856,-0.07960417060867897,-0.2184512981421389,0.05924295692478096,2.3,0.0,0.1939627488760436,0.0152639075407969,0.0076970330919436
West Midlands,2014-07-01,135153.0,134341.27027027024,144914.57325877913,145790.19001562978,-0.0757610634331165,-0.21460819096657643,0.06308606410034343,2.3,0.0,0.1186261868479663,0.0111800977867646,0.0075964509230388
West Midlands,2014-08-01,136900.0,135670.35928143712,144462.3992046207,145771.72608562937,-0.06279114587960066,-0.2016382734130606,0.07605598165385927,2.3,0.0,0.0836543753439735,0.0142166746569951,0.0098447592637835
West Midlands,2014-09-01,137474.0,136103.37188434694,144679.50016960842,146136.4941290204,-0.06110626794671603,-0.19995339548017596,0.0777408595867439,2.3,0.0,0.1305803571428572,0.015294767564127,0.0031865697060666
West Midlands,2014-10-01,138384.0,136867.8406374502,144901.19318848875,146506.34235774694,-0.057036290500217746,-0.19588341803367768,0.08181083703324218,2.3,0.0,0.1242448421292601,0.0183930769852165,0.0056011089568226
West Midlands,2014-11-01,138237.0,137132.2087912088,145758.94919350406,146933.24082849704,-0.06100873616889757,-0.1998558637023575,0.07783839136456236,2.3,0.0,-0.1049776643267389,0.0173787412511672,0.0019296948036746
West Midlands,2014-12-01,138583.0,137475.44355644356,148661.2041071954,149858.87745347695,-0.07822461016297311,-0.21707173769643304,0.06062251737048682,2.3,0.0,-0.0041744479841809,0.0214575234719296,0.0024998206790147
West Midlands,2015-01-01,137916.0,137916.0,149829.07669237658,149829.07669237658,-0.08285035149327058,-0.2216974790267305,0.05599677604018935,2.3,0.0,-0.1188118811881188,-0.0193339509511335,0.0031994953342771
West Midlands,2015-02-01,137888.0,137610.83819095476,150469.02009031395,150772.0795466892,-0.0893275281036221,-0.22817465563708203,0.04951959942983783,2.3,0.0,-0.0893475366178429,-0.017388539104114,-0.0022151158546144
West Midlands,2015-03-01,137527.0,136975.23671013038,151352.83520347686,151962.51429795212,-0.09981361250442156,-0.23866074003788149,0.039033515029038374,2.3,0.0,-0.0131180625630675,-0.0144109286165508,-0.0046295327704992
West Midlands,2015-04-01,138329.0,137498.19519519518,151544.5732532782,152460.25043305635,-0.09726900340286804,-0.23611613093632797,0.04157812413059189,2.3,0.0,-0.0918166132610303,-0.0144109286165508,0.0038106356178477
West Midlands,2015-05-01,138803.0,137693.6853146853,152396.85035214317,153624.6195392702,-0.10145642965635737,-0.2403035571898173,0.03739069787710256,2.3,0.0,-0.0525417946093483,-0.01243777732249,0.0014207552345784
West Midlands,2015-06-01,140121.0,138862.42814371258,152520.88577560408,153903.25029925004,-0.09381782513134418,-0.2326649526648041,0.04502930240211575,2.3,0.0,0.0564819795589026,-0.0153955330834674,0.0084521710421849
West Midlands,2015-07-01,141409.0,140419.13700000002,153263.44020629395,154343.84713624767,-0.0875264864317451,-0.22637361396520503,0.05132064110171483,2.3,0.0,0.081001781410458,-0.0144109286165508,0.0111480682779276
West Midlands,2015-08-01,143222.0,141794.06380857425,153400.60213027213,154945.4218898922,-0.07867706406076458,-0.2175241915942245,0.06017006347269535,2.3,0.0,-0.0425596749619096,-0.015396517687934,0.0097439643725749
West Midlands,2015-09-01,144595.0,143296.24251497004,154170.3367978421,155567.65102863824,-0.07314396087669905,-0.21199108841015898,0.06570316665676088,2.3,0.0,0.0303828013600964,-0.0153935697644905,0.0105383632859563
West Midlands,2015-10-01,145094.0,143647.39980059818,154586.5703977461,156143.33344304064,-0.07339258128684101,-0.21223970882030094,0.06545454624661892,2.3,0.0,0.0396431106154313,-0.0134273067888228,0.0024475709452769
West Midlands,2015-11-01,145608.0,144156.27517447656,154949.72675181067,156510.14696079164,-0.07220276538045667,-0.2110498929139166,0.06664436215300326,2.3,0.0,0.110992275698158,-0.0134282874686112,0.0035362710654887
West Midlands,2015-12-01,146015.0,144559.21734795612,151840.8156103345,153369.92755001562,-0.04914347411864384,-0.18799060165210377,0.08970365341481609,2.3,0.0,0.0854936569222284,-0.0163762109124302,0.0027912768488924
West Midlands,2016-01-01,146612.0,146317.3025125628,152989.00745798319,153297.1424176166,-0.044588503753516306,-0.18343563128697624,0.09425862377994362,2.3,0.0,0.0898876404494382,0.0267511769862067,0.0120883361377384
West Midlands,2016-02-01,146486.0,145752.10220440882,153321.165746511,154093.17564452966,-0.050627595354796995,-0.18947472288825692,0.08821953217866293,2.3,0.0,0.1713700833455183,0.0267346829085941,-0.0038703198935241
West Midlands,2016-03-01,146575.0,145258.45808383232,153819.72529259452,155213.86177560897,-0.05726667647493322,-0.19611380400839315,0.08158045105852671,2.3,0.0,0.9134713701431494,0.0257100348194687,-0.0033926232338092
West Midlands,2016-04-01,148291.0,146959.04491017963,154369.50555035603,155768.6249360088,-0.04919517326454681,-0.18804230079800674,0.08965195426891312,2.3,0.0,-0.1566019812729,0.0236688822411261,0.0116393166570194
West Midlands,2016-05-01,150491.0,148842.19422310757,154323.13382426032,156032.65494416654,-0.036162030172610216,-0.17500915770607015,0.10268509736084971,2.3,0.0,-0.1540031208738447,0.0257223805003863,0.012732703622186
West Midlands,2016-06-01,153265.0,151284.43836978133,154849.93920248566,156877.17909133996,-0.023294751102987732,-0.16214187863644766,0.1155523764304722,2.3,0.0,-0.115682281059063,0.0257285164513598,0.0162751171643176
West Midlands,2016-07-01,154637.0,152638.70874751493,155372.78410872092,157406.86889564275,-0.01775353995935447,-0.1566006674928144,0.12109358757410546,2.3,0.0,-0.125436215587437,0.0247119613767941,0.0089119855066854
West Midlands,2016-08-01,155878.0,153406.1982160555,156349.68585305745,158868.91543377138,-0.01900578094990557,-0.1578529084833655,0.11984134658355436,2.3,0.0,-0.0169743263314237,0.0226666281205529,0.0050155454965672
West Midlands,2016-09-01,156425.0,153639.98516320475,157468.71263235938,160323.13038400337,-0.024614681669770988,-0.16346180920323092,0.11423244586368894,2.3,0.0,-0.0512028954651905,0.0226848719256136,0.0015228132117108
West Midlands,2016-10-01,155872.0,152945.54940711462,158540.38773203408,161573.88961210323,-0.035927401225817945,-0.17477452875927788,0.10291972630764198,2.3,0.0,-0.1879266627657499,0.0196441475223092,-0.0045301350872328
West Midlands,2016-11-01,155806.0,152579.24852071004,158907.68020160854,162268.2655835157,-0.0406392824272821,-0.17948640996074203,0.09820784510617783,2.3,0.0,-0.070167932399187,0.0196531974040947,-0.0023978483213031
West Midlands,2016-12-01,156416.0,152425.0127576055,154252.02409515687,158290.84849241175,-0.011915029380752173,-0.1507621569142121,0.12693209815270776,2.05,0.0,-0.0490853658536585,0.0176420471133569,-0.0010113680091237
West Midlands,2017-01-01,157285.0,154027.61834319524,155358.10585229553,158643.62470717792,-0.008600886252772,-0.14744801378623193,0.13024624128068793,2.05,0.0,-0.0498969072164948,0.0099770125729663,0.0104591707335632
West Midlands,2017-02-01,157750.0,153423.84916748287,154518.0224764535,158875.02613137866,-0.007106392565882302,-0.14595352009934223,0.13174073496757763,2.05,0.0,-0.096242666333791,0.0068618040678687,-0.0039275789232018
West Midlands,2017-03-01,157178.0,152270.97951219513,154498.5473749421,159477.3525270047,-0.01452300062510048,-0.1533701281585604,0.12432412690835945,2.05,0.0,-0.4064524747845836,0.0029736868339436,-0.0075426537372642
West Midlands,2017-04-01,157897.0,152372.90670553932,155017.45251240543,160637.42057932046,-0.01720685750938422,-0.15605398504284415,0.12164027002407571,2.05,0.0,0.1922767497988737,0.003063890244852,0.0006691563609759
West Midlands,2017-05-01,159154.0,152991.2120038722,155125.56756527768,161374.33161624556,-0.013854420419304958,-0.1527015479527649,0.12499270711415497,2.05,0.0,0.15394438138479,-0.0008352891147003,0.0040496319340874
West Midlands,2017-06-01,161503.0,155249.25363020328,156459.97409113206,162762.49067083528,-0.007768307395613405,-0.14661543492907333,0.13107882013784652,2.05,0.0,0.1407185628742515,-0.0027176533177812,0.014651431407481
West Midlands,2017-07-01,164094.0,157892.77325581395,157818.3133763562,164016.6157144004,0.0004716963324451484,-0.13837543120101478,0.13931882386590508,2.05,0.0,-0.0033252050543116,-0.0007310350972989,0.0168842390928567
West Midlands,2017-08-01,166279.0,159070.37283236996,157954.7818249438,165112.85350885364,0.007037899648176804,-0.13180922788528313,0.14588502718163673,2.05,0.0,0.0321605870925965,0.0002372487834207,0.0074305483733549
West Midlands,2017-09-01,167464.0,159742.31700288184,158134.83565907783,165778.81563051362,0.010113938878550499,-0.12873318865490943,0.14896106641201043,2.05,0.0,0.021541568495456,-0.0025788962648093,0.004215297489102
West Midlands,2017-10-01,167619.0,159736.7245681382,158170.6964233733,165975.69554194863,0.00985218153846823,-0.1289949459949917,0.14869930907192816,2.05,0.0,0.09343100756575,-0.0034819574458344,-3.500971279279952e-05
West Midlands,2017-11-01,167113.0,158645.5152963671,158078.71517150092,166515.94770331314,0.003579143465598733,-0.1352679840678612,0.14242627099905866,2.05,0.0,0.0408374554239043,-0.0034535790693228,-0.0068547387881512
West Midlands,2017-12-01,167747.0,158791.96472831268,154656.7123627828,163378.54105595083,0.026387045821580912,-0.11246008171187902,0.16523417335504084,2.05,0.0,-0.0350539702896227,-0.0053025361075295,0.0009226978636824
West Midlands,2018-01-01,167696.0,159503.95402298847,155421.1638750478,163403.5197236152,0.025930093697711598,-0.11291703383574833,0.16477722123117153,2.05,0.0,-0.0034722222222222,-0.0107203393754597,0.0044737644452474
West Midlands,2018-02-01,168618.0,159616.4671115348,155684.85091279508,164464.66123617528,0.024940079619819144,-0.11390704791364079,0.16378720715327907,2.05,0.0,-0.0251381215469613,-0.0108598269930001,0.0007051450534465
West Midlands,2018-03-01,168120.0,158993.4857142857,156008.44238620883,164963.60977393683,0.01895310738498779,-0.11989402014847214,0.15780023491844772,2.3,0.0,-0.0719108710330858,-0.0087786717392979,-0.0039106260533365
West Midlands,2018-04-01,169472.0,159663.84819734344,156521.72309650067,166136.85412256973,0.019875850302275566,-0.11897127723118436,0.1587229778357355,2.3,0.0,-0.0412955465587044,-0.005843055194148,0.0042074253477792
West Midlands,2018-05-01,170003.0,159558.58128544423,156573.65110903716,166822.68164487547,0.018884622188936717,-0.11996250534452321,0.15773174972239665,2.3,0.0,-0.0111889831550473,-0.0057510334470471,-0.000659520797992
West Midlands,2018-06-01,171756.0,161203.88279773155,156839.92341664882,167106.3836604375,0.027444227482661177,-0.11140290005079875,0.1662913550161211,2.3,0.0,-0.0569351907934585,-0.0056597075165593,0.0102587810367005
West Midlands,2018-07-01,173488.0,162829.47448015123,157373.0471104114,167674.40467554406,0.03408440121674161,-0.10476272631671832,0.17293152875020154,2.3,0.0,-0.0262455516014235,-0.0056597075165593,0.0100335677397467
West Midlands,2018-08-01,174413.0,162621.6985915493,157104.91085097782,168496.20348065597,0.034512831714707204,-0.10433429581875273,0.17335995924816713,2.3,0.0,0.0320995399414469,-0.0066222828239005,-0.0012768484738874
West Midlands,2018-09-01,175765.0,163728.56003752348,157218.01538921977,168775.83525166995,0.04057645973315793,-0.098270667800302,0.17942358726661786,2.3,0.0,-0.1042284459088412,-0.0074140349076854,0.0067832989917153
West Midlands,2018-10-01,175916.0,163715.64011246484,158174.97611729946,169962.43657317074,0.03442915707958072,-0.10441797045387921,0.17327628461304065,2.3,0.0,0.0120812740252609,-0.0054791117740935,-7.891375116386712e-05
West Midlands,2018-11-01,176447.0,163749.41214953273,158347.00823264057,170625.67855883727,0.033548405160251704,-0.10529872237320823,0.17239553269371163,2.3,0.0,0.0721706454465074,-0.0054567277188537,0.0002062634589812
West Midlands,2018-12-01,176836.0,163957.18767507002,153016.1548801045,165035.5507317139,0.06906183971261015,-0.06978528782084978,0.20790896724607008,2.55,0.0,-0.0709934655000553,-0.0044380465190178,0.001268058400349
West Midlands,2019-01-01,176255.0,164648.367826905,154378.2280779007,165260.88262518475,0.06440647799784749,-0.07444064953561244,0.20325360553130742,2.55,0.0,-0.0319396051103367,0.0102980517268078,0.0042067528047944
West Midlands,2019-02-01,176856.0,164436.3370786517,154128.23269109285,165769.33787924185,0.06473855091742742,-0.07410857661603251,0.20358567845088735,2.55,0.0,-0.0062340606404081,0.0130496533355564,-0.0012886091297019
West Midlands,2019-03-01,175327.0,162710.01028037383,154032.29480239897,165976.39016975518,0.054807251396036705,-0.08403987613742323,0.19365437892949663,2.55,0.0,-0.0240087304474354,0.0131359676024451,-0.0105539483244267
West Midlands,2019-04-01,175571.0,162027.8838289963,154076.35237424256,166954.83902788014,0.05032016863621891,-0.08852695889724102,0.18916729616967884,2.55,0.0,0.0387105855855856,0.0122062614767797,-0.0042010955111795
West Midlands,2019-05-01,175469.0,161483.51899907322,153921.38714390184,167251.9403104432,0.04796108892762163,-0.0908860386058383,0.18680821646108156,2.55,0.0,-0.0024869435463814,0.0103965105047645,-0.0033653549082739
West Midlands,2019-06-01,176245.0,162197.66913809083,153694.66620655076,167005.58392433863,0.05384782396520116,-0.08499930356825877,0.1926949514986611,2.55,0.0,-0.1023335474202525,0.0114111129064859,0.0044126833687272
West Midlands,2019-07-01,176786.0,162695.54958294716,153989.85922307114,167326.3424991881,0.05499390929024095,-0.08385321824321898,0.19384103682370088,2.55,0.0,0.0114207400639561,0.0114111129064859,0.003064889052192
West Midlands,2019-08-01,177976.0,163035.2103321033,154451.35779122572,168605.51041861903,0.05408698132271361,-0.08476014621074632,0.19293410885617354,2.55,0.0,-0.0541991692837605,0.0114111129064859,0.0020855314515344
West Midlands,2019-09-01,179414.0,164201.01566820277,155560.89912085907,169973.3892710293,0.054054093386266544,-0.08479303414719339,0.19290122091972647,2.55,0.0,0.0246444335458557,0.0134068224089476,0.007125190768221
West Midlands,2019-10-01,179733.0,164796.73961218836,156692.61303072463,170894.360435322,0.05042682595998116,-0.08842030157347877,0.1892739534934411,2.55,0.0,-0.0232230059685295,0.0134234855963522,0.0036214508184073
West Midlands,2019-11-01,179280.0,164078.37788018433,156858.990043916,171391.74642260713,0.04499697838220307,-0.09385014915125686,0.183844105915663,2.55,0.0,-0.0508195031440057,0.0162474314430152,-0.0043686058097573
West Midlands,2019-12-01,178488.0,163353.533640553,151476.19233902483,165510.24037043497,0.07548830381613136,-0.06335882371732857,0.2143354313495913,2.55,0.0,0.0376728659990461,0.0172262003640684,-0.0044274574235636
West Midlands,2020-01-01,179060.0,164331.40480591496,152219.84999457945,165862.91812098186,0.07655929245744986,-0.06228783507601007,0.2154064199909098,2.55,0.0,0.065236952609478,0.0180126366032662,0.0059683797050347
West Midlands,2020-02-01,178387.0,163110.76519337017,152290.5266695855,166553.3856628095,0.0686394548959317,-0.07020767263752822,0.20748658242939164,2.55,0.0,0.0116909039064727,0.013209936029485,-0.0074556387578557
West Midlands,2020-03-01,177824.0,162595.97790055248,152457.10248702767,166735.56223656802,0.06438519933927545,-0.07446192819418448,0.20323232687273537,2.55,0.0,-0.0745434215430488,0.0142262898163474,-0.0031610504380985
West Midlands,2020-04-01,175618.0,160726.88847926268,153540.73923800167,167766.06452490613,0.04574064569675684,-0.09310648183670309,0.18458777323021677,2.55,0.0,-0.5603740344220084,0.0161255899845429,-0.011561880935762
West Midlands,2020-05-01,177295.0,162261.69124423963,154708.97765058503,169042.53852052844,0.0476646214207026,-0.09118250611275733,0.18651174895416253,2.55,0.0,-0.4977561705310396,0.0227652632914232,0.0095038302504626
West Midlands,2020-06-01,178914.0,163592.63535911602,154951.67252606273,169463.76270221965,0.05426612886491,-0.08458099866854993,0.19311325639836993,2.55,0.0,-0.2907226329596947,0.0256168393043174,0.0081689970495641
West Midlands,2020-07-01,182208.0,165841.0119156737,155024.75675399575,170324.27957563882,0.06744474470894701,-0.07140238282451292,0.20629187224240694,1.9,0.0,-0.2028003613369466,0.0246724407414222,0.0136501628546081
West Midlands,2020-08-01,182927.0,167261.98066298343,156656.75237460376,171328.53280847904,0.06550420838601845,-0.07334291914744148,0.20435133591947838,1.9,0.0,-0.2152956298200514,0.0199764167233589,0.0085317598366092
West Midlands,2020-09-01,183383.0,166910.46654445466,156638.8994518683,172097.7233655471,0.06351438738587767,-0.07533274014758226,0.2023615149193376,1.9,0.0,-0.0136412588249371,0.029420691161911,-0.0021037895321072
West Midlands,2020-10-01,184362.0,167801.5270394134,157315.32679083015,172840.90788398357,0.06452965234140606,-0.07431747519205387,0.203376779874866,1.9,0.0,0.1153205199422287,0.0256482040267327,0.0053243541735934
West Midlands,2020-11-01,185557.0,169199.35812672175,157213.50305613744,172412.39156911752,0.07347287997781571,-0.06537424755564422,0.21232000751127564,1.9,0.0,0.0907906168549088,0.0237576082589414,0.0082957592418626
West Midlands,2020-12-01,188245.0,171178.8324175824,149630.62947218973,164548.4867911694,0.13453902659796135,-0.004308100935498577,0.2733861541314213,1.9,0.0,0.2922794117647058,0.0275318554574519,0.0116311600549909
West Midlands,2021-01-01,190535.0,173579.1330275229,151010.49372068414,165761.77054939148,0.13928426430787688,0.00043713677441695187,0.27813139184133684,1.9,0.0,0.1796424046177671,0.0311421388867183,0.0139247799044905
West Midlands,2021-02-01,193382.0,176011.29789184235,151065.26291798768,165974.01998340842,0.1528362373489447,0.013989109815484763,0.29168336488240465,1.9,0.0,0.5025366403607667,0.030177827209038,0.0139145919980681
West Midlands,2021-03-01,196264.0,178144.56307129798,152070.03968647518,167537.38511279342,0.15825417063359914,0.019407043100139215,0.2971012981670591,1.9,0.0,1.0385286615653109,0.0330385062631637,0.0120471872157956
West Midlands,2021-04-01,197014.0,177688.37602179838,152916.92609465352,169548.37424996326,0.1501365122942353,0.011289384760775373,0.28898363982769526,1.9,0.0,2.0499383477188657,0.0302056767213085,-0.0025640532357176
West Midlands,2021-05-01,197138.0,176676.92599277978,153695.5365655998,171495.12035718485,0.13934917763783972,0.0005020501043797865,0.2781963051712997,1.9,0.0,1.160337552742616,0.0227131840729304,-0.0057085316760527
West Midlands,2021-06-01,200619.0,178988.9191374663,154312.0234876058,172960.0021568029,0.1483472205341645,0.009500093000704563,0.28719434806762445,1.9,0.0,2.216207128446537,0.0162519996970185,0.0130011118154342
West Midlands,2021-07-01,201938.0,180165.70889487868,155456.59971456876,174242.89575258314,0.14751044121571155,0.008663313682251622,0.2863575687491715,1.9,0.0,-0.0728045325779036,0.012619056903065,0.0065531327002545
West Midlands,2021-08-01,203377.0,180154.64852809993,155578.49865475067,175632.92748436605,0.14666522177094166,0.007818094237481726,0.2855123493044016,1.9,0.0,0.1814086814086815,0.0172812072571306,-6.139185063602781e-05
West Midlands,2021-09-01,202377.0,178790.3567615658,156098.11938945405,176691.12406218165,0.13572914820836246,-0.0031179793250974697,0.2745762757418224,1.9,0.0,0.7786000242630111,0.0053925159082173,-0.0076017123301515
West Midlands,2021-10-01,202478.0,176990.0123239437,155713.405736109,178137.39065077525,0.12807612851748296,-0.010770999015976973,0.2669232560509429,1.9,0.0,-0.3247335391971312,0.0073256082537243,-0.0101206247507157
West Midlands,2021-11-01,203538.0,176518.10829694322,156185.8020208761,180093.39709355804,0.12237713057281141,-0.01646999696064852,0.26122425810627137,1.9,0.0,-0.1624850657108721,-0.0033151552137442,-0.0026698357394643
West Midlands,2021-12-01,203516.0,175578.96437880103,155390.9696974858,180115.81683968395,0.12214455500354937,-0.01670257252991056,0.26099168253700933,1.9,0.0,-0.1698968705547653,-0.0129621010134878,-0.0053345865000764
West Midlands,2022-01-01,206378.0,178358.01044386422,157409.43887625006,182138.41416798724,0.1249425233425967,-0.013904604190863229,0.26378965087605666,1.9,0.0,-0.1590881966821816,-0.0427740119972454,0.0157039437816575
West Midlands,2022-02-01,209279.0,179459.45336787563,157979.6505766099,184230.045687527,0.12748306496878037,-0.011364062564679561,0.2663301925022403,1.9,0.0,-0.2422622397298818,-0.0428640350676206,0.0061564709066779
West Midlands,2022-03-01,212020.0,179791.51152860804,155431.9865884749,183293.91369094068,0.14558965963708204,0.006742532103622106,0.284436787170542,1.9,0.0,-0.3804412248929865,-0.0494316338953046,0.0018486144102194
West Midlands,2022-04-01,213974.0,177063.48500000002,153957.46436053194,186051.31644777273,0.13983198177188783,0.0009848542384278958,0.2786791093053478,1.55,0.0,-0.1518091772791591,-0.0573996578351519,-0.0152895697097328
West Midlands,2022-05-01,215007.0,176740.02566225166,154304.97710543103,187714.41323601277,0.13574885640869105,-0.0030982711247688755,0.274595983942151,1.55,0.0,-0.03125,-0.0742936580261914,-0.00182846929507
West Midlands,2022-06-01,216278.0,176325.16748768472,155164.87521713742,190323.0795714737,0.1278415703165301,-0.011005557216929834,0.26668869784999005,1.8,0.0,-0.5382645060115003,-0.074577632398921,-0.0023500383132812
West Midlands,2022-07-01,219733.0,178118.26040816327,155267.33643640947,191543.29016576192,0.13729933155548757,-0.0015477959779723605,0.2761464590889475,2.05,0.0,0.4222425908952032,-0.0780337099574959,0.0101178810277318
West Midlands,2022-08-01,222773.0,179702.34687246144,155827.05712193716,193175.3346597227,0.14255506955493047,0.0037079420214705394,0.2814021970883904,2.05,0.0,0.1072212593876371,-0.0833020887577388,0.008854139649097
West Midlands,2022-09-01,225571.0,180930.53554119548,155428.67148251232,193777.13524204455,0.15192625397271975,0.01307912643925982,0.2907733815061797,2.3,0.0,-0.3390628197258031,-0.0812132451606529,0.0068113224113339
West Midlands,2022-10-01,227492.0,179001.2329635499,153792.6400670654,195454.49321715665,0.15178749187530016,0.012940364341840233,0.2906346194087601,2.55,0.0,0.3732113881103407,-0.0839633861607136,-0.010720482180929
West Midlands,2022-11-01,228025.0,178712.56906077347,154553.51784223766,197199.70504140496,0.14523832563204486,0.006391198098584933,0.2840854531655048,2.55,0.0,0.1378982406086544,-0.0917902861836483,-0.0016139380913013
West Midlands,2022-12-01,228359.0,178270.82311320756,145053.24857527428,185808.3909242184,0.2062029656197666,0.06735583808630666,0.34505009315322654,3.05,0.0,-0.009853271928885,-0.0882074530279117,-0.0024748836093024
West Midlands,2023-01-01,226214.0,177714.00474683545,145676.21954587247,185432.7709022989,0.19878905855238216,0.05994193101892223,0.3376361860858421,3.55,0.0,-0.077348850411581,-0.0451190219960626,-0.0031283289449444
West Midlands,2023-02-01,226369.0,175750.13057075837,145857.67713352805,187867.03832203665,0.18643194151101206,0.047584813977552126,0.325279069044472,3.55,0.0,-0.1979205347196435,-0.0407451926639613,-0.0111122696108978
West Midlands,2023-03-01,222980.0,171775.90380139643,146265.74103551666,189865.5993905146,0.16076563111316666,0.021918503579706733,0.2996127586466266,4.3,0.0,-0.1438137755102041,-0.0445696243628599,-0.0228725311797006
West Midlands,2023-04-01,220914.0,168226.68865030675,147273.77822261667,193398.79839102936,0.13301911558801827,-0.0058280119454416635,0.2718662431214782,4.8,0.0,-0.3309103908484271,-0.041339115978617,-0.0208783353753005
West Midlands,2023-05-01,219253.0,165817.38690022848,149704.92652243265,197948.2059657141,0.10222090372574755,-0.03662622380771238,0.24106803125920748,4.8,0.0,-0.2743121442125237,-0.0288983673671268,-0.0144253031587897
West Midlands,2023-06-01,219966.0,166103.6030418251,150731.86838048403,199609.67464283635,0.09710915609722015,-0.04173797143623978,0.23595628363068008,5.3,0.0,-0.1056266274199025,-0.0291251796296357,0.0017246044764238
West Midlands,2023-07-01,222839.0,169044.40565317034,151385.5646155382,199560.62848110727,0.11033144529591787,-0.028515682237542056,0.2491785728293778,5.55,0.0,-0.2306122448979591,-0.0225769757509006,0.0175497273653935
West Midlands,2023-08-01,223424.0,168971.8446306169,153084.99297136025,202417.51840019738,0.09873882445412718,-0.04010830307933275,0.2375859519875871,5.55,0.0,-0.1681101951372221,-0.012453687313629,-0.0004293345281904
West Midlands,2023-09-01,225448.0,169598.3818181818,154093.12725529805,204836.78547532068,0.09587604006620865,-0.042971087467251284,0.23472316759966858,5.8,0.0,-0.1963880288957687,-0.0106399802351668,0.0037010809209583
West Midlands,2023-10-01,224398.0,168808.49545454545,155882.31178536304,207215.15766030134,0.0796635985120151,-0.05918352902144483,0.21851072604547503,6.3,0.0,-0.1816521645719196,-0.0102904906286969,-0.0046682727282973
West Midlands,2023-11-01,224071.0,168946.4715261959,157552.09102163342,208958.8155845833,0.06982578799040695,-0.06902133954305298,0.20867291552386688,6.3,0.0,-0.2274341830338487,0.0088961234463527,0.0008170188024703
West Midlands,2023-12-01,222941.0,167458.70877458397,148603.43326618956,197838.6090411909,0.11945557000065321,-0.01939155753280672,0.25830269753411317,6.55,0.0,-0.222714981070849,0.0152006088229492,-0.0088451221233221
West Midlands,2024-01-01,221597.0,167335.22509505702,152348.96957758427,201751.15306598524,0.09382539442075633,-0.045021733112703605,0.23267252195421625,6.55,0.0,-0.1255191508998615,0.0169902084983415,-0.000737669788096
West Midlands,2024-02-01,220143.0,165232.0476190476,153599.05009821634,204644.05164143024,0.07300519868602962,-0.06584192884743031,0.21185232621948955,6.55,0.0,-0.0390432098765431,0.0159736317301555,-0.0126483011845852
West Midlands,2024-03-01,218807.0,163364.92556390975,155203.80800335747,207876.1980306802,0.05124736200061086,-0.08759976553284907,0.1900944895340708,6.55,0.0,-0.0892613283674735,0.0218139223777429,-0.0113643295712453
West Midlands,2024-04-01,218978.0,162880.26516853934,155558.23553332564,209134.1837230511,0.04599519481297065,-0.09285193272048928,0.18484232234643058,6.55,0.0,0.1554764024933215,0.0243830689419697,-0.0029711441926139
West Midlands,2024-05-01,220260.0,163344.4212098581,156968.81177366085,211662.87911876326,0.03981385059941722,-0.09903327693404271,0.17866097813287715,6.55,0.0,0.2681810753391076,0.0324224533883288,0.0028456237305825
West Midlands,2024-06-01,222736.0,164934.26398210292,159391.14251617834,215250.2740324221,0.03418579725011206,-0.10466133028334787,0.173032924783572,6.55,0.0,-0.0363291139240505,0.0364426224210443,0.0096860093189068
West Midlands,2024-07-01,225113.0,167068.16816143497,162196.7405956223,218549.0824944035,0.029591875204365792,-0.10925525232909414,0.16843900273782572,6.55,0.0,0.1451905626134302,0.0364732318413063,0.0128549273025644
West Midlands,2024-08-01,227012.0,167850.27252419954,165014.99305921127,223177.37731975908,0.017036010244293465,-0.12181111728916647,0.1558831377777534,6.55,0.0,0.1016056196688408,0.0340574039364365,0.0046704253299694
West Midlands,2024-09-01,228399.0,169001.64456035767,166174.10920183305,224577.69843792543,0.01687235669160536,-0.12197477084185457,0.1557194842250653,6.55,0.0,0.0259406703480158,0.0333556749231409,0.0068360989598641
West Midlands,2024-10-01,229219.0,168603.3088888889,167239.1554188474,227364.41069027592,0.00812381468958101,-0.13072331284387892,0.14697094222304094,6.55,0.0,0.2412706747177737,0.0396389233179768,-0.0023597749514312
West Midlands,2024-11-01,230251.0,169237.0414507772,168588.71215899047,229368.93265538383,0.0038382514109756016,-0.13500887612248433,0.14268537894443553,6.3,0.0,0.2058147396889791,0.033478100068685,0.0037516732656079
West Midlands,2024-12-01,229717.0,168221.96238938053,161107.01123702977,220001.11504271135,0.04321550181871103,-0.0956316257147489,0.18206262935217096,6.3,0.0,0.1692179237406068,0.0303660520922315,-0.0060160322372588
West Midlands,2025-01-01,229440.0,168267.29689807977,162071.71406307814,220992.04515751038,0.037514851303726005,-0.10133227622973393,0.17636197883718593,6.3,0.0,0.2318381706244503,0.0215935892066292,0.0002694559051867
West Midlands,2025-02-01,228809.0,167064.21838235293,163090.2593702751,223366.31696231032,0.024074493693291288,-0.11477263384016864,0.16292162122675122,6.3,0.0,0.2725228842139071,0.0176852541234404,-0.0071754882727805
West Midlands,2025-03-01,230686.0,167817.72747252748,,,,,,6.05,0.0,1.0438931297709924,0.0193593930284008,0.0045001551808638
West Midlands,2025-04-01,229281.0,164743.87337192474,,,,,,6.05,0.0,-0.3213625154130702,0.0209991556041584,-0.0184864496249694
West Midlands,2025-05-01,228582.0,164004.2817919075,,,,,,6.05,0.0,-0.1416237113402062,0.0122309588797793,-0.004499449296702
West Midlands,2025-06-01,227132.0,162377.30453563714,,,,,,5.8,0.0,0.0572704584263759,0.0137967163219645,-0.0099698684053617
West Midlands,2025-07-01,229793.0,164161.4741007194,,,,,,5.8,0.0,0.0415701572595392,0.0116561486670052,0.0109278740352092
West Midlands,2025-08-01,231704.0,165170.1880832735,,,,,,5.8,0.0,-0.0019357777271692,0.0086667538382467,0.0061258436572781
West Midlands,2025-09-01,232362.0,165639.2433596554,,,,,,5.55,0.0,0.0836149705845537,0.0102556537023277,0.0028358054283579
West Midlands,2025-10-01,232725.0,165304.66738197426,183595.43615738404,258475.74999800898,-0.10494438009287776,-0.2437915076263377,0.033902747440582165,5.55,0.0,0.0487521150592216,0.009503415687657,-0.0020219504321321
West Midlands,2025-11-01,233506.0,166216.0989247312,183133.30109869133,257271.85803894702,-0.09692556647570605,-0.23577269400916598,0.04192156105775388,5.55,0.0,0.0487521150592216,0.0118892693050021,0.003350273707741
West Midlands,2025-12-01,233380.0,165414.94646680943,184057.7430160802,259682.67670244546,-0.10679238503099597,-0.2456395125644559,0.032054742502463957,5.55,0.0,0.0487521150592216,0.0148165347977267,0.0028105273754076
West Midlands,2026-01-01,233145.0,165959.12903225806,183611.13386250084,257943.133673906,-0.10107857090768313,-0.23992569844114306,0.0377685566257768,5.55,0.0,0.0487521150592216,-0.032119914346895,0.0018030786004174
Yorkshire and The Humber,2005-01-01,111935.0,144352.53896103895,150732.20148139237,116881.96892313407,-0.04324626730118908,-0.182093394834649,0.09560086023227085,,,,,
Yorkshire and The Humber,2005-02-01,113342.0,145788.34974093264,151528.70399193777,117804.79303300701,-0.038619161669457114,-0.17746628920291704,0.10022796586400282,,,,,0.009897415749716
Yorkshire and The Humber,2005-03-01,114502.0,146710.30451612905,151523.02199172063,118258.14908719384,-0.03227764896353236,-0.1711247764969923,0.10656947856992757,,,,,0.0063040141554751
Yorkshire and The Humber,2005-04-01,115003.0,146784.0347043702,151963.72124776882,119061.2035556537,-0.03467946151081236,-0.1735265890442723,0.10416766602264757,5.95,0.0,,,0.0005024300638147
Yorkshire and The Humber,2005-05-01,117647.0,149581.90909090912,152008.02822696647,119555.1561382284,-0.01608920704293837,-0.1549363345763983,0.12275792049052156,5.95,0.0,,,0.0188817748449352
Yorkshire and The Humber,2005-06-01,118928.0,151210.6325224072,152844.6494754668,120213.16338402776,-0.010748260468451676,-0.1495953880019116,0.12809886706500825,5.95,0.0,,,0.0108296524971951
Yorkshire and The Humber,2005-07-01,120427.0,152920.73017902812,153332.2100350661,120751.0455663864,-0.002687191204486794,-0.14153431873794672,0.13615993632897314,5.95,0.0,,,0.0112459015370216
Yorkshire and The Humber,2005-08-01,121469.0,153850.40433673467,153824.3483696854,121448.42811866403,0.0001693734496086563,-0.13867775408385127,0.13901650098306859,5.95,0.0,,,0.006061046162225
Yorkshire and The Humber,2005-09-01,121697.0,153746.97328244275,154836.0841796755,122559.07569509056,-0.007058815402475105,-0.14590594293593503,0.13178831213098482,5.95,0.0,,,-0.0006725093626656
Yorkshire and The Humber,2005-10-01,121868.0,153767.374841169,155565.7893153682,123293.32949767854,-0.011627817160263731,-0.15047494469372366,0.1272193103731962,5.95,0.0,,,0.0001326868738349
Yorkshire and The Humber,2005-11-01,121981.0,153909.95298602286,155658.1088510166,123366.49714577047,-0.01129428170072444,-0.15014140923418437,0.1275528458327355,5.95,0.0,,,0.0009268031288929
Yorkshire and The Humber,2005-12-01,122753.0,154491.41825095055,147168.19748437553,116934.24754800835,0.048562416239670725,-0.0902847112937892,0.18740954377313065,5.7,0.0,,,0.0037708389660799
Yorkshire and The Humber,2006-01-01,122401.0,154833.3668789809,148808.40148640494,117638.06159801398,0.03968990383497761,-0.09915722369848232,0.17853703136843754,5.7,0.0,,,0.0022109367484439
Yorkshire and The Humber,2006-02-01,123300.0,155376.7766497462,149143.54901670018,118353.59176753247,0.04094372598021856,-0.09790340155324137,0.1797908535136785,5.7,0.0,,0.0324013764420674,0.0035034981153359
Yorkshire and The Humber,2006-03-01,123869.0,155895.96577946766,149970.0788956893,119160.51585971689,0.038753098583155676,-0.10009402895030425,0.1776002261166156,5.7,0.0,,0.031142267373297,0.0033359143954907
Yorkshire and The Humber,2006-04-01,126934.0,158747.43324937025,149488.24491130002,119530.37911336578,0.060096708750746686,-0.07875041878271324,0.19894383628420662,5.7,0.0,0.1462179198559208,0.0338373206145254,0.0181255703811018
Yorkshire and The Humber,2006-05-01,127236.0,158129.34668335418,149604.29647129888,120376.46815767152,0.05541956315465235,-0.08342756437880758,0.19426669068811228,5.7,0.0,0.2431066681313851,0.0313037597475607,-0.0039011211236257
Yorkshire and The Humber,2006-06-01,128530.0,159338.6891385768,149693.09200769785,120749.41258626986,0.06244491231117344,-0.07640221522228649,0.20129203984463337,5.7,0.0,0.3021215043394407,0.0288019080278671,0.0076187090882946
Yorkshire and The Humber,2006-07-01,130231.0,161649.22874999998,150720.58203719955,121426.45078525644,0.07000106051726007,-0.06884606701619986,0.20884818805072,5.7,0.0,0.1665584114317528,0.02623311425002,0.0143966759507829
Yorkshire and The Humber,2006-08-01,131670.0,162622.276119403,152000.62290234564,123069.99074872698,0.0675455683548325,-0.07130155917862743,0.20639269588829243,5.7,0.0,0.2348654708520179,0.0288315470072921,0.0060014541848207
Yorkshire and The Humber,2006-09-01,131823.0,162608.99254658385,151905.56553002933,123146.00226754644,0.06808945193444771,-0.07075767559901222,0.20693657946790764,5.7,0.0,0.1780707455203787,0.0263311738668767,-8.168693545940187e-05
Yorkshire and The Humber,2006-10-01,132379.0,163092.24193548388,151623.06026544556,123069.67429400717,0.07291836798038176,-0.06592875955307817,0.2117654955138417,5.7,0.0,0.2417287630402385,0.0276711676672096,0.0029674418906111
Yorkshire and The Humber,2006-11-01,132983.0,163430.84034653465,152235.73276295426,123873.58718274627,0.07095971310284455,-0.06788741443061538,0.20980684063630448,5.7,0.0,0.2313411219465095,0.0277019889127438,0.0020739638377342
Yorkshire and The Humber,2006-12-01,134718.0,164544.8634686347,151588.4753966268,124110.20191083342,0.08201380876802844,-0.05683331876543149,0.22086093630148837,5.95,0.0,0.1617021276595744,0.0251581721085043,0.0067933532481365
Yorkshire and The Humber,2007-01-01,133490.0,164461.00496277917,153448.32235346877,124551.20626072088,0.06930964205476009,-0.06953748547869984,0.20815676958822002,5.95,0.0,0.1619433198380566,-0.0219391276029379,-0.0005097690692945
Yorkshire and The Humber,2007-02-01,133735.0,163949.2037037037,152993.11137264172,124798.0062556292,0.06916374966224836,-0.06968337787121157,0.2080108771957083,5.95,0.0,0.1029126213592233,-0.018446349671244,-0.0031168438733217
Yorkshire and The Humber,2007-03-01,134329.0,163868.17813267812,152742.34631538673,125208.73101784976,0.07030982189494317,-0.06853730563851676,0.2091569494284031,6.2,0.0,0.0524578463734499,-0.0195608919933915,-0.0004943335964764
Yorkshire and The Humber,2007-04-01,137552.0,167388.64705882355,152753.51898543202,125525.55034452419,0.09149270117897323,-0.047354426354486695,0.23033982871243316,6.2,0.0,0.0387901404301287,-0.0231406765862267,0.0212560237767664
Yorkshire and The Humber,2007-05-01,139157.0,168927.75183374083,153307.74461321588,126289.76343767431,0.0970238156436185,-0.041823311889841425,0.23587094317707843,6.45,0.0,0.0388829975256275,-0.0193596223944797,0.0091527830616957
Yorkshire and The Humber,2007-06-01,140595.0,170257.11585365853,153877.35459925176,127068.91316353116,0.10115385423988243,-0.037693273293577495,0.24000098177334236,6.45,0.0,-0.0048878027105088,-0.0155970574652843,0.0078386210785819
Yorkshire and The Humber,2007-07-01,140885.0,171654.9754601227,154259.41715411365,126607.67873172469,0.10685079339647352,-0.03199633413698641,0.24569792092993345,6.45,0.0,0.0233853006681514,-0.0155399627557143,0.0081767649072137
Yorkshire and The Humber,2007-08-01,141079.0,171260.93765281173,155187.82497724958,127838.51040421969,0.09855218724780457,-0.04029494028565536,0.2373993147812645,6.45,0.0,0.034876683310637,-0.0107369094885204,-0.0022981609524102
Yorkshire and The Humber,2007-09-01,140589.0,170457.72527472524,155850.02430150777,128540.95659912878,0.08959315823503289,-0.04925396929842704,0.22844028576849282,6.7,0.0,-0.1390180471274332,-0.0094368388011122,-0.004701024231041
Yorkshire and The Humber,2007-10-01,141405.0,170613.8092345079,155995.69448985878,129289.4829457742,0.0895741694396417,-0.04927295809381824,0.22842129697310162,6.7,0.0,-0.09521523443751,-0.0094157782244828,0.000915256507131
Yorkshire and The Humber,2007-11-01,141108.0,169842.71999999997,157565.41640840186,130907.82330003177,0.07503211802924348,-0.06381500950421645,0.2138792455627034,6.95,0.0,-0.1157374735356386,-0.0130057236845598,-0.0045297445445555
Yorkshire and The Humber,2007-12-01,141361.0,169122.25662650602,152710.70668543954,127643.39028088098,0.10207653979311182,-0.03677058774034811,0.24092366732657175,6.95,0.0,-0.3186813186813186,-0.012955257024819,-0.0042509669618659
Yorkshire and The Humber,2008-01-01,138573.0,166993.9186893204,151570.21350053695,125774.27585543046,0.09690842368349628,-0.04193870384996365,0.2357555512169562,6.95,0.0,-0.3111293297806927,0.0081253870330448,-0.0126644686582011
Yorkshire and The Humber,2008-02-01,138126.0,165251.94939759036,151342.17172827013,126499.49902765782,0.08792796416075,-0.050919163372709936,0.22677509169420992,6.95,0.0,-0.2562137531068765,0.0067228552666118,-0.0104861214003584
Yorkshire and The Humber,2008-03-01,136655.0,162707.93165467624,151708.9995915254,127417.22624303344,0.06999255369665036,-0.06885457383680957,0.2088396812301103,6.95,0.0,-0.4227345935407307,0.0044053671546941,-0.0155145121002053
Yorkshire and The Humber,2008-04-01,137633.0,162701.86785714285,151321.20571987054,128005.85378115939,0.07251472678786186,-0.06633240074559807,0.2113618543213218,8.5,15.0,-0.3086594819436566,0.0045243126344176,-3.726868424536178e-05
Yorkshire and The Humber,2008-05-01,138264.0,162288.59574468085,151713.70185618565,129254.57378684095,0.06738100120353074,-0.07146612632992919,0.20622812873699067,8.5,15.0,-0.3665362368152433,-0.0002003717423115,-0.002543288997753
Yorkshire and The Humber,2008-06-01,135510.0,157935.95070422534,151245.76221801236,129769.77785472965,0.04328349742535664,-0.09556363010810329,0.18213062495881657,8.25,14.25,-0.4853762000446529,-0.0048580393193706,-0.0271866299866605
Yorkshire and The Humber,2008-07-01,135285.0,157858.99529964747,151799.54264105432,130092.05517375348,0.039141347705369256,-0.09970577982809067,0.17798847523882919,8.25,14.25,-0.5150007772423442,-0.0094501059446401,-0.0004873757929004
Yorkshire and The Humber,2008-08-01,133046.0,154159.48424737455,151659.20877868243,130888.15903658696,0.0163517223473999,-0.12249540518606003,0.15519884988085983,8.0,13.5,-0.577381387528328,-0.0143331583586586,-0.0237145212241731
Yorkshire and The Humber,2008-09-01,129538.0,149397.4843205575,151311.29992310132,131197.41111157124,-0.01272886954496677,-0.1515759970784267,0.12611825798849316,8.0,13.5,-0.5324485125858124,-0.0176311566676635,-0.0313772445269453
Yorkshire and The Humber,2008-10-01,127444.0,147324.67054714783,151814.93046960406,131328.32353815698,-0.03002342182496598,-0.1688705493584259,0.10882370570849395,8.0,13.5,-0.4719667492041033,-0.0209996466486763,-0.0139716395168001
Yorkshire and The Humber,2008-11-01,123614.0,143063.75524475524,152992.16132334532,132192.62277485427,-0.06709631512441128,-0.2059434426578712,0.07175081240904865,8.0,13.5,-0.5940409683426443,-0.0139276760952298,-0.0293484227148503
Yorkshire and The Humber,2008-12-01,122391.0,142145.33684210526,148421.9534505089,127795.33756312702,-0.04320922102324509,-0.18205634855670502,0.09563790651021484,8.0,13.5,-0.4485407066052227,-0.0103793272336227,-0.0064403387033564
Yorkshire and The Humber,2009-01-01,118176.0,138219.98586572436,150967.51347201798,129074.94354254106,-0.08821815469504735,-0.22706528222850728,0.050628972838412584,8.0,13.5,-0.483040761678072,0.0164543319866288,-0.0280035166674768
Yorkshire and The Humber,2009-02-01,118368.0,137312.4112149533,151236.85077239052,130371.34366683412,-0.09658845253618686,-0.2354355800696468,0.042258674997273066,7.5,12.0,-0.4906711222500696,0.0162379638287706,-0.006587812850503
Yorkshire and The Humber,2009-03-01,116556.0,134895.23076923075,152158.20198969345,131472.04159834541,-0.12042237338518724,-0.2592695009186472,0.018424754148272687,6.0,7.5,-0.27856093979442,0.0152668853371118,-0.0177602947880703
Yorkshire and The Humber,2009-04-01,119069.0,137483.15930232557,152832.40428099062,132362.40451324466,-0.10584049234620885,-0.24468761987966878,0.03300663518725108,5.0,4.5,-0.3321482291809107,0.0177817430697693,0.0190030230389357
Yorkshire and The Humber,2009-05-01,119722.0,137597.15972222222,152855.54329997257,132998.1766477103,-0.10516303022059859,-0.24401015775405852,0.033684097312861344,4.5,3.0,-0.265207466093729,0.0227199512927946,0.0008288519282455
Yorkshire and The Humber,2009-06-01,120600.0,138126.64359861592,152986.03778044265,133573.91214062818,-0.10217568933363097,-0.2410228168670909,0.03667143819982896,4.0,1.5,-0.0786695589298626,0.0252564591085011,0.0038406878251304
Yorkshire and The Humber,2009-07-01,124390.0,142467.43944636677,153210.86284967023,133770.20955756705,-0.0727016826356941,-0.21154881016915403,0.06614544489776583,3.5,0.0,0.182051282051282,0.0289550210238596,0.0309425069287883
Yorkshire and The Humber,2009-08-01,124504.0,142106.2896551724,152662.6326890744,133752.75975779933,-0.07165517536370736,-0.2105023028971673,0.06719195216975257,3.5,0.0,0.1776509254454246,0.0277473273372119,-0.0025381821872514
Yorkshire and The Humber,2009-09-01,124268.0,141674.08036739382,152578.9042116882,133833.05696715048,-0.07415265601446386,-0.2129997835479238,0.06469447151899607,3.5,0.0,0.336335160532498,0.0314245463900049,-0.0030460854070835
Yorkshire and The Humber,2009-10-01,126133.0,143635.4002293578,152593.7012133489,133999.70539581092,-0.060500695609780664,-0.1993478231432406,0.07834643192367927,3.5,0.0,0.2781778596549991,0.0350489518537298,0.0137489350440151
Yorkshire and The Humber,2009-11-01,126339.0,143376.71657142855,151951.18529795826,133894.54897856343,-0.05808377193405079,-0.19693089946751072,0.08076335559940914,3.5,0.0,0.5541721275666229,0.031460431435724,-0.0018025979589921
Yorkshire and The Humber,2009-12-01,127198.0,143531.37954545455,147054.80025262988,130320.46749477774,-0.02425162405882375,-0.16309875159228368,0.11459550347463618,3.5,0.0,0.7890966971746916,0.0267273437550032,0.001078136107699
Yorkshire and The Humber,2010-01-01,124977.0,141346.42482915716,147378.29703198062,130310.31701317118,-0.04178893954328622,-0.18063606707674615,0.09705818799017371,3.5,0.0,0.2405755395683453,-0.0061960693115163,-0.0153398933026114
Yorkshire and The Humber,2010-02-01,124940.0,140663.74149659864,147107.04335255234,130663.05361223682,-0.044788277747878524,-0.18363540528133845,0.0940588497855814,3.5,0.0,0.3920174958993985,-0.010922227955641,-0.004841560678475
Yorkshire and The Humber,2010-03-01,124909.0,139836.11837655015,146790.77779893824,131121.2687891825,-0.048537138756726605,-0.18738426629018654,0.09030998877673332,3.5,0.0,0.2580907795644209,-0.0072898848854666,-0.0059010761865891
Yorkshire and The Humber,2010-04-01,126501.0,140824.54372197308,146419.99966627898,131527.33101945705,-0.03896445719946051,-0.17781158473292044,0.09988267033399942,3.5,0.0,0.2454954954954955,-0.0105794288823849,0.0070435908226169
Yorkshire and The Humber,2010-05-01,126860.0,140908.25503355704,146217.09688429136,131639.5615453741,-0.03698347715413419,-0.17583060468759412,0.10186365037932574,3.5,0.0,0.1056286549707601,-0.0138320945833735,0.0005942603375768
Yorkshire and The Humber,2010-06-01,127437.0,141390.99553072627,146364.87256372347,131920.00095119083,-0.03457356062663486,-0.1734206881600948,0.10427356690682507,3.5,0.0,0.1359284256788573,-0.0114617206574462,0.0034200655279779
Yorkshire and The Humber,2010-07-01,129214.0,143683.6528555431,146914.44519253835,132119.43560618002,-0.022236384074984628,-0.16108351160844456,0.1166107434584753,3.5,0.0,0.0383676789587852,-0.0091376432316175,0.0160849571744883
Yorkshire and The Humber,2010-08-01,128851.0,142482.23051224946,146609.12818103936,132583.07865717355,-0.02855275964119741,-0.16739988717465734,0.11029436789226252,3.5,0.0,0.0329024676850764,-0.0069184666207142,-0.0083967340062844
Yorkshire and The Humber,2010-09-01,127519.0,141009.31737193765,147018.1899002281,132953.00556939057,-0.04173035109437251,-0.18057747862783244,0.09711677643908742,3.5,0.0,-0.0266627600351596,-0.0090307384374593,-0.0103913249266121
Yorkshire and The Humber,2010-10-01,125240.0,138181.46666666667,147009.73965062498,133241.4558766994,-0.061931043531529895,-0.20077817106498982,0.07691608400193004,3.5,0.0,-0.1171383647798741,-0.0078916933092266,-0.0202581716679119
Yorkshire and The Humber,2010-11-01,123818.0,136158.66445182724,147055.2286764331,133726.96021633342,-0.07698736539162176,-0.2158344929250817,0.061859762141838165,3.5,0.0,-0.0853127196064652,-0.0089598645183693,-0.0147469410696512
Yorkshire and The Humber,2010-12-01,124887.0,135978.9375,146685.12620007686,134719.87421396788,-0.07578828836078344,-0.21463541589424337,0.06305883917267649,3.5,0.0,-0.2699065836298933,-0.0088541422935473,-0.0013208536906947
Yorkshire and The Humber,2011-01-01,121396.0,132033.10843373495,147471.05439652054,135590.20409267198,-0.11057920253887943,-0.24942633007233936,0.0282679249945805,3.5,0.0,0.0431454418928323,-0.0365013030672197,-0.0294472898151063
Yorkshire and The Humber,2011-02-01,123137.0,132907.65326086956,146881.2368077598,136083.32111091542,-0.09996979669469397,-0.2388169242281539,0.03887733083876596,3.5,0.0,-0.0606834249803613,-0.0397439851299826,0.0066018380705532
Yorkshire and The Humber,2011-03-01,120256.0,129516.4945770065,146964.61766335077,136456.5735001102,-0.12638361735950454,-0.2652307448929645,0.012463510173955389,3.5,0.0,-0.0745834007442161,-0.0427088243162332,-0.0258463063945892
Yorkshire and The Humber,2011-04-01,124045.0,132163.82510729614,145844.64880523455,136885.41056040142,-0.09849975356981666,-0.2373468811032766,0.04034737396364327,3.5,0.0,-0.0350156172940983,-0.0393703289642194,0.0202340080773986
Yorkshire and The Humber,2011-05-01,123973.0,131804.2708779443,145996.92559277042,137322.38520004792,-0.10226753812619194,-0.24111466565965187,0.03657958940726799,3.5,0.0,-0.0608264462809917,-0.0443205667801349,-0.0027242265803106
Yorkshire and The Humber,2011-06-01,122632.0,130518.30225080388,146200.10870220998,137366.26527609458,-0.11346282677093456,-0.2523099543043945,0.025384300762525375,3.5,0.0,-0.0672930772419511,-0.0442287989429509,-0.0098045617150308
Yorkshire and The Humber,2011-07-01,123457.0,131396.3569131833,146220.80928542305,137385.71506878117,-0.10689949106059338,-0.2457466185940533,0.03194763647286655,3.5,0.0,-0.0658049353701527,-0.0421341513392616,0.0067049164384922
Yorkshire and The Humber,2011-08-01,124601.0,131907.0287846482,145935.11843300998,137852.10583098023,-0.10106478159919874,-0.23991190913265867,0.03778234593426119,3.5,0.0,0.0483503981797497,-0.0442746336826376,0.0038789665421496
Yorkshire and The Humber,2011-09-01,123816.0,130242.88983050847,145785.4381861354,138591.59481139158,-0.11273484880999973,-0.2515819763434597,0.026112278723460197,3.5,0.0,0.1034015653220952,-0.044046437270764,-0.0126962565321466
Yorkshire and The Humber,2011-10-01,121648.0,127826.94603174602,145815.6822552521,138767.19006164474,-0.13166600880262003,-0.27051313633608,0.007181118730839903,3.5,0.0,-0.0051944197091124,-0.05012241330506,-0.0187237254726202
Yorkshire and The Humber,2011-11-01,122217.0,128289.09196617336,146103.38098933868,139188.11522247168,-0.13002821184172042,-0.2688753393751804,0.00881891569173951,3.5,0.0,0.0714505224339274,-0.049014273157256,0.0036088832204637
Yorkshire and The Humber,2011-12-01,121997.0,127384.88012618296,144228.52036300045,138128.22040806993,-0.12418593290478874,-0.2630330604382487,0.014661194628671187,3.5,0.0,0.1238385376999238,-0.046852941959886,-0.0070731924912124
Yorkshire and The Humber,2012-01-01,119314.0,125241.86257928118,144704.14132497198,137855.10341734492,-0.14444448487624406,-0.283291612409704,-0.005597357342784132,3.5,0.0,0.1703357794084945,-0.0304370915291961,-0.0169662873392884
Yorkshire and The Humber,2012-02-01,120390.0,125706.90851735017,144406.20734623363,138298.3919297766,-0.1386771382503671,-0.27752426578382705,0.00016998928309283623,3.5,0.0,0.1381977838176875,-0.024243815606819,0.0037063060192448
Yorkshire and The Humber,2012-03-01,121015.0,125962.1540880503,144222.71602958278,138558.37975047532,-0.135377246403376,-0.27422437393683596,0.003469881130083924,3.5,0.0,0.3104895104895104,-0.0219321537355926,0.0020284230057914
Yorkshire and The Humber,2012-04-01,120521.0,124663.909375,143788.0438532914,139009.58922372584,-0.1427189063665253,-0.28156603389998525,-0.003871778833065359,3.5,0.0,-0.087052810902896,-0.022888290610188,-0.0103601062635121
Yorkshire and The Humber,2012-05-01,122024.0,126350.18978102188,144081.02758572277,139147.73963213307,-0.13131849703261445,-0.2701656245660744,0.007528630500845485,3.5,0.0,0.1432594156986977,-0.0184637337916387,0.0134359446703697
Yorkshire and The Humber,2012-06-01,123282.0,128187.46178010471,144577.56788946054,139044.89157546306,-0.1203224278526438,-0.25916955538610376,0.01852469968081613,3.5,0.0,0.0754074074074073,-0.0153317366835703,0.014436401817008
Yorkshire and The Humber,2012-07-01,123459.0,128237.22489539748,144836.1546677069,139439.43994192124,-0.12172126757938706,-0.260568395112847,0.01712585995407287,3.5,0.0,-0.0043326345213137,-0.0122661360835167,0.0003881304609372
Yorkshire and The Humber,2012-08-01,124037.0,128167.26430801248,144820.51277722474,140153.58789417217,-0.12215896947640736,-0.2610060970098673,0.016688158057052566,3.5,0.0,0.0538524145415084,-0.0132993305018395,-0.0005457048691965
Yorkshire and The Humber,2012-09-01,122905.0,126471.15544041451,144962.97661537337,140875.40023548368,-0.13646411419716742,-0.2753112417306274,0.002383013336292511,3.5,0.0,-0.1242668121675077,-0.0131727758154894,-0.0133219013349847
Yorkshire and The Humber,2012-10-01,121624.0,124507.86804123712,145136.88425472853,141775.20415617994,-0.15330841542178852,-0.2921555429552485,-0.014461287888328594,3.5,0.0,0.0665373713262718,-0.010977088784868,-0.0156453509068512
Yorkshire and The Humber,2012-11-01,122630.0,125279.41358024692,144935.945786525,141870.8351505562,-0.14574534026383823,-0.2845924677972982,-0.0068982127303783,3.5,0.0,0.1029685931449877,-0.0150328517496732,0.0061776403323889
Yorkshire and The Humber,2012-12-01,122079.0,124205.37602459016,143631.64462614022,141172.69401320527,-0.14531554502955402,-0.284162672563014,-0.0064684174960940866,3.5,0.0,-0.0634318243426402,-0.0160193844824779,-0.0086100975739249
Yorkshire and The Humber,2013-01-01,118140.0,120816.70442842432,146181.69329571055,142943.02536770888,-0.19057576498685158,-0.32942289252031154,-0.05172863745339165,3.5,0.0,0.0258407752232567,-0.0187873107318289,-0.0276618961518071
Yorkshire and The Humber,2013-02-01,120571.0,122420.24846625766,145613.5656693754,143413.9649795057,-0.17349651718629389,-0.31234364471975384,-0.034649389652833956,3.5,0.0,0.0308596620132255,-0.0189201337737118,0.0131852274093748
Yorkshire and The Humber,2013-03-01,120177.0,121647.05504587156,145333.80304196314,143577.50330731706,-0.17790932609796073,-0.3167564536314207,-0.0390621985645008,3.5,0.0,-0.0963180362860192,-0.0207938806485328,-0.0063359245244551
Yorkshire and The Humber,2013-04-01,120459.0,121684.42217700915,145185.03509308025,143722.95014753062,-0.1765780430137358,-0.31542517054719577,-0.03773091548027588,2.3,0.0,0.1528270199664116,-0.0207088628973083,0.0003071294503911
Yorkshire and The Humber,2013-05-01,122386.0,123379.99796954315,145253.6287357175,144083.40816181444,-0.16321237078536832,-0.3020594983188283,-0.02436524325190839,2.3,0.0,0.2033559113300491,-0.016554784291199,0.0138380173563081
Yorkshire and The Humber,2013-06-01,123042.0,124293.6988809766,145715.42383704148,144247.9976151176,-0.15900826343916918,-0.29785539097262914,-0.020161135905709254,2.3,0.0,0.0724617715938835,-0.0195739694236043,0.0073782970751388
Yorkshire and The Humber,2013-07-01,123746.0,125004.86063072228,145634.5493995409,144167.93762311048,-0.15274777585374366,-0.2915949033872036,-0.013900648320283732,2.3,0.0,0.1975014037057831,-0.0216768947896824,0.0057053171923815
Yorkshire and The Humber,2013-08-01,124181.0,124935.89969604864,145630.11969153816,144750.17939128718,-0.15326917703951715,-0.2921163045729771,-0.014422049506057216,2.3,0.0,0.1693911700347534,-0.0206524726899859,-0.0005518182495194
Yorkshire and The Humber,2013-09-01,125379.0,125632.03531786076,145364.61187823382,145071.833203756,-0.14588787109471646,-0.2847349986281764,-0.0070407435612565294,2.3,0.0,0.2560747663551401,-0.0195201074308479,0.0055564764329361
Yorkshire and The Humber,2013-10-01,123271.0,123519.78102926338,145545.98023044347,145252.83626220492,-0.16409073849914968,-0.30293786603260964,-0.02524361096568975,2.3,0.0,0.2271646384109666,-0.0194130356591719,-0.0169559662559137
Yorkshire and The Humber,2013-11-01,124027.0,124152.02721774192,145653.60321634304,145506.92285056628,-0.15972438137045764,-0.2985715089039176,-0.020877253836997706,2.3,0.0,0.2224678195293199,-0.0143322741859033,0.0051055270789071
Yorkshire and The Humber,2013-12-01,125434.0,125056.18674698797,141021.13594432606,141447.18167225452,-0.12014664917255757,-0.25899377670601753,0.018700478360902356,2.3,0.0,0.3173661360347322,-0.0132956349498254,0.0072562896875645
Yorkshire and The Humber,2014-01-01,123797.0,124172.14242424244,141885.6814485746,141457.0238006937,-0.13335282490480616,-0.2721999524382661,0.005494302628653774,2.3,0.0,0.4030375995554731,0.0059427433052368,-0.0070942820459123
Yorkshire and The Humber,2014-02-01,125717.0,125464.3025125628,141360.795138843,141645.50973126767,-0.1192941769371636,-0.25814130447062356,0.01955295059629633,2.3,0.0,0.3382038488952246,0.0068547380923862,0.0103524277393916
Yorkshire and The Humber,2014-03-01,124055.0,123557.28686058172,141354.89813020712,141924.3035607417,-0.13456882629753153,-0.2734159538309915,0.0042783012359284,2.3,0.0,0.1703572483023323,0.0090171708344091,-0.0153163662425708
Yorkshire and The Humber,2014-04-01,127562.0,126542.52347652348,140949.24449564825,142084.7872509002,-0.10782145181302027,-0.2466685793464802,0.031025675720439655,2.3,0.0,0.3133700226610554,0.0100819999524264,0.023873495908143
Yorkshire and The Humber,2014-05-01,128358.0,127459.494,140732.74984825414,141724.82361354897,-0.09906408069890027,-0.2379112082323602,0.03978304683455966,2.3,0.0,0.1248560828962517,0.0080967698309595,0.0072202143602648
Yorkshire and The Humber,2014-06-01,128390.0,127236.79640718564,140693.78726929807,141968.95754666333,-0.10053591827356101,-0.23938304580702094,0.03831120925989892,2.3,0.0,0.1939627488760436,0.0111579792490119,-0.0017487310020118
Yorkshire and The Humber,2014-07-01,129943.0,129162.56156156154,141081.1006635901,141933.5544440348,-0.08826312887430277,-0.2271102564077627,0.050583998659157164,2.3,0.0,0.1186261868479663,0.00709068523033,0.0150218891580173
Yorkshire and The Humber,2014-08-01,131536.0,130354.53892215568,141131.70857878504,142410.84793146286,-0.07943559696058422,-0.21828272449404415,0.05941153057287571,2.3,0.0,0.0836543753439735,0.0101149815823728,0.0091861826487669
Yorkshire and The Humber,2014-09-01,129715.0,128421.72981056829,141163.26898693072,142584.85276323417,-0.09459754434280399,-0.23344467187626392,0.044249583190655944,2.3,0.0,0.1305803571428572,0.0111887144682967,-0.0149383485881546
Yorkshire and The Humber,2014-10-01,130492.0,129062.30677290836,140907.85088917386,142468.76363819797,-0.08781085093968599,-0.22665797847314592,0.05103627659377394,2.3,0.0,0.1242448421292601,0.014274493712538,0.0049756737731829
Yorkshire and The Humber,2014-11-01,130165.0,129124.72027972028,141441.27051798473,142580.77722910646,-0.09110582042131021,-0.22995294795477014,0.04774130711214972,2.3,0.0,-0.1049776643267389,0.0132642601530634,0.0004834751671314
Yorkshire and The Humber,2014-12-01,131019.0,129971.8951048951,141338.7878130932,142477.46888308792,-0.0838415232543035,-0.22268865078776343,0.055005604279156434,2.3,0.0,-0.0041744479841809,0.0173265469708159,0.0065394744197249
Yorkshire and The Humber,2015-01-01,128167.0,128167.0,142105.33293042812,142105.33293042812,-0.10323446276331971,-0.24208159029677964,0.03561266477014022,2.3,0.0,-0.1188118811881188,-0.0023611330313293,-0.0139841345275826
Yorkshire and The Humber,2015-02-01,128943.0,128683.81809045226,141556.55327975622,141841.66214839622,-0.09534093392414711,-0.23418806145760704,0.04350619360931282,2.3,0.0,-0.0893475366178429,-0.0003820510872462,0.0040242720795937
Yorkshire and The Humber,2015-03-01,129645.0,129124.8595787362,141652.62662353058,142223.23136320242,-0.09259792920207666,-0.2314450567355366,0.04624919833138327,2.3,0.0,-0.0131180625630675,0.0026470942124896,0.0034214668220098
Yorkshire and The Humber,2015-04-01,130300.0,129517.4174174174,141383.45595750326,142237.73665815286,-0.08766037537484905,-0.22650750290830898,0.051186752158610876,2.3,0.0,-0.0918166132610303,0.0026470942124894,0.0030355295713739
Yorkshire and The Humber,2015-05-01,133330.0,132264.42557442558,140993.55286740884,142129.452588395,-0.0639110221308421,-0.20275814966430203,0.07493610540261783,2.3,0.0,-0.0525417946093483,0.0046543957024041,0.0209877733298995
Yorkshire and The Humber,2015-06-01,133535.0,132335.58383233534,140258.10432778494,141529.32581716063,-0.058143329437502445,-0.19699045697096237,0.08070379809595749,2.3,0.0,0.0564819795589026,0.0016454487637256,0.0005378553068453
Yorkshire and The Humber,2015-07-01,136228.0,135274.404,140762.9963701129,141755.28335358802,-0.03977226163288172,-0.17861938916634165,0.09907486590057821,2.3,0.0,0.081001781410458,0.0026470942124894,0.0219643395149731
Yorkshire and The Humber,2015-08-01,136774.0,135410.35094715853,140721.27943020393,142138.41215356954,-0.03847138768738567,-0.1773185152208456,0.10037573984607426,2.3,0.0,-0.0425596749619096,0.0016444471182772,0.0010044670496167
Yorkshire and The Humber,2015-09-01,136136.0,134913.22155688622,141589.00389292176,142872.28791612043,-0.048296753651293045,-0.18714388118475297,0.09055037388216688,2.3,0.0,0.0303828013600964,0.001647446062726,-0.0036780362592558
Yorkshire and The Humber,2015-10-01,135844.0,134489.62313060818,141245.7925121719,142668.2073410961,-0.04901453743817186,-0.1878616649716318,0.08983259009528807,2.3,0.0,0.0396431106154313,0.0036477400150967,-0.003144723849223
Yorkshire and The Humber,2015-11-01,136513.0,135151.95314057826,141693.25658175626,143120.1775946642,-0.04726483189373276,-0.1861119594271927,0.09158229563972717,2.3,0.0,0.110992275698158,0.0036467423622525,0.0049126796483545
Yorkshire and The Humber,2015-12-01,136979.0,135613.3070787637,140349.60179150966,141762.99153764773,-0.03432896006010644,-0.17317608759356637,0.10451816747335349,2.3,0.0,0.0854936569222284,0.000647797912963,0.0034077812219042
Yorkshire and The Humber,2016-01-01,136097.0,135823.43819095477,140755.71622807637,141039.212131859,-0.03567008514266412,-0.17451721267612405,0.10317704239079581,2.3,0.0,0.0898876404494382,0.0057907401041803,0.001548288194801
Yorkshire and The Humber,2016-02-01,136539.0,135854.9368737475,140055.1528493452,140760.3650993419,-0.030448618119811144,-0.16929574565327107,0.10839850941364879,2.3,0.0,0.1713700833455183,0.0057745827421036,0.0002318821505493
Yorkshire and The Humber,2016-03-01,135373.0,134157.0748502994,140506.78922615928,141780.2646572121,-0.046244495664870655,-0.18509162319833058,0.09260263186858927,2.3,0.0,0.9134713701431494,0.0047708521567317,-0.0125763620000469
Yorkshire and The Humber,2016-04-01,139439.0,138186.55389221557,141062.23393515052,142340.74360827878,-0.020596556384189668,-0.1594436839176496,0.11825057114927026,2.3,0.0,-0.1566019812729,0.0027713683397636,0.0295932982072599
Yorkshire and The Humber,2016-05-01,139973.0,138439.4312749004,141476.76785186556,143043.9828028933,-0.021702608150409475,-0.1605497356838694,0.11714451938305045,2.3,0.0,-0.1540031208738447,0.0047829458088504,0.0018282986175179
Yorkshire and The Humber,2016-06-01,141514.0,139685.29025844933,141615.74048683431,143469.72299069015,-0.013725371207929271,-0.1525724987413892,0.12512175632553066,2.3,0.0,-0.115682281059063,0.0047889564984988,0.0089590548432632
Yorkshire and The Humber,2016-07-01,142441.0,140600.3111332008,141988.30532942753,143847.16531863454,-0.009823505104449737,-0.14867063263790967,0.1290236224290102,2.3,0.0,-0.125436215587437,0.0037931537142201,0.0065292267664034
Yorkshire and The Humber,2016-08-01,142584.0,140323.00495540138,142293.6122167505,144586.359241391,-0.013945671123128278,-0.1527927986565882,0.12490145641033165,2.3,0.0,-0.0169743263314237,0.0017895745650899,-0.0019742488571683
Yorkshire and The Humber,2016-09-01,141674.0,139151.61424332342,143158.75875373802,145753.78157102634,-0.02839012687038789,-0.16723725440384782,0.11045700066307204,2.3,0.0,-0.0512028954651905,0.001807445935102,-0.0083828547659692
Yorkshire and The Humber,2016-10-01,141522.0,138864.96640316205,143432.53756500097,146176.96678326384,-0.032362806932111354,-0.17120993446557128,0.10648432060134858,2.3,0.0,-0.1879266627657499,-0.0011712041181944,-0.0020620924195888
Yorkshire and The Humber,2016-11-01,142333.0,139385.27514792897,143640.03468530957,146677.73934632822,-0.03006854830029937,-0.1689156758337593,0.10877857923316056,2.3,0.0,-0.070167932399187,-0.0011623389836779,0.0037398663038867
Yorkshire and The Humber,2016-12-01,143617.0,139952.58194308143,139246.14811401762,142892.06941408254,0.005060448064762468,-0.13378667946869746,0.1439075755982224,2.05,0.0,-0.0490853658536585,-0.0031324329896272,0.004061802299363
Yorkshire and The Humber,2017-01-01,140165.0,137262.174556213,140019.42166319082,142980.5574687568,-0.019888359191545746,-0.15873548672500568,0.11895876834191418,2.05,0.0,-0.0498969072164948,0.0136780389866491,-0.0194108848689822
Yorkshire and The Humber,2017-02-01,141864.0,137973.50832517142,139850.8089738265,143794.23561155776,-0.01351450614279237,-0.1523616336762523,0.12533262139066756,2.05,0.0,-0.096242666333791,0.0105514149059313,0.0051689181088629
Yorkshire and The Humber,2017-03-01,140865.0,136467.26341463413,140177.23636474702,144694.52897670263,-0.026822838576412877,-0.1656699661098728,0.11202428895704705,2.05,0.0,-0.4064524747845836,0.006649049798636,-0.0109769406733342
Yorkshire and The Humber,2017-04-01,144242.0,139195.6326530612,141214.03324428468,146333.57523501405,-0.014396332914161647,-0.15324346044762158,0.12445079461929828,2.05,0.0,0.1922767497988737,0.006739583756876,0.0197956153919616
Yorkshire and The Humber,2017-05-01,145465.0,139832.27976766697,141028.31095557704,146709.20968490542,-0.008516954370007213,-0.14736408190346714,0.13033017316345272,2.05,0.0,0.15394438138479,0.0028261159871698,0.0045633299828384
Yorkshire and The Humber,2017-06-01,146646.0,140967.54888673764,140962.5340072834,146640.78311130288,3.557534125597783e-05,-0.13881155219220395,0.1388827028747159,2.05,0.0,0.1407185628742515,0.0009368539244851,0.0080860113780509
Yorkshire and The Humber,2017-07-01,147317.0,141749.78779069768,141275.63866418132,146824.22870235157,0.003350579317462632,-0.1354965482159973,0.14219770685092256,2.05,0.0,-0.0033252050543116,0.0029307520398724,0.0055337313891499
Yorkshire and The Humber,2017-08-01,148788.0,142337.65317919076,141592.52379162758,148009.10341964694,0.005248692521018228,-0.1335984350124417,0.14409582005447816,2.05,0.0,0.0321605870925965,0.0039025841639419,0.0041386287656912
Yorkshire and The Humber,2017-09-01,148653.0,141798.68299711816,141645.64167487432,148492.56090991356,0.0010798687699438148,-0.13776725876351611,0.13992699630340374,2.05,0.0,0.021541568495456,0.0010761194479587,-0.0037937479996674
Yorkshire and The Humber,2017-10-01,147677.0,140732.4961612284,141971.8421279944,148977.50201145033,-0.00876784497773464,-0.14761497251119457,0.1300792825557253,2.05,0.0,0.09343100756575,0.0001697490299483,-0.0075474282181584
Yorkshire and The Humber,2017-11-01,147857.0,140365.20172084132,142074.3582450209,149657.38038700086,-0.012102960277051267,-0.1509500878105112,0.12674416725640866,2.05,0.0,0.0408374554239043,0.0001982313980555,-0.002613288206799
Yorkshire and The Humber,2017-12-01,149125.0,141164.08484270732,139572.23398948266,147443.37709462972,0.011340662444775162,-0.12750646508868477,0.1501877899782351,2.05,0.0,-0.0350539702896227,-0.0016575010803353,0.0056753261865374
Yorkshire and The Humber,2018-01-01,146727.0,139559.3017241379,140147.5920713411,147345.50465506557,-0.0042064834847597155,-0.14305361101821965,0.13464064404870021,2.05,0.0,-0.0034722222222222,-0.0150081819121725,-0.0114333231706318
Yorkshire and The Humber,2018-02-01,146544.0,138720.86939942802,139512.38228522564,147380.15006767542,-0.005689578914067184,-0.1445367064475271,0.13315754861939275,2.05,0.0,-0.0251381215469613,-0.0151470649474461,-0.0060258325868165
Yorkshire and The Humber,2018-03-01,147271.0,139276.28857142857,139795.55895929327,147820.07744940376,-0.003721414336395057,-0.142568541869855,0.13512571319706487,2.3,0.0,-0.0719108710330858,-0.0130749300611662,0.0039958675483156
Yorkshire and The Humber,2018-04-01,148179.0,139603.1755218216,140219.29465273747,148832.96733533265,-0.0044036501156359265,-0.14325077764909586,0.134443477417824,2.3,0.0,-0.0412955465587044,-0.0101520373816681,0.0023442895027194
Yorkshire and The Humber,2018-05-01,150166.0,140940.30056710774,140159.96777806367,149334.58802536895,0.005552003191599653,-0.13329512434186028,0.14439913072505958,2.3,0.0,-0.0111889831550473,-0.0100604144851422,0.0095324631251596
Yorkshire and The Humber,2018-06-01,151054.0,141773.74480151228,140012.80787108105,149177.79529466643,0.012498537188307068,-0.12634859034515286,0.151345664721767,2.3,0.0,-0.0569351907934585,-0.0099694843893461,0.0058960399208665
Yorkshire and The Humber,2018-07-01,152499.0,143129.9688090737,140279.58377239245,149462.0338682691,0.02011563212837153,-0.1187314954050884,0.15896275966183146,2.3,0.0,-0.0262455516014235,-0.0099694843893461,0.0095206498692768
Yorkshire and The Humber,2018-08-01,154445.0,144003.64788732392,139981.52075310235,150131.23826994363,0.028328212529446617,-0.11051891500401331,0.16717534006290655,2.3,0.0,0.0320995399414469,-0.0109278875990369,0.006085541530151
Yorkshire and The Humber,2018-09-01,152649.0,142195.55065666043,140371.1665067802,150690.49697505304,0.012913123805059712,-0.12593400372840022,0.15176025133851964,2.3,0.0,-0.1042284459088412,-0.0117162079855996,-0.0126354042606919
Yorkshire and The Humber,2018-10-01,152245.0,141686.30271790063,140282.26792792385,150736.33421862515,0.009958885779502324,-0.1288882417539576,0.14880601331296225,2.3,0.0,0.0120812740252609,-0.0097896714044132,-0.0035877494736435
Yorkshire and The Humber,2018-11-01,151982.0,141044.97757009347,140648.14243205992,151554.3931543848,0.002817501545989032,-0.1360296259874709,0.14166462907944896,2.3,0.0,0.0721706454465074,-0.0097673843685583,-0.0045366487011229
Yorkshire and The Humber,2018-12-01,152603.0,141489.05602240897,137107.19182370458,147876.9410304004,0.031459329528001234,-0.1073877980054587,0.17030645706146116,2.55,0.0,-0.0709934655000553,-0.0087531184465795,0.0031435421238441
Yorkshire and The Humber,2019-01-01,150919.0,140980.77798682972,138350.99876739786,148103.83855966156,0.018829629407958848,-0.12001749812550108,0.15767675694141878,2.55,0.0,-0.0319396051103367,0.0011629723157651,-0.0035988167440343
Yorkshire and The Humber,2019-02-01,149924.0,139395.62921348316,138330.45517962382,148778.3747551241,0.007670718139982213,-0.13117640939347772,0.14651784567344214,2.55,0.0,-0.0062340606404081,0.0038896940396513,-0.0113074111946538
Yorkshire and The Humber,2019-03-01,151324.0,140434.32897196262,138267.88560943204,148989.56455397006,0.01554696652025811,-0.12330016101320182,0.15439409405371804,2.55,0.0,-0.0240087304474354,0.0039752278559779,0.0074238264960335
Yorkshire and The Humber,2019-04-01,152328.0,140577.79182156135,138426.35623107234,149996.7364598528,0.015422553747022505,-0.12342457378643742,0.15426968128048243,2.55,0.0,0.0387105855855856,0.0030539281003658,0.001021043943993
Yorkshire and The Humber,2019-05-01,152676.0,140507.19925857274,138385.24984200302,150370.27651512716,0.015217266517794314,-0.12362986101566562,0.15406439405125424,2.55,0.0,-0.0024869435463814,0.001260540832918,-0.0005022862601187
Yorkshire and The Humber,2019-06-01,154041.0,141763.40407784985,138738.7529161666,150754.39516268251,0.021566810255645663,-0.11728031727781427,0.1604139377891056,2.55,0.0,-0.1023335474202525,0.0022659692354474,0.0089007717973785
Yorkshire and The Humber,2019-07-01,155294.0,142916.53568118627,139038.8608678095,151080.49433672352,0.027507324649581832,-0.1113398028838781,0.16635445218304176,2.55,0.0,0.0114207400639561,0.0022659692354474,0.0081012937621576
Yorkshire and The Humber,2019-08-01,155819.0,142738.2536900369,139388.11387256734,152161.8483764985,0.023750330912646334,-0.1150967966208136,0.16259745844610626,2.55,0.0,-0.0541991692837605,0.0022659692354474,-0.0012482340288428
Yorkshire and The Humber,2019-09-01,155723.0,142518.83778801843,140566.1815756439,153589.43304085964,0.013795764864578786,-0.12505136266888114,0.15264289239803872,2.55,0.0,0.0246444335458557,0.004243633602857,-0.0015383732909413
Yorkshire and The Humber,2019-10-01,156458.0,143455.95013850418,141376.36993097642,154189.93820266612,0.014602395959073533,-0.1242447315743864,0.15344952349253346,2.55,0.0,-0.0232230059685295,0.0042601461223077,0.0065538344241709
Yorkshire and The Humber,2019-11-01,155187.0,142028.2866359447,142124.7946521956,155292.44934303346,-0.0006792678053955115,-0.13952639533885544,0.13816785972806442,2.55,0.0,-0.0508195031440057,0.0070585579500566,-0.010001780974699
Yorkshire and The Humber,2019-12-01,155920.0,142699.133640553,136915.85520178688,149600.90925875,0.04137191174457833,-0.0974752157888816,0.18021903927803826,2.55,0.0,0.0376728659990461,0.0080284768769882,0.0047122138450923
Yorkshire and The Humber,2020-01-01,154883.0,142143.08595194083,137271.59034535693,149574.88494831443,0.0348728230901969,-0.10397430444326303,0.17371995062365683,2.55,0.0,0.065236952609478,0.0233255603057391,-0.0039042554557884
Yorkshire and The Humber,2020-02-01,154695.0,141447.63812154697,137368.8192464156,150234.17694018866,0.0292601801126402,-0.10958694742081973,0.16810730764610013,2.55,0.0,0.0116909039064727,0.0184977948351219,-0.0049045978266963
Yorkshire and The Humber,2020-03-01,155643.0,142314.45580110498,137568.62494442222,150452.6955585524,0.03391620362518566,-0.10493092390827427,0.1727633311586456,2.55,0.0,-0.0745434215430488,0.0195194528882873,0.006109486745025
Yorkshire and The Humber,2020-04-01,150730.0,137949.2073732719,138821.917472287,151683.56541533876,-0.006306387574534611,-0.14515351510799454,0.13254073995892532,2.55,0.0,-0.5603740344220084,0.0214286653468795,-0.0311535318394078
Yorkshire and The Humber,2020-05-01,155276.0,142109.7400921659,139326.0179009577,152234.37001262748,0.019782937306871418,-0.11906419022658851,0.15863006484033135,2.55,0.0,-0.4977561705310396,0.0281029905592671,0.0297140217889566
Yorkshire and The Humber,2020-06-01,158072.0,144535.44751381216,139419.38611451554,152476.7908563584,0.036038232072138854,-0.10280889546132108,0.17488535960559878,2.55,0.0,-0.2907226329596947,0.0309694487113842,0.0169252123008014
Yorkshire and The Humber,2020-07-01,158824.0,144557.49954170486,139838.21608578574,153638.9665151986,0.03319119410463678,-0.10565593342882315,0.1720383216380967,1.9,0.0,-0.2028003613369466,0.0300201214105451,0.0001525601240714
Yorkshire and The Humber,2020-08-01,160951.0,147167.90331491712,140394.7071969111,153543.45620931062,0.047116341533048,-0.09173078600041193,0.18596346906650793,1.9,0.0,-0.2152956298200514,0.0252995892317617,0.0178967852795892
Yorkshire and The Humber,2020-09-01,161730.0,147202.46562786435,140518.7230981405,154386.6333334051,0.04646821596339201,-0.09237891157006792,0.18531534349685194,1.9,0.0,-0.0136412588249371,0.0347931525570259,0.0002348219573189
Yorkshire and The Humber,2020-10-01,164114.0,149372.32080659943,141068.54559427165,154990.7182712491,0.05719607528478754,-0.08165105224867239,0.19604320281824747,1.9,0.0,0.1153205199422287,0.0310009771236898,0.0146330301583681
Yorkshire and The Humber,2020-11-01,167676.0,152894.64462809917,140850.8907604295,154467.89530524446,0.08204726851843525,-0.056799859015024684,0.22089439605189518,1.9,0.0,0.0907906168549088,0.0291005144930471,0.0233071004963658
Yorkshire and The Humber,2020-12-01,168778.0,153476.69780219777,136190.5139939959,149768.4202230046,0.11949400598597393,-0.019353121547486002,0.2583411335194339,1.9,0.0,0.2922794117647058,0.0328944591753401,0.0037996626561813
Yorkshire and The Humber,2021-01-01,170388.0,155225.03119266054,136426.8062345997,149753.49324845287,0.12908762545504793,-0.009759502078412002,0.2679347529885079,1.9,0.0,0.1796424046177671,0.0231704131682608,0.0113271285474993
Yorkshire and The Humber,2021-02-01,171334.0,155943.77818515126,136844.96814066026,150350.31242845955,0.1306468803899783,-0.008200247143481637,0.26949400792343825,1.9,0.0,0.5025366403607667,0.0222135565522172,0.0046196678399681
Yorkshire and The Humber,2021-03-01,172745.0,156796.87842778795,137337.44661767935,151306.31077516737,0.13251018839959627,-0.006336939133863656,0.27135731593305623,1.9,0.0,1.0385286615653109,0.0250521197913373,0.005455653689923
Yorkshire and The Humber,2021-04-01,169361.0,152747.93188010898,137475.8646746732,152427.92246406365,0.10534068665287144,-0.03350644088058849,0.24418781418633137,1.9,0.0,2.0499383477188657,0.0222411907608308,-0.0261621410184691
Yorkshire and The Humber,2021-05-01,171213.0,153442.6976534296,138096.4226516095,154089.46253573344,0.10537503610578547,-0.03347209142767446,0.2442221636392454,1.9,0.0,1.160337552742616,0.0148066223249236,0.0045381334285146
Yorkshire and The Humber,2021-06-01,184117.0,164266.11051212935,138136.7517309814,154830.0147800426,0.17324358880625823,0.0343964612727983,0.3120907163397182,1.9,0.0,2.216207128446537,0.0083953891513908,0.0681605457222982
Yorkshire and The Humber,2021-07-01,169009.0,150787.00539083558,139230.80594719094,156056.28098612642,0.07973525020519645,-0.05911187732826348,0.21858237773865638,1.9,0.0,-0.0728045325779036,0.0047905325178339,-0.085619457151834
Yorkshire and The Humber,2021-08-01,174892.0,154922.17305976807,139529.9353831891,157515.66723520137,0.10464371272769313,-0.0342034148057668,0.24349084026115306,1.9,0.0,0.1814086814086815,0.0094166399419488,0.0270546008157417
Yorkshire and The Humber,2021-09-01,183852.0,162424.40925266902,140066.25318629778,158544.27853111655,0.1480971720001989,0.009250044466738966,0.28694429953365885,1.9,0.0,0.7786000242630111,-0.0023801403279668,0.0472898381848061
Yorkshire and The Humber,2021-10-01,173741.0,151870.43397887325,140424.40374647928,160646.64920040328,0.07835845696063615,-0.06048867057282378,0.21720558449409608,1.9,0.0,-0.3247335391971312,-0.0004619926553477,-0.0671849704069167
Yorkshire and The Humber,2021-11-01,179074.0,155301.7310043668,140619.2186777239,162144.01348035637,0.09931421580084354,-0.03953291173261639,0.23816134333430347,1.9,0.0,-0.1624850657108721,-0.0110204927329319,0.0223421269831121
Yorkshire and The Humber,2021-12-01,180680.0,155877.70634231102,141491.4664768737,164004.71089111947,0.09683235842890703,-0.0420147691045529,0.23567948596236696,1.9,0.0,-0.1698968705547653,-0.0205928583142592,0.0037018898203449
Yorkshire and The Humber,2022-01-01,182226.0,157485.13315926894,143932.59251965073,166544.35932032095,0.08998597869380376,-0.04886114883965617,0.2288331062272637,1.9,0.0,-0.1590881966821816,-0.0504996979941234,0.0102592950611679
Yorkshire and The Humber,2022-02-01,183698.0,157523.41450777202,144292.7667056039,168268.90618840817,0.08772977301462426,-0.05111735451883567,0.2265769005480842,1.9,0.0,-0.2422622397298818,-0.0505889944962871,0.0002430495869081
Yorkshire and The Humber,2022-03-01,183085.0,155254.829205807,144188.21667837095,170034.64424005276,0.0739483199425468,-0.06489880759091313,0.21279544747600673,1.9,0.0,-0.3804412248929865,-0.057103586816697,-0.014506284432425
Yorkshire and The Humber,2022-04-01,184986.0,153075.915,142882.82938131658,172668.07175989918,0.06890905537524539,-0.06993807215821454,0.20775618290870532,1.55,0.0,-0.1518091772791591,-0.0650073015424752,-0.0141338515171618
Yorkshire and The Humber,2022-05-01,189205.0,155530.2690397351,143427.20941809256,174481.43905040866,0.08101271381803521,-0.05783441371542472,0.21985984135149514,1.55,0.0,-0.03125,-0.0817649517572886,0.0159063940721306
Yorkshire and The Humber,2022-06-01,190937.0,155665.3866995074,143024.39879993093,175431.73991774005,0.08469350979553703,-0.054153617737922904,0.22354063732899696,1.8,0.0,-0.5382645060115003,-0.0820466341980581,0.0008683775995663
Yorkshire and The Humber,2022-07-01,194228.0,157443.59510204082,143379.57171863588,176878.12221080458,0.09357180640361484,-0.045275321129845086,0.23241893393707477,2.05,0.0,0.4222425908952032,-0.0854748180613793,0.0113585213070095
Yorkshire and The Humber,2022-08-01,195533.0,157728.894394801,144216.14896322295,178781.55022530459,0.08956449237867936,-0.04928263515478057,0.2284116199121393,2.05,0.0,0.1072212593876371,-0.0907006762438855,0.001810433208444
Yorkshire and The Humber,2022-09-01,196752.0,157814.81098546044,144643.94026866747,180331.51868339407,0.0871471250561715,-0.051700002477288426,0.22599425258963143,2.3,0.0,-0.3390628197258031,-0.0886286915180902,0.0005445622353903
Yorkshire and The Humber,2022-10-01,197361.0,155292.7678288431,143206.94265439734,182001.1698185795,0.08102142446036709,-0.05782570307309284,0.21986855199382702,2.55,0.0,0.3732113881103407,-0.0913566363742102,-0.0161101031955901
Yorkshire and The Humber,2022-11-01,198212.0,155346.8950276243,143797.13910287255,183475.30235985853,0.07725709857531982,-0.061590028958140114,0.21610422610877975,2.55,0.0,0.1378982406086544,-0.0991203661816847,0.0003484886561562
Yorkshire and The Humber,2022-12-01,197647.0,154295.18160377358,134660.2152533031,172495.26062658764,0.13611284981644012,-0.002734277717019812,0.2749599773499001,3.05,0.0,-0.009853271928885,-0.0955664497543773,-0.006793117264241
Yorkshire and The Humber,2023-01-01,191628.0,150543.1993670886,135965.73724402318,173072.19725724604,0.10184716001849203,-0.036999967514967896,0.24069428755195196,3.55,0.0,-0.077348850411581,-0.0440431613952229,-0.0246174494419477
Yorkshire and The Humber,2023-02-01,191681.0,148818.79046129787,136147.2853526313,175359.89724674265,0.08899211413845265,-0.04985501339500728,0.22783924167191258,3.55,0.0,-0.1979205347196435,-0.0396644040870055,-0.0115206875769136
Yorkshire and The Humber,2023-03-01,187293.0,144283.90147401087,136621.82317191007,177346.95878005246,0.05456620260584977,-0.08428092492761016,0.1934133301393097,4.3,0.0,-0.1438137755102041,-0.0434931447578914,-0.0309464977486317
Yorkshire and The Humber,2023-04-01,190374.0,144970.38496932515,137411.19466123087,180447.32914224075,0.0535516285276465,-0.08529549900581343,0.19239875606110643,4.8,0.0,-0.3309103908484271,-0.0402589965726981,0.0047465833100055
Yorkshire and The Humber,2023-05-01,189275.0,143145.52551408985,138114.49041858496,182622.68471259018,0.03577879182178556,-0.10306833571167437,0.1746259193552455,4.8,0.0,-0.2743121442125237,-0.0278042310192181,-0.0126677062378135
Yorkshire and The Humber,2023-06-01,193446.0,146077.47376425855,138555.4113606594,183484.75925404544,0.05286679554614793,-0.085980331987312,0.19171392307960786,5.3,0.0,-0.1056266274199025,-0.0280312988302012,0.0202753494567424
Yorkshire and The Humber,2023-07-01,195102.0,148003.2742551566,139917.1473971627,184442.64445406446,0.056183953747016346,-0.08266317378644358,0.19503108128047628,5.55,0.0,-0.2306122448979591,-0.0214757171161948,0.0130972736765606
Yorkshire and The Humber,2023-08-01,197800.0,149592.84082254377,141160.81392336695,186650.7036066272,0.0580174441773309,-0.08082968335612903,0.19686457171079083,5.55,0.0,-0.1681101951372221,-0.0113410228100961,0.010682812065939
Yorkshire and The Humber,2023-09-01,194270.0,146144.02272727274,141932.09996586642,188671.0694410309,0.02924381852802327,-0.10960330900543666,0.1680909460614832,5.8,0.0,-0.1963880288957687,-0.0095252722350809,-0.0233246164155431
Yorkshire and The Humber,2023-10-01,195381.0,146979.79772727273,143918.62184336904,191311.76317547547,0.021047133163241583,-0.11779999437021835,0.1598942606967015,6.3,0.0,-0.1816521645719196,-0.009175388860061,0.0057025543921476
Yorkshire and The Humber,2023-11-01,193998.0,146271.84054669706,145474.33880661664,192940.2862117967,0.00546710656668381,-0.13338002096677612,0.14431423410014374,6.3,0.0,-0.2274341830338487,0.0100328426967715,-0.0048283348738653
Yorkshire and The Humber,2023-12-01,192662.0,144715.1028744327,137993.66460211342,183713.61994359913,0.047559226468145255,-0.09128790106531467,0.18640635400160518,6.55,0.0,-0.222714981070849,0.016344431311972,-0.010699810142551
Yorkshire and The Humber,2024-01-01,191618.0,144697.09049429657,139647.8909494921,184931.49707812903,0.03551833640304203,-0.1033287911304179,0.17436546393650196,6.55,0.0,-0.1255191508998615,0.0118501829695523,-0.0001244756134806
Yorkshire and The Humber,2024-02-01,191087.0,143423.57596371882,141034.73077304932,187904.27876409292,0.016796144065263974,-0.12205098346819596,0.1556432715987239,6.55,0.0,-0.0390432098765431,0.0108387441373039,-0.0088402046260913
Yorkshire and The Humber,2024-03-01,192827.0,143967.82781954887,142220.24379255308,190486.32854390293,0.012212988047622275,-0.12663413948583765,0.1510601155810822,6.55,0.0,-0.0892613283674735,0.0166495170542648,0.0037875350430951
Yorkshire and The Humber,2024-04-01,191916.0,142751.002247191,143448.9861076666,192854.37709338864,-0.004877604980350725,-0.14372473251381065,0.1339695225531092,6.55,0.0,0.1554764024933215,0.0192056787551009,-0.0084879871871432
Yorkshire and The Humber,2024-05-01,193994.0,143865.60268857353,144804.51964489266,195260.07231068608,-0.006505143377713907,-0.14535227091117384,0.13234198415574602,6.55,0.0,0.2681810753391076,0.0272044309112522,0.0077776795964439
Yorkshire and The Humber,2024-06-01,197974.0,146598.19686800896,145902.09255284947,197033.943719407,0.004759691901194074,-0.13408743563226586,0.143606819434654,6.55,0.0,-0.0363291139240505,0.031204281388995,0.0188159406003922
Yorkshire and The Humber,2024-07-01,197976.0,146928.37668161435,146222.4739709473,197024.84408169938,0.004815978350167782,-0.13403114918329215,0.1436631058836277,6.55,0.0,0.1451905626134302,0.0312347361045211,0.0022497448791458
Yorkshire and The Humber,2024-08-01,201974.0,149337.4400595681,147583.35776454172,199601.6611055182,0.011815290231034226,-0.1270318373024257,0.15066241776449416,6.55,0.0,0.1016056196688408,0.0288311181668665,0.0162632091841015
Yorkshire and The Humber,2024-09-01,198849.0,147136.40611028316,147653.61773028283,199547.99093055344,-0.0035090207190400236,-0.14235614825249995,0.1353381068144199,6.55,0.0,0.0259406703480158,0.0281329358003457,-0.0148483545293078
Yorkshire and The Humber,2024-10-01,199913.0,147047.11777777778,148400.83440073798,201753.40024269515,-0.009163888843168877,-0.1480110163766288,0.12968323869029105,6.55,0.0,0.2412706747177737,0.0343844276877112,-0.000607024717544
Yorkshire and The Humber,2024-11-01,201710.0,148259.08956328646,149129.59504353677,202894.34330696694,-0.005854344913370113,-0.14470147244683004,0.13299278262008982,6.3,0.0,0.2058147396889791,0.0282547421903025,0.0082082838774262
Yorkshire and The Humber,2024-12-01,201791.0,147771.7278761062,136976.58480725257,187049.59617183733,0.07585870645228532,-0.06298842108117461,0.21470583398574525,6.3,0.0,0.1692179237406068,0.0251584229847972,-0.0032926445409096
Yorkshire and The Humber,2025-01-01,200501.0,147043.9387001477,138195.5288483596,188435.79663713888,0.062061886789610554,-0.07678524074384938,0.20090901432307048,6.3,0.0,0.2318381706244503,0.050670030797824,-0.0049372590189946
Yorkshire and The Humber,2025-02-01,201548.0,147159.6794117647,138834.2291056683,190145.57057775315,0.058237626673367515,-0.08060950086009241,0.19708475420682744,6.3,0.0,0.2725228842139071,0.0466504572750388,0.0007868068946983
Yorkshire and The Humber,2025-03-01,208399.0,151604.54725274726,,,,,,6.05,0.0,1.0438931297709924,0.0483722452672681,0.0297572160963124
Yorkshire and The Humber,2025-04-01,194800.0,139968.4515195369,,,,,,6.05,0.0,-0.3213625154130702,0.0500586785164336,-0.0798584169033294
Yorkshire and The Humber,2025-05-01,201146.0,144319.34826589594,,,,,,6.05,0.0,-0.1416237113402062,0.041040922708472,0.0306114894821707
Yorkshire and The Humber,2025-06-01,201490.0,144045.7667386609,,,,,,5.8,0.0,0.0572704584263759,0.0426512445011919,-0.0018974667536593
Yorkshire and The Humber,2025-07-01,204361.0,145993.14604316547,,,,,,5.8,0.0,0.0415701572595392,0.0404497523347155,0.0134286020420617
Yorkshire and The Humber,2025-08-01,206107.0,146923.36755204594,,,,,,5.8,0.0,-0.0019357777271692,0.0373752738043267,0.0063514659835473
Yorkshire and The Humber,2025-09-01,206581.0,147261.2584350323,,,,,,5.55,0.0,0.0836149705845537,0.03900939669504,0.0022971358916912
Yorkshire and The Humber,2025-10-01,206401.0,146606.71888412017,150606.51671703096,212032.13531763272,-0.026916966314704638,-0.16576409384816457,0.11193016121875529,5.55,0.0,0.0487521150592216,0.0382357485962348,-0.0044546577634747
Yorkshire and The Humber,2025-11-01,209601.0,149199.85161290324,150227.419322786,211044.56188850602,-0.006863581534314989,-0.14571070906777492,0.13198354599914494,5.55,0.0,0.0487521150592216,0.040689508016908,0.0153848448709612
Yorkshire and The Humber,2025-12-01,207438.0,147027.79014989294,150985.7550417946,213022.19820096093,-0.026563877343283693,-0.16541100487674362,0.11228325019017624,5.55,0.0,0.0487521150592216,0.0437000888955361,0.0050116212849448
Yorkshire and The Humber,2026-01-01,206470.0,146971.1182795699,150619.39381647078,211595.22092041967,-0.024519990890050636,-0.16336711842351057,0.1143271366434093,5.55,0.0,0.0487521150592216,-0.0321199143468949,0.0003342448398767
